id,doi,title,abstract,west,east,south,north,start,campaigns,basis,method,n_points,query,hr_raw_only,hr_platform,setting,depth_min_m,depth_max_m,hr_res_m,title_mentions_ship,bbox_deg2,lon,lat
956871,10.1594/PANGAEA.956871,"Multibeam bathymetry processed data (Kongsberg EM 2040MKII working area dataset) of AUV HUGIN SUPERIOR during cruise with HANDIN TIDE in 2022, Hatiba Mons volcano, Red Sea","This zip file contains a processed high-resolution (2m) bathymetry grid from the summit of the Hatiba Mons volcano in the Red Sea rift. The data were collected in February 2022 with a 6000m rated Hugin Superior AUV provided by FUGRO. The AUV carried a Kongsberg EM2040 Mk2 multibeam echosounder set to 200 kHz. USBL navigation data were post-processed in NavLab. The bathymetry data were post-processed, merged with the corrected navigation, gridded, and interpolated in QPS Qimera. Multibeam backscatter data (1m) were mosaiced in QPS FMGT from the raw data and cleaned Qimera GSF exports (both mosaics are provided). All files' coordinate reference system (CRS) is EPSG:32637 - WGS 84 / UTM zone 37N.",37.86,37.86,22.27,22.27,2022-02-01T00:00:00.000Z,HT_02-2022,OSS Handin Tide,"Multibeam echosounder, Kongsberg Maritime, EM 2040; mounted on Autonomous Underwater Vehicle (AUV), Kongsberg, Hugin Superior",45.0,"""AUV"" bathymetry",False,AUV,volcanic_or_seamount,,,,False,0.0,37.86,22.27
892662,10.1594/PANGAEA.892662,Grid files from two AUV missions in the DISCOL area during the SONNE cruise SO242/1,"The zip file contains grid files in UTM 16S resulted from AUV mutlibeam data processing and a table with descriptions of these grid files. AUV bathymetry data resulted from interpolation of multibeam depth measurements using the IDW algorithm in SAGA GIS. The AUV bathymetric derivatives (Bathymetric Position Index, Concavity, LS factor, and Terrain Ruggedness Index were calculated in SAGA GIS. The slope derivative was calculated in ArcMap. The AUV backscatter statistics (10th quantile, 90th quantile, mean and mode) were calculated in FMGT Geocoder. The Bayesian classification map was created in SAGA GIS using data from Bayesian classification in Matlab. The ISODATA classification map was created in SAGA GIS using the the AUV backscatter statistics and the Random Forest predictive map was created using the MGET toolbox in ArcMap and the AUV bathymetry, bathymetric derivatives and backscatter statistics data.",-88.50569999999999,-88.46096667,-7.0975,-7.072633333,2015-08-05T07:48:00.000Z,SO242/1,Sonne_2,Autonomous underwater vehicle,,"""AUV"" bathymetry",False,AUV,abyssal_plain,,,,False,0.0011123688209107665,-88.483333335,-7.0850666664999995
905580,10.1594/PANGAEA.905580,Merged and geo-referenced bathymetric raster from AUV MBES surveys during SONNE cruise SO242/1,"This dataset is a bathymetric raster (GeoTIFF, UTM 16S) with a 2 x 2 m resolution merged from three different AUV MBES surveys (Abyss192 - SO242/1_047-1; Abyss193 - SO242/1_060-1; Abyss194 - SO242/1_069-1) conducted during cruise SO242_1 with the German RV SONNE. It includes the entire DEA in the center and extends towards a mountain area NE of the DEA. The provided raster is corrected for lateral and vertical offsets based on the ship-acquired MBES (Kongsberg EM122 mounted in RV SONNE) dataset (https://doi.pangaea.de/10.1594/PANGAEA.905579) as reference layer.",-88.50569999999999,-88.46096667,-7.0975,-7.072633333,2015-08-05T07:48:00.000Z,SO242/1,Sonne_2,Autonomous underwater vehicle,,"""AUV"" bathymetry",False,AUV,unknown,,,2.0,False,0.0011123688209107665,-88.483333335,-7.0850666664999995
958275,10.1594/PANGAEA.958275,"Multibeam bathymetry processed data (Reson SeaBat 7125 working area dataset) of AUV ABYSS during cruise with RV POSEIDON POS510, Kolumbo Seamount","Swath sonar bathymetry data of the AUV ABYSS (GEOMAR) was recorded during RV POSEIDON cruise POS510 in March 2017 for the project ""ANYDROS: Rifting and Hydrothermal Activity in the Cyclades Back-arc Basin"". Chief Scientist was Prof. Mark Hannington from GEOMAR Helmholtz Centre for Ocean Research Kiel. The cruise took place between 2017-03-06 and 2017-03-29 in the Mediterranean Sea near Santorini, Greece. The cruise report is available under the following url: https://oceanrep.geomar.de/id/eprint/44466 The data was acquired during seven AUV dives at Kolumbo Seamount (NE of Santorini Island) by AUV ABYSS using a Kongsberg RESON Seabat 7125 Multibeam system run with a frequency of 200 kHz. Data were manually edited for false measurements in the software Qimera. No further artificial sound velocity profiles were used during processing. The data of the individual dives was combined, gridded at 2m resolution and the midpoints exported as txt-file with Latitude and Longitude provided in WGS84 datum and depth with negative values.",25.38382667,25.49384167,36.42771667,36.53285833,2017-03-09T14:26:00.000Z,POS510,Poseidon,Autonomous underwater vehicle;Extracted from file,21.0,"""AUV"" bathymetry",False,AUV,hydrothermal_vent,,,2.0,True,0.011567159724899807,25.43883417,36.4802875
915765,10.1594/PANGAEA.915765,"Processed AUV multibeam swath bathymetry collected during SONNE cruise SO268/1 inside the German License Area in Clarion Clipperton Zone, Pacific",The processed dataset is delivered in .GeoTIFF raster format projected in UTM11N coordinate system. The data acquisition was part of the international project JPI Oceans - MiningImpact Environmental Impacts and Risks of Deep-Sea Mining.,-117.02205,-117.02205,11.9106,11.9106,2019-02-28T10:52:55.000Z,SO268/1,Sonne_2,Autonomous underwater vehicle,,"""AUV"" bathymetry",False,AUV,abyssal_plain,,,,False,0.0,-117.02205,11.9106
884112,10.1594/PANGAEA.884112,AUV MARUM-SEAL Dive 71-73: High resolution bathymetry and backscatter of Venere Mud Vulcano,"Submarine mud volcanoes develop through the extrusion of methane-rich fluids and sediments onto the seafloor. The morphology of a mud volcano can record its extrusive history and processes of erosion and deformation affecting it. The study of offshore mud-volcano dynamics is limited because only few have been mapped at resolutions that reveal their detailed surface structures. More importantly, rates and volumes of extruded sediment and methane are poorly constrained. The 100 m high twin cones of Venere mud volcano are situated at ~1600 m water depth within Squillace Canyon along the Ionian Calabrian margin, Mediterranean Sea. Seafloor bathymetry, and backscatter data obtained by a ship-based system and an autonomous underwater vehicle (AUV) allow mapping of mudflow deposits of the mud volcano and bedforms in the surrounding canyon. Repeated surveying by AUV document active mud movement at the western summit in between 2014 and 2016. Through sediment coring and tephrochronology, ages of buried mudflow deposits are determined based on the sedimentation rate and the thickness of overlying hemipelagic sediments. An average extrusion rate of 27000 m^3/year over the last ~882 years is estimated. These results support a three-stage evolutionary model of Venere mud volcano since ~4000 years ago. It includes the onset of quiescence at the eastern cone (after ~2200 years ago), erosive events in Squillace Canyon (prior to ~882 years ago), and mudflows from the eastern cone (since ~882 ",16.43975,17.63173,38.03051,38.2937,,,,,,"""AUV"" bathymetry",False,AUV,hydrothermal_vent,1600.0,1600.0,,False,0.31371721620000215,17.03574,38.162105
983434,10.1594/PANGAEA.983434,Multibeam bathymetry raw data (Kongsberg EM 2040 entire dataset) of RV MARUM-SEAL during cruise POS500,"Raw bathymetry data were collected using the Kongsberg EM2040 multibeam echosounder installed on the MARUM AUV SEAL during the RV POSEIDON cruise POS500 Ligurian Slope AUV mapping, gravity coring and seismic reflection (LISA). The cruise took place between 2016-05-25 and 2016-06-09 (Catania, Italy - Malaga, Spain), aiming to investigate the controls of slope failure and submarine landslide processes off the Nice International Airport focusing on the 1979 landslide and resulting tsunami. The high-resolution AUV echosounder data were complemented by the ship's bathymetry, multi-channel seismic survey and gravity coring. No sound velocity profiles (SVP) were collected during the cruise. Data are unprocessed and contain incorrect depth measurements (artifacts). Data can be processed e.g. with the open source software package MB-System (Caress, D. W., and D. N. Chayes, MB-System: Mapping the Seafloor, http://www.mbari.org/products/research-software/mb-system/, 2022).",7.2070533,7.240955,43.63858165,43.6570183,2016-05-29T06:32:47.000Z,POS500,Poseidon,Autonomous underwater vehicle MARUM SEAL;Extracted from file;Extracted with MB-System,594.0,"""AUV"" bathymetry",True,MARUM-SEAL,continental_margin,,,,True,0.0006250337773049283,7.22400415,43.647799975
941403,10.1594/PANGAEA.941403,"Multibeam bathymetry processed data (Reson SeaBat T50-S working area dataset) of AUV ABYSS during cruise AL532, East Sicily continental margin",The data comprise two bathymetric grids acquired with a 200 kHz multibeam echosounder carried by the Autonomous Underwater Vehicle (AUV) ABYSS. The data was collected during research cruise AL532 with RV ALKOR in January 2020. Both grids are fully processed and each cover an area about 2.5 x 2.5 km of the seafloor with a grid spacing of 2m.,15.251,15.331,37.501,37.549,2020-01-29T16:43:00.000Z,AL532,Alkor (1990),Autonomous underwater vehicle,20.0,"""AUV"" bathymetry",False,AUV,continental_margin,,,,False,0.003840000000000149,15.291,37.525
889769,10.1594/PANGAEA.889769,AUV MARUM-SEAL Dive 70: RAW-Data of High Resolution Bathymetry and Backscatter of Chapopote Asphalt Volcano,"Purpose of the cruise M114 At the so-called asphalt volcanoes in the southern Gulf of Mexico heavy oil is seeping at the seafloor where it remains as asphalt deposits. Discovered and preliminarily surveyed during SO174 and M67/2 expeditions, these sites are subject for detail studies during M114 focusing on mapping with autonomous underwater vehicle (AUV MARUM-SEAL), deep-towed sidescan sonar (DTS-1), sediment echosounder (Parasound), multibeam echosounder (EM122), and remotely operated vehicle MARUM-ROV Quest. The overarching objective is to better understand the impact, fate, and decay rates of oil in the deep-sea environment. Heavy oil and gas bubbles are emitted from the 1200 to 2900 m deep seafloor in the hy-drocarbon province Campeche Knolls in the southern Gulf of Mexico. The viscous heavy oil flows across the seafloor, loses volatile compounds, solidifies, and is converted to asphalt with time. Due to the fact that the heavy oil remains at the seafloor, these sites are natural laboratories to study the impact of oil on deep-sea ecosystems, and the time scales of oil and asphalt degradation. These subjects are very timely, and can help understanding effects of deep water oil spills as caused by the 2010 Deepwater Horizon accident in the northern Gulf of Mexico. We propose to study the extent of oil emissions and asphalt deposits using sidescan sonar and to investigate them further employing ROV Quest. A further major topic of the proposed cruise addresses the question ",-93.454,-93.452,21.907,21.91,2015-02-25T02:20:00.000Z,M114/1,Meteor (1986),Autonomous underwater vehicle MARUM SEAL,104.0,"""AUV"" bathymetry",True,AUV,volcanic_or_seamount,1200.0,2900.0,,False,5.9999999999862435e-06,-93.453,21.9085
889317,10.1594/PANGAEA.889317,AUV MARUM-SEAL Dive 70: High Resolution Bathymetry and Backscatter of Chapopote Asphalt Volcano,"Abstract &amp; Purpose of the cruise M114 At the so-called asphalt volcanoes in the southern Gulf of Mexico heavy oil is seeping at the seafloor where it remains as asphalt deposits. Discovered and preliminarily surveyed during SO174 and M67/2 expeditions, these sites are subject for detail studies during M114 focusing on mapping with autonomous underwater vehicle (AUV MARUM-SEAL), deep-towed sidescan sonar (DTS-1), sediment echosounder (Parasound), multibeam echosounder (EM122), and remotely operated vehicle MARUM-ROV Quest. The overarching objective is to better understand the impact, fate, and decay rates of oil in the deep-sea environment. Heavy oil and gas bubbles are emitted from the 1200 to 2900 m deep seafloor in the hy-drocarbon province Campeche Knolls in the southern Gulf of Mexico. The viscous heavy oil flows across the seafloor, loses volatile compounds, solidifies, and is converted to asphalt with time. Due to the fact that the heavy oil remains at the seafloor, these sites are natural laboratories to study the impact of oil on deep-sea ecosystems, and the time scales of oil and asphalt degradation. These subjects are very timely, and can help understanding effects of deep water oil spills as caused by the 2010 Deepwater Horizon accident in the northern Gulf of Mexico. We propose to study the extent of oil emissions and asphalt deposits using sidescan sonar and to investigate them further employing ROV Quest. A further major topic of the proposed cruise addresse",-93.454,-93.452,21.907,21.91,2015-02-25T02:20:00.000Z,M114/1,Meteor (1986),Autonomous underwater vehicle MARUM SEAL,36.0,"""AUV"" bathymetry",False,AUV,volcanic_or_seamount,1200.0,2900.0,,False,5.9999999999862435e-06,-93.453,21.9085
899415,10.1594/PANGAEA.899415,"Bathymetric data products from AUV dives during METEOR cruise M127 (TAG Hydrothermal Field, Atlantic)","Combined edited multibeam data covering the TAG hydrothermal Field at 26°N, Mid-Atlantic Ridge at 2m resolution with two additional datasets covering small subareas, the Mir and Three Mounds area, in 0.5 m resolution. Multibeam data was acquired with a RESON Sebat 7125 system at either 200 kHz (2m resolution) or 400 kHz (o.5 m resolution). The datasets include Geotifs as well as gridded xyz-data. Combined magnetic anomaly data of the larger area was gridded at 10 m resolution and is given as a Geotif.",-44.82517,-44.818,26.12833,26.13833,2016-05-31T10:04:00.000Z,M127,Meteor (1986),Autonomous underwater vehicle,39.0,"""AUV"" bathymetry",False,AUV,hydrothermal_vent,,,2.0,False,7.17000000000324e-05,-44.821585,26.13333
