id,doi,title,campaigns,basis,hr_platform,hr_raw_only,setting,depth_min_m,depth_max_m,hr_res_m,bbox_deg2,lon,lat,title_mentions_ship,start,basin,lr_options,n_lr_pangaea,n_lr_ncei,lr_cruises_all,status,best_lr,best_lr_kind,best_lr_sonar,near_corpus_pairs,joins_existing_units,near_r01_candidates,near_h1,shares_lockbox
956871,10.1594/PANGAEA.956871,"Multibeam bathymetry processed data (Kongsberg EM 2040MKII working area dataset) of AUV HUGIN SUPERIOR during cruise with HANDIN TIDE in 2022, Hatiba Mons volcano, Red Sea",HT_02-2022,OSS Handin Tide,AUV,False,volcanic_or_seamount,,,,0.0,37.86,22.27,False,2022-02-01T00:00:00.000Z,Indian,,0,0,,no_independent_ship_lr,,,,,,,,False
892662,10.1594/PANGAEA.892662,Grid files from two AUV missions in the DISCOL area during the SONNE cruise SO242/1,SO242/1,Sonne_2,AUV,False,abyssal_plain,,,,0.0011123688209107665,-88.483333335,-7.0850666664999995,False,2015-08-05T07:48:00.000Z,Pacific,PANGAEA:859528|pangaea_raw_swath|EM122|same_cruise|SO242/1 || PANGAEA:820002|pangaea_raw_swath|nan|other|SO79,2,0,SO242/1,candidate,PANGAEA:859528,pangaea_raw_swath,EM122,discol_so242_1,lu02,,,False
905580,10.1594/PANGAEA.905580,Merged and geo-referenced bathymetric raster from AUV MBES surveys during SONNE cruise SO242/1,SO242/1,Sonne_2,AUV,False,unknown,,,2.0,0.0011123688209107665,-88.483333335,-7.0850666664999995,False,2015-08-05T07:48:00.000Z,Pacific,PANGAEA:859528|pangaea_raw_swath|EM122|same_cruise|SO242/1 || PANGAEA:820002|pangaea_raw_swath|nan|other|SO79,2,0,SO242/1,in_corpus,PANGAEA:859528,pangaea_raw_swath,EM122,discol_so242_1,lu02,,,False
958275,10.1594/PANGAEA.958275,"Multibeam bathymetry processed data (Reson SeaBat 7125 working area dataset) of AUV ABYSS during cruise with RV POSEIDON POS510, Kolumbo Seamount",POS510,Poseidon,AUV,False,hydrothermal_vent,,,2.0,0.011567159724899807,25.43883417,36.4802875,True,2017-03-09T14:26:00.000Z,Mediterranean,PANGAEA:994139|pangaea_raw_swath|EM710|other|M215 || PANGAEA:993972|pangaea_raw_swath|EM122|other|M215 || PANGAEA:981058|pangaea_raw_swath|EM712|other|MSM132 || PANGAEA:981059|pangaea_raw_swath|EM712|other|MSM132 || PANGAEA:993973|pangaea_raw_swath|EM710|other|M215 || PANGAEA:895437|pangaea_raw_swath|EM122|other|M143,7,0,M215;MSM132,candidate,PANGAEA:994139,pangaea_raw_swath,EM710,,,,,False
915765,10.1594/PANGAEA.915765,"Processed AUV multibeam swath bathymetry collected during SONNE cruise SO268/1 inside the German License Area in Clarion Clipperton Zone, Pacific",SO268/1,Sonne_2,AUV,False,abyssal_plain,,,,0.0,-117.02205,11.9106,False,2019-02-28T10:52:55.000Z,Pacific,PANGAEA:919755|pangaea_raw_swath|EM122|same_cruise|SO268/1;SO268/2 || PANGAEA:919757|pangaea_raw_swath|EM122|same_cruise|SO268/1;SO268/2 || PANGAEA:915764|pangaea_processed_grid|EM122|same_cruise|SO268/1 || PANGAEA:914390|pangaea_processed_grid|EM122|same_cruise|SO268/1;SO268/2 || PANGAEA:965805|pangaea_raw_swath|EM122|other|SO295,5,0,SO268/1;SO268/2,in_corpus,PANGAEA:919755,pangaea_raw_swath,EM122,ccz_so268_1,lu06,,,False
884112,10.1594/PANGAEA.884112,AUV MARUM-SEAL Dive 71-73: High resolution bathymetry and backscatter of Venere Mud Vulcano,,,AUV,False,hydrothermal_vent,1600.0,1600.0,,0.31371721620000215,17.03574,38.162105,False,,Mediterranean,PANGAEA:892317|pangaea_raw_swath|EM122|other|M112/1 || PANGAEA:891656|pangaea_processed_grid|EM122|other|M112/1,2,0,M112/1,candidate,PANGAEA:892317,pangaea_raw_swath,EM122,,,,,False
983434,10.1594/PANGAEA.983434,Multibeam bathymetry raw data (Kongsberg EM 2040 entire dataset) of RV MARUM-SEAL during cruise POS500,POS500,Poseidon,MARUM-SEAL,True,continental_margin,,,,0.0006250337773049283,7.22400415,43.647799975,True,2016-05-29T06:32:47.000Z,Mediterranean,PANGAEA:980088|pangaea_raw_swath|EM710|other|M73/1,1,0,M73/1,hr_raw_only,PANGAEA:980088,pangaea_raw_swath,EM710,,,,,False
941403,10.1594/PANGAEA.941403,"Multibeam bathymetry processed data (Reson SeaBat T50-S working area dataset) of AUV ABYSS during cruise AL532, East Sicily continental margin",AL532,Alkor (1990),AUV,False,continental_margin,,,,0.003840000000000149,15.291,37.525,False,2020-01-29T16:43:00.000Z,Mediterranean,PANGAEA:922750|pangaea_raw_swath|SEABEAM1050|same_cruise|AL532 || PANGAEA:952399|pangaea_raw_swath|EM122|other|SO277 || PANGAEA:952403|pangaea_raw_swath|EM710|other|SO277 || PANGAEA:965769|pangaea_raw_swath|EM710|other|M191,4,0,AL532;SO277,candidate,PANGAEA:922750,pangaea_raw_swath,SEABEAM1050,,,,,False
889769,10.1594/PANGAEA.889769,AUV MARUM-SEAL Dive 70: RAW-Data of High Resolution Bathymetry and Backscatter of Chapopote Asphalt Volcano,M114/1,Meteor (1986),AUV,True,volcanic_or_seamount,1200.0,2900.0,,5.9999999999862435e-06,-93.453,21.9085,False,2015-02-25T02:20:00.000Z,Gulf of Mexico/Caribbean,PANGAEA:864677|pangaea_raw_swath|nan|same_cruise|M114/1 || PANGAEA:900987|pangaea_processed_grid|EM122|same_cruise|M114/1 || PANGAEA:864652|pangaea_raw_swath|nan|other|M114/2,3,0,M114/1,hr_raw_only,PANGAEA:864677,pangaea_raw_swath,,,,,,False
889317,10.1594/PANGAEA.889317,AUV MARUM-SEAL Dive 70: High Resolution Bathymetry and Backscatter of Chapopote Asphalt Volcano,M114/1,Meteor (1986),AUV,False,volcanic_or_seamount,1200.0,2900.0,,5.9999999999862435e-06,-93.453,21.9085,False,2015-02-25T02:20:00.000Z,Gulf of Mexico/Caribbean,PANGAEA:864677|pangaea_raw_swath|nan|same_cruise|M114/1 || PANGAEA:900987|pangaea_processed_grid|EM122|same_cruise|M114/1 || PANGAEA:864652|pangaea_raw_swath|nan|other|M114/2,3,0,M114/1,candidate,PANGAEA:864677,pangaea_raw_swath,,,,,,False
899415,10.1594/PANGAEA.899415,"Bathymetric data products from AUV dives during METEOR cruise M127 (TAG Hydrothermal Field, Atlantic)",M127,Meteor (1986),AUV,False,hydrothermal_vent,,,2.0,7.17000000000324e-05,-44.821585,26.13333,False,2016-05-31T10:04:00.000Z,Atlantic,PANGAEA:864817|pangaea_processed_grid|EM122|same_cruise|M127 || PANGAEA:899408|pangaea_processed_grid|EM122|same_cruise|M127 || PANGAEA:868686|pangaea_processed_grid|EM122|same_cruise|M127 || PANGAEA:912366|pangaea_raw_swath|EM122|other| || NCEI:AII4L2|ncei_raw|SeaBeam|Atlantis II || NCEI:RC2909|ncei_raw|SeaBeam|Robert D. Conrad || NCEI:EW9208|ncei_raw|Atlas Hydrosweep DS|Maurice Ewing || NCEI:AT05L04|ncei_raw|SeaBeam 2112|Atlantis || NCEI:AT07L36|ncei_raw|SeaBeam 2112|Atlantis || NCEI:EW0309|ncei_raw|Atlas Hydrosweep DS-2|Maurice Ewing || NCEI:KN176L04|ncei_raw|SeaBeam 2112|Knorr || NCEI:KN180L01|ncei_raw|SeaBeam 2112|Knorr,4,13,AII4L2;AT05L04;AT07L36;EW0309;EW9208;EX2206;KN176L04;KN180L01;KN204-01;KN207-02;KN209-02;LEVE_SMF;M127;RC2909,in_corpus,PANGAEA:864817,pangaea_processed_grid,EM122,tag_m127,lu09,,,False
