hr_id,declared_native_m,measured_finest_cell_m,crs,ratio,verdict,n_grid_files,resolution,native_res_verification_needed
MGDS:17700,2.560451774672397,1.9805511731339875,(inferred geographic from coord ranges) [gmt_classic],0.773516296118248,ok,32,ok,False
MGDS:18210,0.9991557798352941,0.9928544663363217,metadata=geographic [gmt_v6],0.9936933623103185,ok,34,ok,False
MGDS:20811,0.9408837055641691,0.4960748563583828,(inferred geographic from coord ranges) [gmt_classic],0.5272435407529226,ok,34,ok,False
MGDS:20815,0.7993866996368936,0.4962680950859626,(inferred geographic from coord ranges) [esri_asc],0.6208110484092155,ok,10,ok,False
MGDS:20836,,,,,fetch_failed_escalate,0,escalated_recover_or_drop,False
MGDS:21415,4.11695117961282,0.9922243485012561,metadata=geographic [gmt_v6],0.24100950077201794,flag_mismatch,24,ok_finer_verify,True
MGDS:21454,1.378009514248073,0.49551315625693043,(inferred geographic from coord ranges) [gmt_classic],0.35958616477863214,flag_mismatch,88,ok_finer_verify,True
MGDS:21462,2.0192808462984058,0.9910175535248701,(inferred geographic from coord ranges) [gmt_classic],0.4907774742386772,flag_mismatch,50,ok_finer_verify,True
MGDS:21847,4.998603595627189,4.957605673936637,(inferred geographic from coord ranges) [gmt_classic],0.9917981250350765,ok,2,ok,False
MGDS:21981,0.9983208386243612,0.9914332209479885,metadata=geographic [gmt_v6],0.9931007974491812,ok,6,ok,False
MGDS:21986,,0.9914616951931416,EPSG:4326,,ok,7,ok,False
MGDS:21996,0.9982531886287935,0.9912588888584383,metadata=geographic [gmt_v6],0.9929934611278701,ok,4,ok,False
MGDS:21998,1.140695369909213,0.9912796963144717,metadata=geographic [gmt_v6],0.8690135179503418,ok,14,ok,False
MGDS:22436,1.9997336226821447,1.9851831805095654,(inferred geographic from coord ranges) [gmt_classic],0.9927238098076966,ok,14,ok,False
MGDS:24002,1.9993171815656368,1.9848318943516374,metadata=geographic [gmt_v6],0.9927548828432234,ok,4,ok,False
MGDS:24367,1.9989507459447518,1.9855360956575772,(inferred geographic from coord ranges) [esri_asc],0.9932891541653096,ok,16,ok,False
MGDS:24425,,,,,fetch_failed_escalate,0,escalated_recover_or_drop,False
MGDS:24467,0.48168361881991967,0.09910467494961438,(inferred geographic from coord ranges) [gmt_classic],0.20574640921443763,flag_mismatch,44,ok_finer_verify,True
MGDS:24470,0.5240616408693941,0.09915857701475252,(inferred geographic from coord ranges) [esri_asc],0.18921166763942693,flag_mismatch,8,ok_finer_verify,True
MGDS:24485,,1.3074072316848546,EPSG:4326,,ok,4,ok,False
MGDS:24489,1.0132424138103264,0.993078557864777,(inferred geographic from coord ranges) [esri_asc],0.9800996724271315,ok,8,ok,False
MGDS:24499,1.0122221218096827,0.9927098059160063,(inferred geographic from coord ranges) [gmt_v6],0.9807232864474532,ok,8,ok,False
MGDS:24620,,0.9927543334923735,EPSG:4326,,ok,2,ok,False
MGDS:24756,1.0,0.9996300406955235,metadata=projected [gmt_v6],0.9996300406955235,ok,42,ok,False
MGDS:27339,1.0,1.0,metadata=projected [esri_asc],1.0,ok,2,ok,False
MGDS:27340,,0.9917699827691326,EPSG:4326,,ok,7,ok,False
MGDS:29694,,0.9924965526821119,EPSG:4326,,ok,5,ok,False
MGDS:29779,0.9991199891923315,0.9921101424961043,(inferred geographic from coord ranges) [gmt_v6],0.99298397912958,ok,22,ok,False
MGDS:30045,,0.9903318783527967,EPSG:4326,,ok,5,ok,False
MGDS:30217,,0.9915847958468349,EPSG:4326,,ok,4,ok,False
MGDS:30219,0.9982753165159745,0.9915849111705987,(inferred geographic from coord ranges) [esri_asc],0.9932980358878094,ok,4,ok,False
MGDS:30270,,4.0,EPSG:32608,,ok,1,ok,False
MGDS:30272,4.0,,,,fetch_failed_escalate,0,escalated_recover_or_drop,False
MGDS:30369,0.9985685328986791,0.9918710320813326,(inferred geographic from coord ranges) [esri_asc],0.9932928981870631,ok,4,ok,False
MGDS:30373,0.9999320427000511,0.9931122282815018,(inferred geographic from coord ranges) [gmt_classic],0.9931797220937794,ok,2,ok,False
MGDS:30466,0.9995200258673382,0.9928192106611894,(inferred geographic from coord ranges) [esri_asc],0.9932959670314417,ok,2,ok,False
MGDS:30467,,0.9928192401442165,EPSG:4326,,ok,1,ok,False
MGDS:31059,0.9997773041860054,0.991219216488519,(inferred geographic from coord ranges) [gmt_classic],0.9914400060276881,ok,22,ok,False
MGDS:31073,0.9995097628190012,0.9883480757096788,(inferred geographic from coord ranges) [gmt_classic],0.9888328383328221,ok,82,ok,False
MGDS:31181,0.9998706244687567,0.9927044329047626,(inferred geographic from coord ranges) [gmt_classic],0.9928328811862018,ok,32,ok,False
MGDS:31188,0.9982742766536704,0.9913003164793486,(inferred geographic from coord ranges) [gmt_classic],0.9930139838945872,ok,28,ok,False
MGDS:31193,1.0765711776273041,0.9912355253474141,(inferred geographic from coord ranges) [gmt_classic],0.920733850159388,ok,64,ok,False
MGDS:31199,1.0000388800550242,0.9923567966964572,(inferred geographic from coord ranges) [gmt_classic],0.9923182153096445,ok,42,ok,False
MGDS:31212,0.9992157608026287,0.9920489627694534,(inferred geographic from coord ranges) [gmt_classic],0.9928275770716242,ok,8,ok,False
MGDS:31253,0.6239641860455681,0.2478828685803217,(inferred geographic from coord ranges) [gmt_classic],0.3972709878611828,flag_mismatch,4,ok_finer_verify,True
MGDS:31254,0.540975715305519,0.2149252268957566,(inferred geographic from coord ranges) [esri_asc],0.39729182071394165,flag_mismatch,4,ok_finer_verify,True
MGDS:31255,0.5327510583218268,0.2116732973254224,EPSG:4326,0.3973212141374176,flag_mismatch,4,ok_finer_verify,True
MGDS:31256,,0.20199321912548948,EPSG:4326,,ok,2,ok,False
MGDS:31290,1.0,1.0,metadata=projected [esri_asc],1.0,ok,2,ok,False
MGDS:31291,,1.0,EPSG:32610,,ok,1,ok,False
MGDS:31321,0.5717333025035013,0.2478903004829613,(inferred geographic from coord ranges) [gmt_classic],0.43357680827319517,flag_mismatch,104,ok_finer_verify,True
MGDS:31425,3.4987868168926224,1.9817971961884706,metadata=geographic [gmt_v6],0.5664241063845565,ok,4,ok,False
MGDS:31427,,1.985908695950129,EPSG:4326,,ok,5,ok,False
MGDS:31430,,1.9859183473710527,EPSG:4326,,ok,8,ok,False
MGDS:31675,0.9991914031958038,0.9911464836298362,(inferred geographic from coord ranges) [gmt_classic],0.9919485700735245,ok,50,ok,False
MGDS:31753,1.9940287582950917,1.9803489198896538,metadata=geographic [gmt_v6],0.9931395982387263,ok,6,ok,False
MGDS:31755,,1.9806632187024764,EPSG:4326,,ok,3,ok,False
MGDS:31811,1.999070653630909,1.9853442773493666,(inferred geographic from coord ranges) [gmt_classic],0.9931336212371428,ok,22,ok,False
MGDS:31813,0.8690544770855743,0.49576943716828603,(inferred geographic from coord ranges) [gmt_classic],0.5704699190215075,ok,92,ok,False
MGDS:31814,0.885750659710958,0.4962757949740398,(inferred geographic from coord ranges) [esri_asc],0.5602883718268826,ok,44,ok,False
MGDS:31824,0.9996536170385556,0.9925846802897744,(inferred geographic from coord ranges) [gmt_classic],0.9929286138435405,ok,22,ok,False
MGDS:31831,0.9990943799759235,0.9912297024975246,(inferred geographic from coord ranges) [gmt_classic],0.9921281936561505,ok,16,ok,False
MGDS:31838,0.9990278981460045,0.9921390561673527,(inferred geographic from coord ranges) [gmt_classic],0.9931044548491227,ok,4,ok,False
MGDS:31860,1.0915751445057353,0.49568091786853274,(inferred geographic from coord ranges) [gmt_classic],0.45409692622945974,flag_mismatch,32,ok_finer_verify,True
MGDS:31949,0.9989686642661776,0.9922511464671172,(inferred geographic from coord ranges) [esri_asc],0.9932755470323036,ok,14,ok,False
MGDS:32007,0.9998451484323887,0.9890215838413464,(inferred geographic from coord ranges) [gmt_classic],0.9891747591034351,ok,20,ok,False
MGDS:32240,0.7853340263896776,0.49644744724776063,(inferred geographic from coord ranges) [esri_asc],0.6321481440579102,ok,14,ok,False
MGDS:32241,,0.49644743947485903,EPSG:4326,,ok,9,ok,False
MGDS:32321,1.0,0.9922739188752547,EPSG:4326,0.9922739188752547,ok,1,ok,False
MGDS:32556,0.9982770372000775,0.9915058105421227,metadata=geographic [gmt_v6],0.9932170866346416,ok,4,ok,False
MGDS:32558,,0.990168176860051,EPSG:4326,,ok,10,ok,False
MGDS:5174,4.988858284029265,4.9513294866675235,(inferred geographic from coord ranges) [gmt_classic],0.9924774777664298,ok,8,ok,False
MGDS:7832,1.642800881132585,0.9922422191577304,(inferred geographic from coord ranges) [gmt_classic],0.6039942092517357,ok,14,ok,False
MGDS:7833,,1.0,,,ok,5,ok,False
PANGAEA:tag_m127,2.0,,,,manifest_seed_clean,0,manifest_seed_clean,False
MGDS:31600,9.797371968471671,,,,quarantined,0,quarantined,False
MANIFEST:cal_dig_morro_bay__20190511m2_BankTopEofCanyon3,2.0000925831202174,,,,manifest_seed_clean,0,manifest_seed_clean,False
MANIFEST:cal_dig_morro_bay__20190317m2_600mGully,1.0,,,,manifest_seed_clean,0,manifest_seed_clean,False
MANIFEST:cal_dig_morro_bay__20190317m1_1000mGully,1.0,,,,manifest_seed_clean,0,manifest_seed_clean,False
MANIFEST:cal_dig_morro_bay__201804_LuciaChica2m,1.0,,,,manifest_seed_clean,0,manifest_seed_clean,False
MANIFEST:cal_dig_morro_bay__20180427m1_Channel700,2.0002188472865075,,,,manifest_seed_clean,0,manifest_seed_clean,False
MANIFEST:cal_dig_morro_bay__20180427m3_PockmarkNorth,1.0,,,,manifest_seed_clean,0,manifest_seed_clean,False
MANIFEST:cal_dig_morro_bay__20190511m1_6thHeadlessCany,1.9997453773870968,,,,manifest_seed_clean,0,manifest_seed_clean,False
MANIFEST:cal_dig_morro_bay__20190510m2_BankFlankIncipCh,1.9997040816326725,,,,manifest_seed_clean,0,manifest_seed_clean,False
MANIFEST:cal_dig_morro_bay__20190314m4_LuciaChica970m,2.000300227479513,,,,manifest_seed_clean,0,manifest_seed_clean,False
