unit,n_pairs,morphologies,lr_sources,roles,members
48,18,continental_margin,Cal DIG I,train_eligible,cal_dig_morro_bay__20190318m2_Transect601060m;cal_dig_morro_bay__20190510m1_BankFlankHoles;cal_dig_morro_bay__20190510m2_BankFlankIncipCh;cal_dig_morro_bay__20190511m1_6thHeadlessCany;cal_dig_morro_bay__20190511m2_BankTopEofCanyon3;cal_dig_morro_bay__luciachica_2007;cal_dig_morro_bay__pockmark_south;cal_dig_morro_bay__basin_flank;cal_dig_morro_bay__20180426m2_Channel1000;cal_dig_morro_bay__20180427m1_Channel700;cal_dig_morro_bay__20180427m3_PockmarkNorth;cal_dig_morro_bay__20180428m1_Cable;cal_dig_morro_bay__20190314m4_LuciaChica970m;cal_dig_morro_bay__20190315m1_HeadlessCanyon;cal_dig_morro_bay__20190316m1_BankTop;cal_dig_morro_bay__20190317m1_1000mGully;cal_dig_morro_bay__20190317m2_600mGully;cal_dig_morro_bay__201804_LuciaChica2m
22,6,continental_margin;hydrothermal_vent,EW0207;EW9904;TN268;TN383,train_eligible,EW0207__MGDS_32558;EW9904__MGDS_30217;TN268__MGDS_30219;TN268__MGDS_30466;TN268__MGDS_24470;TN383__MGDS_29694
27,4,continental_margin;shelf_slope,SKQ201705S;TN299,train_eligible,SKQ201705S__MGDS_31255;SKQ201705S__MGDS_31254;TN299__MGDS_27339;TN299__MGDS_31256
1,2,continental_margin,AT37-13;AT42-03,train_eligible,AT37-13__MGDS_31199;AT42-03__MGDS_32007
15,2,continental_margin,RC2511,train_eligible,RC2511__MGDS_32241;RC2511__MGDS_32240
8,2,continental_margin,FK171110;KIWI10RR,train_eligible,FK171110__MGDS_24485;KIWI10RR__MGDS_24499
29,2,abyssal_plain;continental_margin,FK181031,train_eligible,FK181031__MGDS_24367;FK181031__MGDS_24620
5,1,continental_margin,FK006B,train_eligible,FK006B__MGDS_20811
11,1,continental_margin,NA076,train_eligible,NA076__MGDS_32321
10,1,continental_margin,MGLN06MV,train_eligible,MGLN06MV__MGDS_17700
9,1,continental_margin,KN204-01,train_eligible,KN204-01__MGDS_31675
6,1,continental_margin,FK160407,train_eligible,FK160407__MGDS_7832
3,1,hydrothermal_vent,EW9801,train_eligible,EW9801__MGDS_31425
16,1,continental_margin,RR1506,train_eligible,RR1506__MGDS_29779
13,1,continental_margin,NA090,eval_only,NA090__MGDS_31212
12,1,seamount,NA080,train_eligible,NA080__MGDS_31290
25,1,continental_margin,AR26,train_eligible,AR26__MGDS_31838
24,1,continental_margin,TN399,train_eligible,TN399__MGDS_30373
19,1,hydrothermal_vent,TN159,eval_only,TN159__MGDS_21981
30,1,continental_margin,KN210-05,train_eligible,KN210-05__MGDS_22436
31,1,shelf_slope,2009_Amundsen,train_eligible,2009_Amundsen__MGDS_30045
40,1,nodule_plain,SO268/1,train_eligible,ccz_so268_1
41,1,abyssal_plain,SO242/1,train_eligible,discol_so242_1
52,1,hydrothermal_vent,M127,train_eligible,tag_m127
