pair_id,site_name,region,cruise_id,vessel,hr_platform,hr_sonar,hr_doi,hr_native_res_m,lr_platform,lr_sonar,lr_doi,lr_native_res_m,res_ratio,depth_min_m,depth_max_m,terrain_class,native_crs_hr,native_crs_lr,target_crs,vertical_datum,footprint_wkt,license,acquisition_date,verification_status,raw_path_hr,raw_path_lr,harmonized_path_hr,harmonized_path_lr,checksum_hr,checksum_lr,notes,horiz_offset_m,vert_offset_m,coreg_peak_psr,coreg_peak_eig_ratio,coreg_peak_agrees,coreg_status,qc_artifact_path,hr_source_type,hr_local_path,hr_superseded_doi,hr_superseded_reason
cal_dig_morro_bay__20190318m2_Transect601060m,Cal DIG I / Morro Bay,Offshore South-Central California,Cal DIG I,NOAA Rainier/Fairweather (+ R/V Sally Ride gap-fill),MBARI-donated AUV,Reson 7125 400 kHz,,1.0296948797210286,NOAA hull,Simrad EM 700 series,10.5066/P9QQZ27U,10.0,5.0,100.0,1600.0,continental_margin,EPSG:32610,EPSG:26910,EPSG:26910,MSL_negative_down,/scratch/groups/hilley/auv_ship_colocated_bathy/harmonized/cal_dig_morro_bay/20190318m2_Transect601060m/footprint.geojson,HR: public_domain_usgs; LR: public_domain_usgs,2016-2019,verified_validated_21,/scratch/groups/hilley/auv_ship_colocated_bathy/user-provided-cal-dig/Transect_60_1060m_Topo1m_interp_converted.tif,/scratch/groups/hilley/auv_ship_colocated_bathy/raw/cal_dig_morro_bay/lr_Cal_DIG_I_Bathymetry_10m_extracted/Cal_DIG_I_Bathymetry_10m.tif,/scratch/groups/hilley/auv_ship_colocated_bathy/harmonized/cal_dig_morro_bay/20190318m2_Transect601060m/hr.tif,/scratch/groups/hilley/auv_ship_colocated_bathy/harmonized/cal_dig_morro_bay/20190318m2_Transect601060m/lr.tif,cb32b25277460f656ccdee976a5e4eb5d77bda9a0373a63e688ad2baed7336fb,dfd2ee80cb690dc77c20d66711c4e065a0f8731ea3bff25d5a5a73407b440f13,"User-provided HR (single warp to 2 m EPSG:26910 with `average` resample; native GSD 1.03 m, native CRS EPSG:32610). Supersedes CMGDS 10.5066/P97QM7NF. Coreg: dx=-36.00 m, dy=-12.00 m, dz=-1.90 m; post-residual MAD=0.49 m.",37.94733192202055,1.9,4.252855510844518,1.8344689514963948,False,needs_review,/scratch/groups/hilley/auv_ship_colocated_bathy/harmonized/cal_dig_morro_bay/20190318m2_Transect601060m/qc/cal_dig_morro_bay__20190318m2_Transect601060m_overlay.png,doi,,,
cal_dig_morro_bay__20190510m1_BankFlankHoles,Cal DIG I / Morro Bay,Offshore South-Central California,Cal DIG I,NOAA Rainier/Fairweather (+ R/V Sally Ride gap-fill),MBARI-donated AUV,Reson 7125 400 kHz,,1.0,NOAA hull,Simrad EM 700 series,10.5066/P9QQZ27U,10.0,5.0,100.0,1600.0,continental_margin,EPSG:32610,EPSG:26910,EPSG:26910,MSL_negative_down,/scratch/groups/hilley/auv_ship_colocated_bathy/harmonized/cal_dig_morro_bay/20190510m1_BankFlankHoles/footprint.geojson,HR: public_domain_usgs; LR: public_domain_usgs,2016-2019,verified_validated_21,/scratch/groups/hilley/auv_ship_colocated_bathy/user-provided-cal-dig/BankFlankHoles_MAUV_Topo1m_UTM_utm.tif,/scratch/groups/hilley/auv_ship_colocated_bathy/raw/cal_dig_morro_bay/lr_Cal_DIG_I_Bathymetry_10m_extracted/Cal_DIG_I_Bathymetry_10m.tif,/scratch/groups/hilley/auv_ship_colocated_bathy/harmonized/cal_dig_morro_bay/20190510m1_BankFlankHoles/hr.tif,/scratch/groups/hilley/auv_ship_colocated_bathy/harmonized/cal_dig_morro_bay/20190510m1_BankFlankHoles/lr.tif,9fd5cb566d158c0b7f9cb7b52d1d7d0b62f0c5f7ddbdb23f12f9a260ba13a565,c2c423def5cf1ba14a9d02a5acf3fcb4293120177c828e9e3c4883b7adbb0195,"User-provided HR (single warp to 2 m EPSG:26910 with `average` resample; native GSD 1.00 m, native CRS EPSG:32610). Supersedes CMGDS 10.5066/P97QM7NF. Coreg: dx=+4.00 m, dy=+6.00 m, dz=-1.80 m; post-residual MAD=0.74 m.",7.211102550927978,1.8,11.779289753822345,1.1621189969182186,True,needs_review,/scratch/groups/hilley/auv_ship_colocated_bathy/harmonized/cal_dig_morro_bay/20190510m1_BankFlankHoles/qc/cal_dig_morro_bay__20190510m1_BankFlankHoles_overlay.png,doi,,,
cal_dig_morro_bay__20190510m2_BankFlankIncipCh,Cal DIG I / Morro Bay,Offshore South-Central California,Cal DIG I,NOAA Rainier/Fairweather (+ R/V Sally Ride gap-fill),MBARI-donated AUV,Reson 7125 400 kHz,,1.9997040816326725,NOAA hull,Simrad EM 700 series,10.5066/P9QQZ27U,10.0,5.0,100.0,1600.0,continental_margin,EPSG:32610,EPSG:26910,EPSG:26910,MSL_negative_down,/scratch/groups/hilley/auv_ship_colocated_bathy/harmonized/cal_dig_morro_bay/20190510m2_BankFlankIncipCh/footprint.geojson,HR: public_domain_usgs; LR: public_domain_usgs,2016-2019,verified_validated_21,/scratch/groups/hilley/auv_ship_colocated_bathy/user-provided-cal-dig/BankFlankIncipCh_2m.tif,/scratch/groups/hilley/auv_ship_colocated_bathy/raw/cal_dig_morro_bay/lr_Cal_DIG_I_Bathymetry_10m_extracted/Cal_DIG_I_Bathymetry_10m.tif,/scratch/groups/hilley/auv_ship_colocated_bathy/harmonized/cal_dig_morro_bay/20190510m2_BankFlankIncipCh/hr.tif,/scratch/groups/hilley/auv_ship_colocated_bathy/harmonized/cal_dig_morro_bay/20190510m2_BankFlankIncipCh/lr.tif,2c7812b67bffafeffcf930a512c9d799d4d3b366a7095dc6d72173b260c313a5,15231f2d39d15efc01e8c1b9d89c1cd7d42e75f369c3081bae66b1b2f1b04b1d,"User-provided HR (single warp to 2 m EPSG:26910 with `cubic` resample; native GSD 2.00 m, native CRS EPSG:32610). Supersedes CMGDS 10.5066/P97QM7NF. Coreg: dx=+42.00 m, dy=-22.00 m, dz=-0.30 m; post-residual MAD=1.48 m. NCC peak ridge orient ~-65 deg (eig_ratio=5.3). NCC peak ridge orient ~-65 deg (eig_ratio=5.3).",47.41307836451879,0.3,9.5037977683073,5.34969788832259,False,needs_review,/scratch/groups/hilley/auv_ship_colocated_bathy/harmonized/cal_dig_morro_bay/20190510m2_BankFlankIncipCh/qc/cal_dig_morro_bay__20190510m2_BankFlankIncipCh_overlay.png,doi,,,
cal_dig_morro_bay__20190511m1_6thHeadlessCany,Cal DIG I / Morro Bay,Offshore South-Central California,Cal DIG I,NOAA Rainier/Fairweather (+ R/V Sally Ride gap-fill),MBARI-donated AUV,Reson 7125 400 kHz,,1.9997453773870968,NOAA hull,Simrad EM 700 series,10.5066/P9QQZ27U,10.0,5.0,100.0,1600.0,continental_margin,EPSG:32610,EPSG:26910,EPSG:26910,MSL_negative_down,/scratch/groups/hilley/auv_ship_colocated_bathy/harmonized/cal_dig_morro_bay/20190511m1_6thHeadlessCany/footprint.geojson,HR: public_domain_usgs; LR: public_domain_usgs,2016-2019,verified_validated_21,/scratch/groups/hilley/auv_ship_colocated_bathy/user-provided-cal-dig/6thHeadlessCanyon_2m.tif,/scratch/groups/hilley/auv_ship_colocated_bathy/raw/cal_dig_morro_bay/lr_Cal_DIG_I_Bathymetry_10m_extracted/Cal_DIG_I_Bathymetry_10m.tif,/scratch/groups/hilley/auv_ship_colocated_bathy/harmonized/cal_dig_morro_bay/20190511m1_6thHeadlessCany/hr.tif,/scratch/groups/hilley/auv_ship_colocated_bathy/harmonized/cal_dig_morro_bay/20190511m1_6thHeadlessCany/lr.tif,084f329c1c33408ca0508a23acc647237a15b6215b47a52ff84e932bf002e36c,a06e18d18ef33228e6db5b61fadca32abacbea50d08773aa1e7b2e698b2598fe,"User-provided HR (single warp to 2 m EPSG:26910 with `cubic` resample; native GSD 2.00 m, native CRS EPSG:32610). Supersedes CMGDS 10.5066/P97QM7NF. Coreg: dx=+16.00 m, dy=-6.00 m, dz=-1.41 m; post-residual MAD=0.81 m.",17.08800749063506,1.41,8.00602133944813,1.2731251783844861,False,needs_review,/scratch/groups/hilley/auv_ship_colocated_bathy/harmonized/cal_dig_morro_bay/20190511m1_6thHeadlessCany/qc/cal_dig_morro_bay__20190511m1_6thHeadlessCany_overlay.png,doi,,,
cal_dig_morro_bay__20190511m2_BankTopEofCanyon3,Cal DIG I / Morro Bay,Offshore South-Central California,Cal DIG I,NOAA Rainier/Fairweather (+ R/V Sally Ride gap-fill),MBARI-donated AUV,Reson 7125 400 kHz,,2.0000925831202174,NOAA hull,Simrad EM 700 series,10.5066/P9QQZ27U,10.0,5.0,100.0,1600.0,continental_margin,EPSG:32610,EPSG:26910,EPSG:26910,MSL_negative_down,/scratch/groups/hilley/auv_ship_colocated_bathy/harmonized/cal_dig_morro_bay/20190511m2_BankTopEofCanyon3/footprint.geojson,HR: public_domain_usgs; LR: public_domain_usgs,2016-2019,verified_validated_21,/scratch/groups/hilley/auv_ship_colocated_bathy/user-provided-cal-dig/BankTopEofCanyon3_2m.tif,/scratch/groups/hilley/auv_ship_colocated_bathy/raw/cal_dig_morro_bay/lr_Cal_DIG_I_Bathymetry_10m_extracted/Cal_DIG_I_Bathymetry_10m.tif,/scratch/groups/hilley/auv_ship_colocated_bathy/harmonized/cal_dig_morro_bay/20190511m2_BankTopEofCanyon3/hr.tif,/scratch/groups/hilley/auv_ship_colocated_bathy/harmonized/cal_dig_morro_bay/20190511m2_BankTopEofCanyon3/lr.tif,38b6b88cb2fa693da59cae9444970d910c7d1b1d8a2d428287729668e3d71e73,e967736f7351206a0eec8c42d0cdf555100c08798f1e4a0093cf3125ab76a84e,"User-provided HR (single warp to 2 m EPSG:26910 with `cubic` resample; native GSD 2.00 m, native CRS EPSG:32610). Supersedes CMGDS 10.5066/P97QM7NF. Coreg: dx=-2.00 m, dy=+12.00 m, dz=+0.12 m; post-residual MAD=0.49 m.",12.165525060596439,0.12,8.288805617952846,1.6395708062865872,False,needs_review,/scratch/groups/hilley/auv_ship_colocated_bathy/harmonized/cal_dig_morro_bay/20190511m2_BankTopEofCanyon3/qc/cal_dig_morro_bay__20190511m2_BankTopEofCanyon3_overlay.png,doi,,,
cal_dig_morro_bay__luciachica_2007,Cal DIG I / Morro Bay,Offshore South-Central California,Cal DIG I,NOAA Rainier/Fairweather (+ R/V Sally Ride gap-fill),MBARI-donated AUV,Reson 7125 400 kHz,,1.0,NOAA hull,Simrad EM 700 series,10.5066/P9QQZ27U,10.0,5.0,0.0,0.0,continental_margin,EPSG:32610,EPSG:26910,EPSG:26910,MSL_negative_down,/scratch/groups/hilley/auv_ship_colocated_bathy/harmonized/cal_dig_morro_bay/luciachica_2007/footprint.geojson,HR: MBARI/USGS public AUV; LR: public_domain_usgs,,verified_validated_21,/scratch/groups/hilley/auv_ship_colocated_bathy/user-provided-cal-dig/LuciaChica_2007_Topo1m_UTM_utm.tif,/scratch/groups/hilley/auv_ship_colocated_bathy/raw/cal_dig_morro_bay/lr_Cal_DIG_I_Bathymetry_10m_extracted/Cal_DIG_I_Bathymetry_10m.tif,/scratch/groups/hilley/auv_ship_colocated_bathy/harmonized/cal_dig_morro_bay/luciachica_2007/hr.tif,/scratch/groups/hilley/auv_ship_colocated_bathy/harmonized/cal_dig_morro_bay/luciachica_2007/lr.tif,6c340f9ce14716abe35d61154d3b2b38fb33d96770716e9b6bf62be6b8a2d66a,0a3181347cdda1c3ace6ef9724946015efbcad4f8e435f206f6b15de667ebcbc,"User-provided HR (single warp to 2 m EPSG:26910 with `average` resample; native GSD 1.00 m, native CRS EPSG:32610). New pair (no CMGDS ancestor; v1.2.1 §4). Coreg: dx=+32.00 m, dy=+2.00 m, dz=-2.68 m; post-residual MAD=0.50 m. NCC peak ridge orient ~+138 deg (eig_ratio=6.0). NCC peak ridge orient ~+138 deg (eig_ratio=6.0).",32.0624390837628,2.68,6.6425671015054295,6.00164514424767,False,needs_review,/scratch/groups/hilley/auv_ship_colocated_bathy/harmonized/cal_dig_morro_bay/luciachica_2007/qc/cal_dig_morro_bay__luciachica_2007_overlay.png,doi,,,
cal_dig_morro_bay__pockmark_south,Cal DIG I / Morro Bay,Offshore South-Central California,Cal DIG I,NOAA Rainier/Fairweather (+ R/V Sally Ride gap-fill),MBARI-donated AUV,Reson 7125 400 kHz,,1.0,NOAA hull,Simrad EM 700 series,10.5066/P9QQZ27U,10.0,5.0,0.0,0.0,continental_margin,EPSG:32610,EPSG:26910,EPSG:26910,MSL_negative_down,/scratch/groups/hilley/auv_ship_colocated_bathy/harmonized/cal_dig_morro_bay/pockmark_south/footprint.geojson,HR: MBARI/USGS public AUV; LR: public_domain_usgs,,verified_validated_21,/scratch/groups/hilley/auv_ship_colocated_bathy/user-provided-cal-dig/PockmarkSouth_MAUV_Topo1m_UTM_utm.tif,/scratch/groups/hilley/auv_ship_colocated_bathy/raw/cal_dig_morro_bay/lr_Cal_DIG_I_Bathymetry_10m_extracted/Cal_DIG_I_Bathymetry_10m.tif,/scratch/groups/hilley/auv_ship_colocated_bathy/harmonized/cal_dig_morro_bay/pockmark_south/hr.tif,/scratch/groups/hilley/auv_ship_colocated_bathy/harmonized/cal_dig_morro_bay/pockmark_south/lr.tif,79c107852861db67906fd7f482c1b6ed3de4274303ddd4c121ec17abbb54a4f5,8c34a2e0a0a0b4e77fe0a10dbe24058ff3abe1737069e216aba912601b3fe03f,"User-provided HR (single warp to 2 m EPSG:26910 with `average` resample; native GSD 1.00 m, native CRS EPSG:32610). New pair (no CMGDS ancestor; v1.2.1 §4). Coreg: dx=-4.00 m, dy=+0.00 m, dz=-1.50 m; post-residual MAD=0.38 m. NCC peak ridge orient ~-111 deg (eig_ratio=5.4). NCC peak ridge orient ~-111 deg (eig_ratio=5.4).",4.0,1.5,5.873470723932957,5.3566731044760125,True,needs_review,/scratch/groups/hilley/auv_ship_colocated_bathy/harmonized/cal_dig_morro_bay/pockmark_south/qc/cal_dig_morro_bay__pockmark_south_overlay.png,doi,,,
cal_dig_morro_bay__basin_flank,Cal DIG I / Morro Bay,Offshore South-Central California,Cal DIG I,NOAA Rainier/Fairweather (+ R/V Sally Ride gap-fill),MBARI-donated AUV,Reson 7125 400 kHz,,1.0,NOAA hull,Simrad EM 700 series,10.5066/P9QQZ27U,10.0,5.0,0.0,0.0,continental_margin,EPSG:32610,EPSG:26910,EPSG:26910,MSL_negative_down,/scratch/groups/hilley/auv_ship_colocated_bathy/harmonized/cal_dig_morro_bay/basin_flank/footprint.geojson,HR: MBARI/USGS public AUV; LR: public_domain_usgs,,verified_validated_21,/scratch/groups/hilley/auv_ship_colocated_bathy/user-provided-cal-dig/BasinFlank_MAUV_Topo1m_UTM_utm.tif,/scratch/groups/hilley/auv_ship_colocated_bathy/raw/cal_dig_morro_bay/lr_Cal_DIG_I_Bathymetry_10m_extracted/Cal_DIG_I_Bathymetry_10m.tif,/scratch/groups/hilley/auv_ship_colocated_bathy/harmonized/cal_dig_morro_bay/basin_flank/hr.tif,/scratch/groups/hilley/auv_ship_colocated_bathy/harmonized/cal_dig_morro_bay/basin_flank/lr.tif,5702d7649119fbd3c50202ae6c0e9713c2b5f60b74b28bc967b7fa749c7be0ba,b7eb48f68a5d294a8d7b4b14cc71e627adbd937de2f6e08a68cc49ba6b5f2394,"User-provided HR (single warp to 2 m EPSG:26910 with `average` resample; native GSD 1.00 m, native CRS EPSG:32610). New pair (no CMGDS ancestor; v1.2.1 §4). Coreg: dx=+16.00 m, dy=-38.00 m, dz=-1.88 m; post-residual MAD=0.60 m.",41.23105625617661,1.88,3.4565807134272024,1.7162055163502117,False,needs_review,/scratch/groups/hilley/auv_ship_colocated_bathy/harmonized/cal_dig_morro_bay/basin_flank/qc/cal_dig_morro_bay__basin_flank_overlay.png,doi,,,
ccz_so268_1,Clarion-Clipperton Zone — German License Area,Equatorial NE Pacific (CCZ),SO268/1,RV SONNE,AUV ABYSS (REMUS 6000),Reson 7125,10.1594/PANGAEA.915765,3.0,RV SONNE hull,Kongsberg EM122,10.1594/PANGAEA.915764,50.0,16.666666666666668,4050.0,4150.0,nodule_field,EPSG:32611,EPSG:32611,EPSG:32611,MSL_negative_down,/scratch/groups/hilley/auv_ship_colocated_bathy/harmonized/ccz_so268_1/footprint.geojson,HR: CC-BY-4.0; LR: CC-BY-4.0,2019,verified_validated_21,/scratch/groups/hilley/auv_ship_colocated_bathy/raw/ccz_so268_1/hr_10.1594_PANGAEA.915765_SO268_BGR_AUV_3m.tif,/scratch/groups/hilley/auv_ship_colocated_bathy/raw/ccz_so268_1/lr_10.1594_PANGAEA.915764_SO268_BGR_EM122_50m.tif,/scratch/groups/hilley/auv_ship_colocated_bathy/harmonized/ccz_so268_1/hr.tif,/scratch/groups/hilley/auv_ship_colocated_bathy/harmonized/ccz_so268_1/lr.tif,15f76d019c780403e01476efbe63e8bc779bfd840fc4616fbec2c0d180b60bb6,f4b02703a2176539a5d4e2b88452604e5187a5dea4a0f68619a1abc501c909b7,"Tier 2 vertical slice (v1.3 §6). GEOMAR ship grids are often already ship-referenced, so coreg offsets may be small — verify a near-zero solve actually ran (per v1.3 §4). HR native 3 m / LR native 50 m → ratio ~17x. Coreg: dx=-24.00 m, dy=-21.00 m, dz=-7.35 m; post-residual MAD=0.67 m.",31.89043743820395,7.35,7.397846978990938,1.5156718855619453,True,needs_review,/scratch/groups/hilley/auv_ship_colocated_bathy/harmonized/ccz_so268_1/qc/ccz_so268_1_overlay.png,doi,,,
discol_so242_1,DISCOL Experimental Area,Peru Basin,SO242/1,RV SONNE,AUV ABYSS (REMUS 6000),Reson 7125,10.1594/PANGAEA.905580,2.0,RV SONNE hull,Kongsberg EM122,10.1594/PANGAEA.905579,38.0,19.0,4100.0,4200.0,abyssal_plain,EPSG:32716,EPSG:32716,EPSG:32716,MSL_negative_down,/scratch/groups/hilley/auv_ship_colocated_bathy/harmonized/discol_so242_1/footprint.geojson,HR: CC-BY-4.0; LR: CC-BY-4.0,2015,verified_validated_21,/scratch/groups/hilley/auv_ship_colocated_bathy/raw/discol_so242_1/hr_10.1594_PANGAEA.905580_AUV_bathymetry.tif,/scratch/groups/hilley/auv_ship_colocated_bathy/raw/discol_so242_1/lr_10.1594_PANGAEA.905579_DISCOL_workingAreaUTM.tif,/scratch/groups/hilley/auv_ship_colocated_bathy/harmonized/discol_so242_1/hr.tif,/scratch/groups/hilley/auv_ship_colocated_bathy/harmonized/discol_so242_1/lr.tif,5407f50d05576a67cf3063840a2ecdd61f0f8afb96de02f3566fae97e84845b5,99bdf3aacb780ec5ec02ea72d704f9699ea86b72b3adc24da50633f455ab6a98,AUV ABYSS HR already corrected against ship EM122 in the source release. Adjacent topographic high present within the DEA footprint.,0.0,0.0,6.1646972956258805,1.6659381671244904,True,needs_review,/scratch/groups/hilley/auv_ship_colocated_bathy/harmonized/discol_so242_1/qc/discol_so242_1_overlay.png,doi,,,
cal_dig_morro_bay__20180426m2_Channel1000,Cal DIG I / Morro Bay,Offshore South-Central California,Cal DIG I,NOAA Rainier/Fairweather (+ R/V Sally Ride gap-fill),MBARI-donated AUV,Reson 7125 400 kHz,,1.0,NOAA hull,Simrad EM 700 series,10.5066/P9QQZ27U,10.0,5.0,100.0,1600.0,continental_margin,EPSG:32610,EPSG:26910,EPSG:26910,MSL_negative_down,/scratch/groups/hilley/auv_ship_colocated_bathy/harmonized/cal_dig_morro_bay/20180426m2_Channel1000/footprint.geojson,HR: public_domain_usgs; LR: public_domain_usgs,2016-2019,verified_validated_21,/scratch/groups/hilley/auv_ship_colocated_bathy/user-provided-cal-dig/ChannelSurvey_1000_Topo1m_UTM_utm.tif,/scratch/groups/hilley/auv_ship_colocated_bathy/raw/cal_dig_morro_bay/lr_Cal_DIG_I_Bathymetry_10m_extracted/Cal_DIG_I_Bathymetry_10m.tif,/scratch/groups/hilley/auv_ship_colocated_bathy/harmonized/cal_dig_morro_bay/20180426m2_Channel1000/hr.tif,/scratch/groups/hilley/auv_ship_colocated_bathy/harmonized/cal_dig_morro_bay/20180426m2_Channel1000/lr.tif,cad8fcb73d17dc8de5642a03c8b57a95c0e7407dc4680dd4d2f9657d3b8d4462,4a38df0e28e67e6dbe02b967de232abe35fc77400454e97f2ccf0eeb63bbc915,"User-provided HR (single warp to 2 m EPSG:26910 with `average` resample; native GSD 1.00 m, native CRS EPSG:32610). Supersedes CMGDS 10.5066/P97QM7NF. Coreg: dx=-8.00 m, dy=-20.00 m, dz=-1.66 m; post-residual MAD=0.43 m.",21.540659228538015,1.66,5.140154165325884,2.981162054601659,False,needs_review,/scratch/groups/hilley/auv_ship_colocated_bathy/harmonized/cal_dig_morro_bay/20180426m2_Channel1000/qc/cal_dig_morro_bay__20180426m2_Channel1000_overlay.png,doi,,,
cal_dig_morro_bay__20180427m1_Channel700,Cal DIG I / Morro Bay,Offshore South-Central California,Cal DIG I,NOAA Rainier/Fairweather (+ R/V Sally Ride gap-fill),MBARI-donated AUV,Reson 7125 400 kHz,,2.0002188472865075,NOAA hull,Simrad EM 700 series,10.5066/P9QQZ27U,10.0,5.0,100.0,1600.0,continental_margin,EPSG:32610,EPSG:26910,EPSG:26910,MSL_negative_down,/scratch/groups/hilley/auv_ship_colocated_bathy/harmonized/cal_dig_morro_bay/20180427m1_Channel700/footprint.geojson,HR: public_domain_usgs; LR: public_domain_usgs,2016-2019,verified_validated_21,/scratch/groups/hilley/auv_ship_colocated_bathy/user-provided-cal-dig/Channel700_2m.tif,/scratch/groups/hilley/auv_ship_colocated_bathy/raw/cal_dig_morro_bay/lr_Cal_DIG_I_Bathymetry_10m_extracted/Cal_DIG_I_Bathymetry_10m.tif,/scratch/groups/hilley/auv_ship_colocated_bathy/harmonized/cal_dig_morro_bay/20180427m1_Channel700/hr.tif,/scratch/groups/hilley/auv_ship_colocated_bathy/harmonized/cal_dig_morro_bay/20180427m1_Channel700/lr.tif,5610ccb14e352eb7a1c3fcfd43f416a2cf317e96fb4805d370df985efeec5c2f,bdea3e2d9fb4e1c0e4c97332a460ed7e16c330889bb9fa63fa4af32b0b35bea6,"User-provided HR (single warp to 2 m EPSG:26910 with `cubic` resample; native GSD 2.00 m, native CRS EPSG:32610). Supersedes CMGDS 10.5066/P97QM7NF. Coreg: dx=+6.00 m, dy=+8.00 m, dz=-0.81 m; post-residual MAD=0.33 m.",10.0,0.81,5.920327527977029,1.9941656597863353,True,needs_review,/scratch/groups/hilley/auv_ship_colocated_bathy/harmonized/cal_dig_morro_bay/20180427m1_Channel700/qc/cal_dig_morro_bay__20180427m1_Channel700_overlay.png,doi,,,
cal_dig_morro_bay__20180427m3_PockmarkNorth,Cal DIG I / Morro Bay,Offshore South-Central California,Cal DIG I,NOAA Rainier/Fairweather (+ R/V Sally Ride gap-fill),MBARI-donated AUV,Reson 7125 400 kHz,,1.0,NOAA hull,Simrad EM 700 series,10.5066/P9QQZ27U,10.0,5.0,100.0,1600.0,continental_margin,EPSG:32610,EPSG:26910,EPSG:26910,MSL_negative_down,/scratch/groups/hilley/auv_ship_colocated_bathy/harmonized/cal_dig_morro_bay/20180427m3_PockmarkNorth/footprint.geojson,HR: public_domain_usgs; LR: public_domain_usgs,2016-2019,verified_validated_21,/scratch/groups/hilley/auv_ship_colocated_bathy/user-provided-cal-dig/PockmarkNorth_MAUV_Topo1m_UTM_utm.tif,/scratch/groups/hilley/auv_ship_colocated_bathy/raw/cal_dig_morro_bay/lr_Cal_DIG_I_Bathymetry_10m_extracted/Cal_DIG_I_Bathymetry_10m.tif,/scratch/groups/hilley/auv_ship_colocated_bathy/harmonized/cal_dig_morro_bay/20180427m3_PockmarkNorth/hr.tif,/scratch/groups/hilley/auv_ship_colocated_bathy/harmonized/cal_dig_morro_bay/20180427m3_PockmarkNorth/lr.tif,350ca3095cf4971b3946870162b8ca9406be78ddf0ca3707c8d595d0e2863db5,d1a897d183b999924b0fac0a9e682dfd314545625c5a490b4c4c9671736deb64,"User-provided HR (single warp to 2 m EPSG:26910 with `average` resample; native GSD 1.00 m, native CRS EPSG:32610). Supersedes CMGDS 10.5066/P97QM7NF. Coreg: dx=+0.00 m, dy=+0.00 m, dz=-1.68 m; post-residual MAD=0.39 m.",0.0,1.68,5.9365083445148725,3.442180498290362,True,needs_review,/scratch/groups/hilley/auv_ship_colocated_bathy/harmonized/cal_dig_morro_bay/20180427m3_PockmarkNorth/qc/cal_dig_morro_bay__20180427m3_PockmarkNorth_overlay.png,doi,,,
cal_dig_morro_bay__20180428m1_Cable,Cal DIG I / Morro Bay,Offshore South-Central California,Cal DIG I,NOAA Rainier/Fairweather (+ R/V Sally Ride gap-fill),MBARI-donated AUV,Reson 7125 400 kHz,,1.0,NOAA hull,Simrad EM 700 series,10.5066/P9QQZ27U,10.0,5.0,100.0,1600.0,continental_margin,EPSG:32610,EPSG:26910,EPSG:26910,MSL_negative_down,/scratch/groups/hilley/auv_ship_colocated_bathy/harmonized/cal_dig_morro_bay/20180428m1_Cable/footprint.geojson,HR: public_domain_usgs; LR: public_domain_usgs,2016-2019,verified_validated_21,/scratch/groups/hilley/auv_ship_colocated_bathy/user-provided-cal-dig/CableSurvey_MAUV_Topo1m_UTM_utm.tif,/scratch/groups/hilley/auv_ship_colocated_bathy/raw/cal_dig_morro_bay/lr_Cal_DIG_I_Bathymetry_10m_extracted/Cal_DIG_I_Bathymetry_10m.tif,/scratch/groups/hilley/auv_ship_colocated_bathy/harmonized/cal_dig_morro_bay/20180428m1_Cable/hr.tif,/scratch/groups/hilley/auv_ship_colocated_bathy/harmonized/cal_dig_morro_bay/20180428m1_Cable/lr.tif,857b0681a4a535d3a290d7e39bab7d2042ff3bf56ea65d431acd524a1bccf76a,3b90ee954437249b3a5ba4ed8e2d9ff5d0b8e71761752c6fdb486d746deaf5f9,"User-provided HR (single warp to 2 m EPSG:26910 with `average` resample; native GSD 1.00 m, native CRS EPSG:32610). Supersedes CMGDS 10.5066/P97QM7NF. Coreg: dx=-38.00 m, dy=+42.00 m, dz=+0.40 m; post-residual MAD=0.54 m. NCC peak ridge orient ~+175 deg (eig_ratio=12.6). NCC peak ridge orient ~+175 deg (eig_ratio=12.6). NCC peak ridge orient ~+175 deg (eig_ratio=12.6).",56.639209034025185,0.4,5.614418781593868,12.615955069077804,False,needs_review,/scratch/groups/hilley/auv_ship_colocated_bathy/harmonized/cal_dig_morro_bay/20180428m1_Cable/qc/cal_dig_morro_bay__20180428m1_Cable_overlay.png,doi,,,
cal_dig_morro_bay__20190314m4_LuciaChica970m,Cal DIG I / Morro Bay,Offshore South-Central California,Cal DIG I,NOAA Rainier/Fairweather (+ R/V Sally Ride gap-fill),MBARI-donated AUV,Reson 7125 400 kHz,,2.000300227479513,NOAA hull,Simrad EM 700 series,10.5066/P9QQZ27U,10.0,5.0,100.0,1600.0,continental_margin,EPSG:32610,EPSG:26910,EPSG:26910,MSL_negative_down,/scratch/groups/hilley/auv_ship_colocated_bathy/harmonized/cal_dig_morro_bay/20190314m4_LuciaChica970m/footprint.geojson,HR: public_domain_usgs; LR: public_domain_usgs,2016-2019,verified_validated_21,/scratch/groups/hilley/auv_ship_colocated_bathy/user-provided-cal-dig/LuciaChica970_2m.tif,/scratch/groups/hilley/auv_ship_colocated_bathy/raw/cal_dig_morro_bay/lr_Cal_DIG_I_Bathymetry_10m_extracted/Cal_DIG_I_Bathymetry_10m.tif,/scratch/groups/hilley/auv_ship_colocated_bathy/harmonized/cal_dig_morro_bay/20190314m4_LuciaChica970m/hr.tif,/scratch/groups/hilley/auv_ship_colocated_bathy/harmonized/cal_dig_morro_bay/20190314m4_LuciaChica970m/lr.tif,760bdec3af62bff0e8b855d56fe6fec8e36c47d864ec93c4e3b9685987dd0e33,3260fbdbba7950cb77a19917c3482a5a8066fcecadf91b03f75184e0a8999ae1,"User-provided HR (single warp to 2 m EPSG:26910 with `cubic` resample; native GSD 2.00 m, native CRS EPSG:32610). Supersedes CMGDS 10.5066/P97QM7NF. Coreg: dx=-8.00 m, dy=-2.00 m, dz=-2.05 m; post-residual MAD=0.34 m.",8.246211251235321,2.05,6.564267323584753,2.642252320873971,True,needs_review,/scratch/groups/hilley/auv_ship_colocated_bathy/harmonized/cal_dig_morro_bay/20190314m4_LuciaChica970m/qc/cal_dig_morro_bay__20190314m4_LuciaChica970m_overlay.png,doi,,,
cal_dig_morro_bay__20190315m1_HeadlessCanyon,Cal DIG I / Morro Bay,Offshore South-Central California,Cal DIG I,NOAA Rainier/Fairweather (+ R/V Sally Ride gap-fill),MBARI-donated AUV,Reson 7125 400 kHz,,1.019320966862077,NOAA hull,Simrad EM 700 series,10.5066/P9QQZ27U,10.0,5.0,100.0,1600.0,continental_margin,EPSG:32610,EPSG:26910,EPSG:26910,MSL_negative_down,/scratch/groups/hilley/auv_ship_colocated_bathy/harmonized/cal_dig_morro_bay/20190315m1_HeadlessCanyon/footprint.geojson,HR: public_domain_usgs; LR: public_domain_usgs,2016-2019,verified_validated_21,/scratch/groups/hilley/auv_ship_colocated_bathy/user-provided-cal-dig/HeadlessCanyon_Topo1m_converted.tif,/scratch/groups/hilley/auv_ship_colocated_bathy/raw/cal_dig_morro_bay/lr_Cal_DIG_I_Bathymetry_10m_extracted/Cal_DIG_I_Bathymetry_10m.tif,/scratch/groups/hilley/auv_ship_colocated_bathy/harmonized/cal_dig_morro_bay/20190315m1_HeadlessCanyon/hr.tif,/scratch/groups/hilley/auv_ship_colocated_bathy/harmonized/cal_dig_morro_bay/20190315m1_HeadlessCanyon/lr.tif,d9646f0561d4627711bc59978b7110b7ded9dd7b0d2fc80895629e9bbec12b08,95bf299d3c55c59962960d10871c8cf917b58004d03887c6244fc54410688336,"User-provided HR (single warp to 2 m EPSG:26910 with `average` resample; native GSD 1.02 m, native CRS EPSG:32610). Supersedes CMGDS 10.5066/P97QM7NF. Coreg: dx=+2.00 m, dy=+42.00 m, dz=-1.54 m; post-residual MAD=2.70 m. NCC peak ridge orient ~+179 deg (eig_ratio=23.9). NCC peak ridge orient ~+179 deg (eig_ratio=23.9). NCC peak ridge orient ~+179 deg (eig_ratio=23.9).",42.04759208325728,1.54,5.07452270257103,23.876907467777627,False,needs_review,/scratch/groups/hilley/auv_ship_colocated_bathy/harmonized/cal_dig_morro_bay/20190315m1_HeadlessCanyon/qc/cal_dig_morro_bay__20190315m1_HeadlessCanyon_overlay.png,doi,,,
cal_dig_morro_bay__20190316m1_BankTop,Cal DIG I / Morro Bay,Offshore South-Central California,Cal DIG I,NOAA Rainier/Fairweather (+ R/V Sally Ride gap-fill),MBARI-donated AUV,Reson 7125 400 kHz,,2.000134736932863,NOAA hull,Simrad EM 700 series,10.5066/P9QQZ27U,10.0,5.0,100.0,1600.0,continental_margin,EPSG:32610,EPSG:26910,EPSG:26910,MSL_negative_down,/scratch/groups/hilley/auv_ship_colocated_bathy/harmonized/cal_dig_morro_bay/20190316m1_BankTop/footprint.geojson,HR: public_domain_usgs; LR: public_domain_usgs,2016-2019,verified_validated_21,/scratch/groups/hilley/auv_ship_colocated_bathy/user-provided-cal-dig/banktop_2m.tif,/scratch/groups/hilley/auv_ship_colocated_bathy/raw/cal_dig_morro_bay/lr_Cal_DIG_I_Bathymetry_10m_extracted/Cal_DIG_I_Bathymetry_10m.tif,/scratch/groups/hilley/auv_ship_colocated_bathy/harmonized/cal_dig_morro_bay/20190316m1_BankTop/hr.tif,/scratch/groups/hilley/auv_ship_colocated_bathy/harmonized/cal_dig_morro_bay/20190316m1_BankTop/lr.tif,6889e53c0cda264882e1040f25ee1cc291f20097354d5d7cd44729bb621f0acf,457dfa1fb8f3bddf178e805824484d82bd4860be5fa1c3f5f7f8e47a57bb0f1a,"User-provided HR (single warp to 2 m EPSG:26910 with `cubic` resample; native GSD 2.00 m, native CRS EPSG:32610). Supersedes CMGDS 10.5066/P97QM7NF. Coreg: dx=-18.00 m, dy=-14.00 m, dz=-0.22 m; post-residual MAD=0.73 m.",22.80350850198276,0.22,4.961126997315581,2.2129247246868626,False,needs_review,/scratch/groups/hilley/auv_ship_colocated_bathy/harmonized/cal_dig_morro_bay/20190316m1_BankTop/qc/cal_dig_morro_bay__20190316m1_BankTop_overlay.png,doi,,,
cal_dig_morro_bay__20190317m1_1000mGully,Cal DIG I / Morro Bay,Offshore South-Central California,Cal DIG I,NOAA Rainier/Fairweather (+ R/V Sally Ride gap-fill),MBARI-donated AUV,Reson 7125 400 kHz,,1.0,NOAA hull,Simrad EM 700 series,10.5066/P9QQZ27U,10.0,5.0,100.0,1600.0,continental_margin,EPSG:32610,EPSG:26910,EPSG:26910,MSL_negative_down,/scratch/groups/hilley/auv_ship_colocated_bathy/harmonized/cal_dig_morro_bay/20190317m1_1000mGully/footprint.geojson,HR: public_domain_usgs; LR: public_domain_usgs,2016-2019,verified_validated_21,/scratch/groups/hilley/auv_ship_colocated_bathy/user-provided-cal-dig/1000mGully_Topo1m_UTMinterp_utm.tif,/scratch/groups/hilley/auv_ship_colocated_bathy/raw/cal_dig_morro_bay/lr_Cal_DIG_I_Bathymetry_10m_extracted/Cal_DIG_I_Bathymetry_10m.tif,/scratch/groups/hilley/auv_ship_colocated_bathy/harmonized/cal_dig_morro_bay/20190317m1_1000mGully/hr.tif,/scratch/groups/hilley/auv_ship_colocated_bathy/harmonized/cal_dig_morro_bay/20190317m1_1000mGully/lr.tif,5bc89b5b40ac0b6e6aabff29125564ff546bf0be2529082151264825e9cf97ec,25110474b5f1a265b99baf3b622e74903cfbbba59832266aff8ddc5cf32a4fc3,"User-provided HR (single warp to 2 m EPSG:26910 with `average` resample; native GSD 1.00 m, native CRS EPSG:32610). Supersedes CMGDS 10.5066/P97QM7NF. Coreg: dx=+8.00 m, dy=-18.00 m, dz=-1.45 m; post-residual MAD=0.29 m.",19.697715603592208,1.45,5.206015599632785,2.654756204561299,False,needs_review,/scratch/groups/hilley/auv_ship_colocated_bathy/harmonized/cal_dig_morro_bay/20190317m1_1000mGully/qc/cal_dig_morro_bay__20190317m1_1000mGully_overlay.png,doi,,,
cal_dig_morro_bay__20190317m2_600mGully,Cal DIG I / Morro Bay,Offshore South-Central California,Cal DIG I,NOAA Rainier/Fairweather (+ R/V Sally Ride gap-fill),MBARI-donated AUV,Reson 7125 400 kHz,,1.0,NOAA hull,Simrad EM 700 series,10.5066/P9QQZ27U,10.0,5.0,100.0,1600.0,continental_margin,EPSG:32610,EPSG:26910,EPSG:26910,MSL_negative_down,/scratch/groups/hilley/auv_ship_colocated_bathy/harmonized/cal_dig_morro_bay/20190317m2_600mGully/footprint.geojson,HR: public_domain_usgs; LR: public_domain_usgs,2016-2019,verified_validated_21,/scratch/groups/hilley/auv_ship_colocated_bathy/user-provided-cal-dig/600mGully_Topo1m_UTMinterp_utm.tif,/scratch/groups/hilley/auv_ship_colocated_bathy/raw/cal_dig_morro_bay/lr_Cal_DIG_I_Bathymetry_10m_extracted/Cal_DIG_I_Bathymetry_10m.tif,/scratch/groups/hilley/auv_ship_colocated_bathy/harmonized/cal_dig_morro_bay/20190317m2_600mGully/hr.tif,/scratch/groups/hilley/auv_ship_colocated_bathy/harmonized/cal_dig_morro_bay/20190317m2_600mGully/lr.tif,7eeb1e887152e88f01732f77b8303fbbd50ad90f8f88e7dd96464854e1de68eb,a1c13c15354fcd6b223857316078448c242727275ab216844673811dc7d7bcb0,"User-provided HR (single warp to 2 m EPSG:26910 with `average` resample; native GSD 1.00 m, native CRS EPSG:32610). Supersedes CMGDS 10.5066/P97QM7NF. Coreg: dx=-14.00 m, dy=-38.00 m, dz=-1.02 m; post-residual MAD=0.36 m.",40.496913462633174,1.02,4.516458727332285,2.7356563545962684,False,needs_review,/scratch/groups/hilley/auv_ship_colocated_bathy/harmonized/cal_dig_morro_bay/20190317m2_600mGully/qc/cal_dig_morro_bay__20190317m2_600mGully_overlay.png,doi,,,
cal_dig_morro_bay__201804_LuciaChica2m,Cal DIG I / Morro Bay,Offshore South-Central California,Cal DIG I,NOAA Rainier/Fairweather (+ R/V Sally Ride gap-fill),MBARI-donated AUV,Reson 7125 400 kHz,,1.0,NOAA hull,Simrad EM 700 series,10.5066/P9QQZ27U,10.0,5.0,100.0,1600.0,continental_margin,EPSG:32610,EPSG:26910,EPSG:26910,MSL_negative_down,/scratch/groups/hilley/auv_ship_colocated_bathy/harmonized/cal_dig_morro_bay/201804_LuciaChica2m/footprint.geojson,HR: public_domain_usgs; LR: public_domain_usgs,2016-2019,verified_validated_21,/scratch/groups/hilley/auv_ship_colocated_bathy/user-provided-cal-dig/LuciaChica_2008_Topo1m_UTM_utm.tif,/scratch/groups/hilley/auv_ship_colocated_bathy/raw/cal_dig_morro_bay/lr_Cal_DIG_I_Bathymetry_10m_extracted/Cal_DIG_I_Bathymetry_10m.tif,/scratch/groups/hilley/auv_ship_colocated_bathy/harmonized/cal_dig_morro_bay/201804_LuciaChica2m/hr.tif,/scratch/groups/hilley/auv_ship_colocated_bathy/harmonized/cal_dig_morro_bay/201804_LuciaChica2m/lr.tif,77fd48407e808d8b3620b4b2cb57ed13eb8f4bb79bcd0ac18e25afd70d753380,d28f83bb9dbff2d77f47ef4b86866c57b79028c7f9456fbb692646aa320aaab6,"User-provided HR (single warp to 2 m EPSG:26910 with `average` resample; native GSD 1.00 m, native CRS EPSG:32610). Supersedes CMGDS 10.5066/P97QM7NF. Coreg: dx=+34.00 m, dy=+4.00 m, dz=-3.27 m; post-residual MAD=0.63 m.",34.23448553724738,3.27,5.838394874868834,1.3546593131314564,False,needs_review,/scratch/groups/hilley/auv_ship_colocated_bathy/harmonized/cal_dig_morro_bay/201804_LuciaChica2m/qc/cal_dig_morro_bay__201804_LuciaChica2m_overlay.png,doi,,,
tag_m127,TAG Hydrothermal Field,"Mid-Atlantic Ridge, 26°N",M127,RV METEOR,AUV ABYSS (REMUS 6000),Reson 7125,10.1594/PANGAEA.899415,2.0,RV METEOR hull,Kongsberg EM122,10.1594/PANGAEA.899408,30.0,15.0,3500.0,3700.0,hydrothermal_vent,EPSG:4326,EPSG:4326,EPSG:32623,MSL_negative_down,/scratch/groups/hilley/auv_ship_colocated_bathy/harmonized/tag_m127/footprint.geojson,HR: CC-BY-4.0; LR: CC-BY-4.0,2016,verified_validated_21,/scratch/groups/hilley/auv_ship_colocated_bathy/raw/tag_m127/hr_10.1594_PANGAEA.899415_M127_AbyssBathy_WGS84_2m.tif,/scratch/groups/hilley/auv_ship_colocated_bathy/raw/tag_m127/lr_10.1594_PANGAEA.899408_M127_EM122_bathymetry_WGS84_30m.tif,/scratch/groups/hilley/auv_ship_colocated_bathy/harmonized/tag_m127/hr.tif,/scratch/groups/hilley/auv_ship_colocated_bathy/harmonized/tag_m127/lr.tif,ffefcf5ed561275355a830e932685a0663c8bf2a366ba5911fc6daf2fe0bbb67,d05d8ca192b8f5cd755ca6bab4728ece070e1534fb58b7b7905aa84397163612,"Tier 2 vertical-slice continuation (v1.3 §6). Ship LR is the M127 EM122 working-area 30 m gridded product at TAG. HR is the ABYSS 2 m WGS84 GeoTIFF. Expected ratio ~15x — at the low end of v1.3's 15-25x band for deep EM122. Per v1.3 §4, GEOMAR grids may be ship-referenced; verify the coreg solve produced real offsets. Both rasters are in EPSG:4326; reproject to EPSG:32623 (UTM 23N — TAG sits in the -48 to -42 longitude band). Coreg: dx=-18.67 m, dy=-18.67 m, dz=-4.02 m; post-residual MAD=4.65 m.",26.403367209505685,4.02,7.735681790623835,1.2725547134430155,True,needs_review,/scratch/groups/hilley/auv_ship_colocated_bathy/harmonized/tag_m127/qc/tag_m127_overlay.png,doi,,,
AT37-13__MGDS_31199,,,AT37-13,,,,,,,,,46.4,,1176.0,1176.0,continental_margin,,,EPSG:32616,MSL_negative_down,,,,advancing,,,/scratch/groups/hilley/auv_ship_colocated_bathy/harmonized/AT37-13__MGDS_31199/hr.tif,/scratch/groups/hilley/auv_ship_colocated_bathy/harmonized/AT37-13__MGDS_31199/lr.tif,,,reaudit_2026-06-26: advancing; n_valid_tiles=47.0; leakage_unit=1; source=gmt_grd_float,6.37,,6.91,,,needs_review,,gmt_grd_float,,,
AT42-03__MGDS_32007,,,AT42-03,,,,,,,,,28.9,,948.0,948.0,continental_margin,,,EPSG:32616,MSL_negative_down,,,,advancing,,,/scratch/groups/hilley/auv_ship_colocated_bathy/harmonized/AT42-03__MGDS_32007/hr.tif,/scratch/groups/hilley/auv_ship_colocated_bathy/harmonized/AT42-03__MGDS_32007/lr.tif,,,reaudit_2026-06-26: advancing; n_valid_tiles=59.0; leakage_unit=1; source=gmt_grd_float,5.66,,24.09,,,needs_review,,gmt_grd_float,,,
EW9801__MGDS_31425,,,EW9801,,,,,,,,,160.6,,1255.0,1255.0,hydrothermal_vent,,,EPSG:32605,MSL_negative_down,,,,advancing,,,/scratch/groups/hilley/auv_ship_colocated_bathy/harmonized/EW9801__MGDS_31425/hr.tif,/scratch/groups/hilley/auv_ship_colocated_bathy/harmonized/EW9801__MGDS_31425/lr.tif,,,reaudit_2026-06-26: advancing; n_valid_tiles=36.0; leakage_unit=3; source=float_tif,19.17,,14.4,,,needs_review,,float_tif,,,
NA080__MGDS_31290,,,NA080,,,,,,,,,57.5,,3221.0,3221.0,seamount,,,EPSG:32610,MSL_negative_down,,,,advancing,,,/scratch/groups/hilley/auv_ship_colocated_bathy/harmonized/NA080__MGDS_31290/hr.tif,/scratch/groups/hilley/auv_ship_colocated_bathy/harmonized/NA080__MGDS_31290/lr.tif,,,reaudit_2026-06-26: advancing; n_valid_tiles=814.0; leakage_unit=12; source=float_tif,0.0,,17.48,,,needs_review,,float_tif,,,
NA090__MGDS_31212,,,NA090,,,,,,,,,112.3,,1832.0,1832.0,continental_margin,,,EPSG:32612,MSL_negative_down,,,,advancing,,,/scratch/groups/hilley/auv_ship_colocated_bathy/harmonized/NA090__MGDS_31212/hr.tif,/scratch/groups/hilley/auv_ship_colocated_bathy/harmonized/NA090__MGDS_31212/lr.tif,,,reaudit_2026-06-26: advancing; n_valid_tiles=47.0; leakage_unit=13; source=gmt_grd_float,14.48,,1.12,,,needs_review,,gmt_grd_float,,,
RR1506__MGDS_29779,,,RR1506,,,,,,,,,133.9,,1063.0,1063.0,continental_margin,,,EPSG:32701,MSL_negative_down,,,,advancing,,,/scratch/groups/hilley/auv_ship_colocated_bathy/harmonized/RR1506__MGDS_29779/hr.tif,/scratch/groups/hilley/auv_ship_colocated_bathy/harmonized/RR1506__MGDS_29779/lr.tif,,,reaudit_2026-06-26: advancing; n_valid_tiles=649.0; leakage_unit=16; source=float_tif,13.04,,11.34,,,needs_review,,float_tif,,,
TN268__MGDS_30466,,,TN268,,,,,,,,,247.2,,2160.0,2160.0,hydrothermal_vent,,,EPSG:32609,MSL_negative_down,,,,advancing,,,/scratch/groups/hilley/auv_ship_colocated_bathy/harmonized/TN268__MGDS_30466/hr.tif,/scratch/groups/hilley/auv_ship_colocated_bathy/harmonized/TN268__MGDS_30466/lr.tif,,,reaudit_2026-06-26: advancing; n_valid_tiles=825.0; leakage_unit=22; source=float_tif,28.93,,8.36,,,needs_review,,float_tif,,,
TN399__MGDS_30373,,,TN399,,,,,,,,,246.4,,2625.0,2625.0,continental_margin,,,EPSG:32613,MSL_negative_down,,,,advancing,,,/scratch/groups/hilley/auv_ship_colocated_bathy/harmonized/TN399__MGDS_30373/hr.tif,/scratch/groups/hilley/auv_ship_colocated_bathy/harmonized/TN399__MGDS_30373/lr.tif,,,reaudit_2026-06-26: advancing; n_valid_tiles=1583.0; leakage_unit=24; source=gmt_grd_float,10.18,,26.94,,,needs_review,,gmt_grd_float,,,
FK181031__MGDS_24367,,,FK181031,,,,,,,,,44.8,,2471.0,2471.0,continental_margin,,,EPSG:32612,MSL_negative_down,,,,advancing,,,/scratch/groups/hilley/auv_ship_colocated_bathy/harmonized/FK181031__MGDS_24367/hr.tif,/scratch/groups/hilley/auv_ship_colocated_bathy/harmonized/FK181031__MGDS_24367/lr.tif,,,reaudit_2026-06-26: advancing; n_valid_tiles=5.0; leakage_unit=29; source=float_tif,0.0,,9.95,,,needs_review,,float_tif,,,
FK006B__MGDS_20811,,,FK006B,,,,,,,,,25.6,,1636.0,1636.0,continental_margin,,,EPSG:32616,MSL_negative_down,,,,pending_qgis_arbitration,,,/scratch/groups/hilley/auv_ship_colocated_bathy/harmonized/FK006B__MGDS_20811/hr.tif,/scratch/groups/hilley/auv_ship_colocated_bathy/harmonized/FK006B__MGDS_20811/lr.tif,,,reaudit_2026-06-26: real_nonadvancing_qgis; n_valid_tiles=28.0; leakage_unit=5; source=gmt_grd_float,49.65,,-0.97,,,needs_review,,gmt_grd_float,,,
KIWI10RR__MGDS_24499,,,KIWI10RR,,,,,,,,,105.3,,2068.0,2068.0,continental_margin,,,EPSG:32702,MSL_negative_down,,,,pending_qgis_arbitration,,,/scratch/groups/hilley/auv_ship_colocated_bathy/harmonized/KIWI10RR__MGDS_24499/hr.tif,/scratch/groups/hilley/auv_ship_colocated_bathy/harmonized/KIWI10RR__MGDS_24499/lr.tif,,,reaudit_2026-06-26: real_nonadvancing_qgis; n_valid_tiles=3.0; leakage_unit=8; source=float_tif,41.05,,,,,needs_review,,float_tif,,,
KN204-01__MGDS_31675,,,KN204-01,,,,,,,,,105.0,,893.0,893.0,continental_margin,,,EPSG:32620,MSL_negative_down,,,,pending_qgis_arbitration,,,/scratch/groups/hilley/auv_ship_colocated_bathy/harmonized/KN204-01__MGDS_31675/hr.tif,/scratch/groups/hilley/auv_ship_colocated_bathy/harmonized/KN204-01__MGDS_31675/lr.tif,,,reaudit_2026-06-26: real_nonadvancing_qgis; n_valid_tiles=6.0; leakage_unit=9; source=gmt_grd_float,38.47,,,,,needs_review,,gmt_grd_float,,,
MGLN06MV__MGDS_17700,,,MGLN06MV,,,,,,,,,121.0,,1930.0,1930.0,continental_margin,,,EPSG:32756,MSL_negative_down,,,,pending_qgis_arbitration,,,/scratch/groups/hilley/auv_ship_colocated_bathy/harmonized/MGLN06MV__MGDS_17700/hr.tif,/scratch/groups/hilley/auv_ship_colocated_bathy/harmonized/MGLN06MV__MGDS_17700/lr.tif,,,reaudit_2026-06-26: real_nonadvancing_qgis; n_valid_tiles=3.0; leakage_unit=10; source=gmt_grd_float,17.84,,,,,needs_review,,gmt_grd_float,,,
SKQ201705S__MGDS_31255,,,SKQ201705S,,,,,,,,,18.5,,937.0,937.0,continental_margin,,,EPSG:32610,MSL_negative_down,,,,pending_qgis_arbitration,,,/scratch/groups/hilley/auv_ship_colocated_bathy/harmonized/SKQ201705S__MGDS_31255/hr.tif,/scratch/groups/hilley/auv_ship_colocated_bathy/harmonized/SKQ201705S__MGDS_31255/lr.tif,,,reaudit_2026-06-26: real_nonadvancing_qgis; n_valid_tiles=46.0; leakage_unit=27; source=float_tif,49.6,,5.17,,,needs_review,,float_tif,,,
SKQ201705S__MGDS_31254,,,SKQ201705S,,,,,,,,,18.5,,771.0,771.0,shelf_slope,,,EPSG:32610,MSL_negative_down,,,,pending_qgis_arbitration,,,/scratch/groups/hilley/auv_ship_colocated_bathy/harmonized/SKQ201705S__MGDS_31254/hr.tif,/scratch/groups/hilley/auv_ship_colocated_bathy/harmonized/SKQ201705S__MGDS_31254/lr.tif,,,reaudit_2026-06-26: real_nonadvancing_qgis; n_valid_tiles=46.0; leakage_unit=27; source=float_tif,52.44,,5.05,,,needs_review,,float_tif,,,
TN159__MGDS_21981,,,TN159,,,,,,,,,317.5,,2179.0,2179.0,hydrothermal_vent,,,EPSG:32609,MSL_negative_down,,,,pending_qgis_arbitration,,,/scratch/groups/hilley/auv_ship_colocated_bathy/harmonized/TN159__MGDS_21981/hr.tif,/scratch/groups/hilley/auv_ship_colocated_bathy/harmonized/TN159__MGDS_21981/lr.tif,,,reaudit_2026-06-26: real_nonadvancing_qgis; n_valid_tiles=28.0; leakage_unit=19; source=float_tif,29.01,,0.38,,,needs_review,,float_tif,,,
TN268__MGDS_30219,,,TN268,,,,,,,,,31.3,,1845.0,1845.0,hydrothermal_vent,,,EPSG:32609,MSL_negative_down,,,,pending_qgis_arbitration,,,/scratch/groups/hilley/auv_ship_colocated_bathy/harmonized/TN268__MGDS_30219/hr.tif,/scratch/groups/hilley/auv_ship_colocated_bathy/harmonized/TN268__MGDS_30219/lr.tif,,,reaudit_2026-06-26: real_nonadvancing_qgis; n_valid_tiles=84.0; leakage_unit=22; source=float_tif,16.03,,18.14,,,needs_review,,float_tif,,,
AR26__MGDS_31838,,,AR26,,,,,,,,,32.3,,1684.0,1684.0,continental_margin,,,EPSG:32618,MSL_negative_down,,,,pending_qgis_arbitration,,,/scratch/groups/hilley/auv_ship_colocated_bathy/harmonized/AR26__MGDS_31838/hr.tif,/scratch/groups/hilley/auv_ship_colocated_bathy/harmonized/AR26__MGDS_31838/lr.tif,,,reaudit_2026-06-26: real_nonadvancing_qgis; n_valid_tiles=15.0; leakage_unit=25; source=gmt_grd_float,39.18,,4.55,,,needs_review,,gmt_grd_float,,,
TN299__MGDS_27339,,,TN299,,,,,,,,,80.0,,2938.0,2938.0,continental_margin,,,EPSG:32609,MSL_negative_down,,,,pending_qgis_arbitration,,,/scratch/groups/hilley/auv_ship_colocated_bathy/harmonized/TN299__MGDS_27339/hr.tif,/scratch/groups/hilley/auv_ship_colocated_bathy/harmonized/TN299__MGDS_27339/lr.tif,,,reaudit_2026-06-26: real_nonadvancing_qgis; n_valid_tiles=226.0; leakage_unit=27; source=float_tif,0.0,,7.92,,,needs_review,,float_tif,,,
KN210-05__MGDS_22436,,,KN210-05,,,,,,,,,87.5,,3341.0,3341.0,continental_margin,,,EPSG:32623,MSL_negative_down,,,,pending_qgis_arbitration,,,/scratch/groups/hilley/auv_ship_colocated_bathy/harmonized/KN210-05__MGDS_22436/hr.tif,/scratch/groups/hilley/auv_ship_colocated_bathy/harmonized/KN210-05__MGDS_22436/lr.tif,,,reaudit_2026-06-26: real_nonadvancing_qgis; n_valid_tiles=4.0; leakage_unit=30; source=gmt_grd_float,144.64,,,,,needs_review,,gmt_grd_float,,,
