cruise,filename,url,http_status,head_content_length,received,attempts
2009_Amundsen,0000_20090725_205207_Amundsen.all.mb58.fnv,https://data.ngdc.noaa.gov/platforms/ocean/ships/amundsen/2009_Amundsen/multibeam/data/version1/MB/em302/generated/0000_20090725_205207_Amundsen.all.mb58.fnv,200,,,1
2009_Amundsen,0000_20091101_014752_Amundsen.all.mb58.fnv,https://data.ngdc.noaa.gov/platforms/ocean/ships/amundsen/2009_Amundsen/multibeam/data/version1/MB/em302/generated/0000_20091101_014752_Amundsen.all.mb58.fnv,200,,,1
2009_Amundsen,0001_20091101_014814_Amundsen.all.mb58.fnv,https://data.ngdc.noaa.gov/platforms/ocean/ships/amundsen/2009_Amundsen/multibeam/data/version1/MB/em302/generated/0001_20091101_014814_Amundsen.all.mb58.fnv,200,,,1
2009_Amundsen,0008_20090903_040822_Amundsen.all.mb58.fnv,https://data.ngdc.noaa.gov/platforms/ocean/ships/amundsen/2009_Amundsen/multibeam/data/version1/MB/em302/generated/0008_20090903_040822_Amundsen.all.mb58.fnv,200,,,1
2009_Amundsen,0011_20090705_071701_Amundsen.all.mb58.fnv,https://data.ngdc.noaa.gov/platforms/ocean/ships/amundsen/2009_Amundsen/multibeam/data/version1/MB/em302/generated/0011_20090705_071701_Amundsen.all.mb58.fnv,200,,,1
2009_Amundsen,0012_20091018_074135_Amundsen.all.mb58.fnv,https://data.ngdc.noaa.gov/platforms/ocean/ships/amundsen/2009_Amundsen/multibeam/data/version1/MB/em302/generated/0012_20091018_074135_Amundsen.all.mb58.fnv,200,,,1
2009_Amundsen,0013_20091018_074833_Amundsen.all.mb58.fnv,https://data.ngdc.noaa.gov/platforms/ocean/ships/amundsen/2009_Amundsen/multibeam/data/version1/MB/em302/generated/0013_20091018_074833_Amundsen.all.mb58.fnv,200,,,1
2009_Amundsen,0023_20090726_222830_Amundsen.all.mb58.fnv,https://data.ngdc.noaa.gov/platforms/ocean/ships/amundsen/2009_Amundsen/multibeam/data/version1/MB/em302/generated/0023_20090726_222830_Amundsen.all.mb58.fnv,200,,,1
2009_Amundsen,0029_20090731_105213_Amundsen.all.mb58.fnv,https://data.ngdc.noaa.gov/platforms/ocean/ships/amundsen/2009_Amundsen/multibeam/data/version1/MB/em302/generated/0029_20090731_105213_Amundsen.all.mb58.fnv,200,,,1
2009_Amundsen,0029_20090903_225517_Amundsen.all.mb58.fnv,https://data.ngdc.noaa.gov/platforms/ocean/ships/amundsen/2009_Amundsen/multibeam/data/version1/MB/em302/generated/0029_20090903_225517_Amundsen.all.mb58.fnv,200,,,1
2009_Amundsen,0030_20090731_115213_Amundsen.all.mb58.fnv,https://data.ngdc.noaa.gov/platforms/ocean/ships/amundsen/2009_Amundsen/multibeam/data/version1/MB/em302/generated/0030_20090731_115213_Amundsen.all.mb58.fnv,200,,,1
2009_Amundsen,0034_20090731_130805_Amundsen.all.mb58.fnv,https://data.ngdc.noaa.gov/platforms/ocean/ships/amundsen/2009_Amundsen/multibeam/data/version1/MB/em302/generated/0034_20090731_130805_Amundsen.all.mb58.fnv,200,,,1
2009_Amundsen,0035_20090731_131031_Amundsen.all.mb58.fnv,https://data.ngdc.noaa.gov/platforms/ocean/ships/amundsen/2009_Amundsen/multibeam/data/version1/MB/em302/generated/0035_20090731_131031_Amundsen.all.mb58.fnv,200,,,1
2009_Amundsen,0041_20090908_104836_Amundsen.all.mb58.fnv,https://data.ngdc.noaa.gov/platforms/ocean/ships/amundsen/2009_Amundsen/multibeam/data/version1/MB/em302/generated/0041_20090908_104836_Amundsen.all.mb58.fnv,200,,,1
2009_Amundsen,0043_20090908_124831_Amundsen.all.mb58.fnv,https://data.ngdc.noaa.gov/platforms/ocean/ships/amundsen/2009_Amundsen/multibeam/data/version1/MB/em302/generated/0043_20090908_124831_Amundsen.all.mb58.fnv,200,,,1
2009_Amundsen,0043_20091102_091408_ShipName.all.mb58.fnv,https://data.ngdc.noaa.gov/platforms/ocean/ships/amundsen/2009_Amundsen/multibeam/data/version1/MB/em302/generated/0043_20091102_091408_ShipName.all.mb58.fnv,200,,,1
2009_Amundsen,0045_20090908_144835_Amundsen.all.mb58.fnv,https://data.ngdc.noaa.gov/platforms/ocean/ships/amundsen/2009_Amundsen/multibeam/data/version1/MB/em302/generated/0045_20090908_144835_Amundsen.all.mb58.fnv,200,,,1
2009_Amundsen,0050_20091009_234834_Amundsen.all.mb58.fnv,https://data.ngdc.noaa.gov/platforms/ocean/ships/amundsen/2009_Amundsen/multibeam/data/version1/MB/em302/generated/0050_20091009_234834_Amundsen.all.mb58.fnv,200,,,1
2009_Amundsen,0053_20091020_211639_Amundsen.all.mb58.fnv,https://data.ngdc.noaa.gov/platforms/ocean/ships/amundsen/2009_Amundsen/multibeam/data/version1/MB/em302/generated/0053_20091020_211639_Amundsen.all.mb58.fnv,200,,,1
2009_Amundsen,0054_20090728_084324_Amundsen.all.mb58.fnv,https://data.ngdc.noaa.gov/platforms/ocean/ships/amundsen/2009_Amundsen/multibeam/data/version1/MB/em302/generated/0054_20090728_084324_Amundsen.all.mb58.fnv,200,,,1
2009_Amundsen,0063_20090831_121412_Amundsen.all.mb58.fnv,https://data.ngdc.noaa.gov/platforms/ocean/ships/amundsen/2009_Amundsen/multibeam/data/version1/MB/em302/generated/0063_20090831_121412_Amundsen.all.mb58.fnv,200,,,1
2009_Amundsen,0065_20090831_141412_Amundsen.all.mb58.fnv,https://data.ngdc.noaa.gov/platforms/ocean/ships/amundsen/2009_Amundsen/multibeam/data/version1/MB/em302/generated/0065_20090831_141412_Amundsen.all.mb58.fnv,200,,,1
2009_Amundsen,0074_20090906_123922_Amundsen.all.mb58.fnv,https://data.ngdc.noaa.gov/platforms/ocean/ships/amundsen/2009_Amundsen/multibeam/data/version1/MB/em302/generated/0074_20090906_123922_Amundsen.all.mb58.fnv,200,,,1
2009_Amundsen,0075_20090906_133920_Amundsen.all.mb58.fnv,https://data.ngdc.noaa.gov/platforms/ocean/ships/amundsen/2009_Amundsen/multibeam/data/version1/MB/em302/generated/0075_20090906_133920_Amundsen.all.mb58.fnv,200,,,1
2009_Amundsen,0076_20090906_143918_Amundsen.all.mb58.fnv,https://data.ngdc.noaa.gov/platforms/ocean/ships/amundsen/2009_Amundsen/multibeam/data/version1/MB/em302/generated/0076_20090906_143918_Amundsen.all.mb58.fnv,200,,,1
2009_Amundsen,0077_20090906_153922_Amundsen.all.mb58.fnv,https://data.ngdc.noaa.gov/platforms/ocean/ships/amundsen/2009_Amundsen/multibeam/data/version1/MB/em302/generated/0077_20090906_153922_Amundsen.all.mb58.fnv,200,,,1
2009_Amundsen,0099_20091030_221009_Amundsen.all.mb58.fnv,https://data.ngdc.noaa.gov/platforms/ocean/ships/amundsen/2009_Amundsen/multibeam/data/version1/MB/em302/generated/0099_20091030_221009_Amundsen.all.mb58.fnv,200,,,1
2009_Amundsen,0116_20091024_111833_Amundsen.all.mb58.fnv,https://data.ngdc.noaa.gov/platforms/ocean/ships/amundsen/2009_Amundsen/multibeam/data/version1/MB/em302/generated/0116_20091024_111833_Amundsen.all.mb58.fnv,200,,,1
2009_Amundsen,0117_20091024_121833_Amundsen.all.mb58.fnv,https://data.ngdc.noaa.gov/platforms/ocean/ships/amundsen/2009_Amundsen/multibeam/data/version1/MB/em302/generated/0117_20091024_121833_Amundsen.all.mb58.fnv,200,,,1
2009_Amundsen,0124_20090713_153635_Amundsen.all.mb58.fnv,https://data.ngdc.noaa.gov/platforms/ocean/ships/amundsen/2009_Amundsen/multibeam/data/version1/MB/em302/generated/0124_20090713_153635_Amundsen.all.mb58.fnv,200,,,1
2009_Amundsen,0180_20090725_202129_Amundsen.all.mb58.fnv,https://data.ngdc.noaa.gov/platforms/ocean/ships/amundsen/2009_Amundsen/multibeam/data/version1/MB/em302/generated/0180_20090725_202129_Amundsen.all.mb58.fnv,200,,,1
2009_Amundsen,0181_20090725_203059_Amundsen.all.mb58.fnv,https://data.ngdc.noaa.gov/platforms/ocean/ships/amundsen/2009_Amundsen/multibeam/data/version1/MB/em302/generated/0181_20090725_203059_Amundsen.all.mb58.fnv,200,,,1
2009_Amundsen,0182_20090725_204531_Amundsen.all.mb58.fnv,https://data.ngdc.noaa.gov/platforms/ocean/ships/amundsen/2009_Amundsen/multibeam/data/version1/MB/em302/generated/0182_20090725_204531_Amundsen.all.mb58.fnv,200,,,1
2009_Amundsen,0221_20090921_200134_Amundsen.all.mb58.fnv,https://data.ngdc.noaa.gov/platforms/ocean/ships/amundsen/2009_Amundsen/multibeam/data/version1/MB/em302/generated/0221_20090921_200134_Amundsen.all.mb58.fnv,200,,,1
2009_Amundsen,0229_20090817_145926_Amundsen.all.mb58.fnv,https://data.ngdc.noaa.gov/platforms/ocean/ships/amundsen/2009_Amundsen/multibeam/data/version1/MB/em302/generated/0229_20090817_145926_Amundsen.all.mb58.fnv,200,,,1
2010_Amundsen,0008_20100902_232952_Amundsen.all.mb58.fnv,https://data.ngdc.noaa.gov/platforms/ocean/ships/amundsen/2010_Amundsen/multibeam/data/version1/MB/em302/generated/0008_20100902_232952_Amundsen.all.mb58.fnv,200,,,1
2010_Amundsen,0008_20100926_224019_Amundsen.all.mb58.fnv,https://data.ngdc.noaa.gov/platforms/ocean/ships/amundsen/2010_Amundsen/multibeam/data/version1/MB/em302/generated/0008_20100926_224019_Amundsen.all.mb58.fnv,200,,,1
2010_Amundsen,0009_20100926_224815_Amundsen.all.mb58.fnv,https://data.ngdc.noaa.gov/platforms/ocean/ships/amundsen/2010_Amundsen/multibeam/data/version1/MB/em302/generated/0009_20100926_224815_Amundsen.all.mb58.fnv,200,,,1
2010_Amundsen,0010_20100926_225055_Amundsen.all.mb58.fnv,https://data.ngdc.noaa.gov/platforms/ocean/ships/amundsen/2010_Amundsen/multibeam/data/version1/MB/em302/generated/0010_20100926_225055_Amundsen.all.mb58.fnv,200,,,1
2010_Amundsen,0026_20100822_141530_Amundsen.all.mb58.fnv,https://data.ngdc.noaa.gov/platforms/ocean/ships/amundsen/2010_Amundsen/multibeam/data/version1/MB/em302/generated/0026_20100822_141530_Amundsen.all.mb58.fnv,200,,,1
2010_Amundsen,0029_20100922_115312_Amundsen.all.mb58.fnv,https://data.ngdc.noaa.gov/platforms/ocean/ships/amundsen/2010_Amundsen/multibeam/data/version1/MB/em302/generated/0029_20100922_115312_Amundsen.all.mb58.fnv,200,,,1
2010_Amundsen,0066_20100930_002855_Amundsen.all.mb58.fnv,https://data.ngdc.noaa.gov/platforms/ocean/ships/amundsen/2010_Amundsen/multibeam/data/version1/MB/em302/generated/0066_20100930_002855_Amundsen.all.mb58.fnv,200,,,1
2010_Amundsen,0072_20100930_002930_Amundsen.all.mb58.fnv,https://data.ngdc.noaa.gov/platforms/ocean/ships/amundsen/2010_Amundsen/multibeam/data/version1/MB/em302/generated/0072_20100930_002930_Amundsen.all.mb58.fnv,200,,,1
2010_Amundsen,0074_20100930_002943_Amundsen.all.mb58.fnv,https://data.ngdc.noaa.gov/platforms/ocean/ships/amundsen/2010_Amundsen/multibeam/data/version1/MB/em302/generated/0074_20100930_002943_Amundsen.all.mb58.fnv,200,,,1
2010_Amundsen,0076_20100930_003003_Amundsen.all.mb58.fnv,https://data.ngdc.noaa.gov/platforms/ocean/ships/amundsen/2010_Amundsen/multibeam/data/version1/MB/em302/generated/0076_20100930_003003_Amundsen.all.mb58.fnv,200,,,1
2010_Amundsen,0078_20100930_003201_Amundsen.all.mb58.fnv,https://data.ngdc.noaa.gov/platforms/ocean/ships/amundsen/2010_Amundsen/multibeam/data/version1/MB/em302/generated/0078_20100930_003201_Amundsen.all.mb58.fnv,200,,,1
2010_Amundsen,0079_20100930_003223_Amundsen.all.mb58.fnv,https://data.ngdc.noaa.gov/platforms/ocean/ships/amundsen/2010_Amundsen/multibeam/data/version1/MB/em302/generated/0079_20100930_003223_Amundsen.all.mb58.fnv,200,,,1
2010_Amundsen,0106_20100901_224651_Amundsen.all.mb58.fnv,https://data.ngdc.noaa.gov/platforms/ocean/ships/amundsen/2010_Amundsen/multibeam/data/version1/MB/em302/generated/0106_20100901_224651_Amundsen.all.mb58.fnv,200,,,1
2010_Amundsen,0120_20100714_015143_Amundsen.all.mb58.fnv,https://data.ngdc.noaa.gov/platforms/ocean/ships/amundsen/2010_Amundsen/multibeam/data/version1/MB/em302/generated/0120_20100714_015143_Amundsen.all.mb58.fnv,200,,,1
2010_Amundsen,0121_20100714_020604_Amundsen.all.mb58.fnv,https://data.ngdc.noaa.gov/platforms/ocean/ships/amundsen/2010_Amundsen/multibeam/data/version1/MB/em302/generated/0121_20100714_020604_Amundsen.all.mb58.fnv,200,,,1
2010_Amundsen,0122_20100714_024013_Amundsen.all.mb58.fnv,https://data.ngdc.noaa.gov/platforms/ocean/ships/amundsen/2010_Amundsen/multibeam/data/version1/MB/em302/generated/0122_20100714_024013_Amundsen.all.mb58.fnv,200,,,1
FK160407,0029_20160414_182615_FK160407_EM302.all.mb58.fnv,https://data.ngdc.noaa.gov/platforms/ocean/ships/falkor/FK160407/multibeam/data/version1/MB/em302/generated/0029_20160414_182615_FK160407_EM302.all.mb58.fnv,200,,,1
AT18-11,9999.all.mb58.fnv,https://data.ngdc.noaa.gov/platforms/ocean/ships/atlantis/AT18-11/multibeam/data/version1/MB/generated/9999.all.mb58.fnv,200,,,1
MV1209,0109_20120704_205520_melville.all.mb58.fnv,https://data.ngdc.noaa.gov/platforms/ocean/ships/melville/MV1209/multibeam/data/version1/MB/generated/0109_20120704_205520_melville.all.mb58.fnv,200,,,1
AT42-03,9999.all.mb58.fnv,https://data.ngdc.noaa.gov/platforms/ocean/ships/atlantis/AT42-03/multibeam/data/version1/MB/em122/generated/9999.all.mb58.fnv,200,,,1
FK006B,0000_20121107_032853_FK_EM302.all.mb58.fnv,https://data.ngdc.noaa.gov/platforms/ocean/ships/falkor/FK006B/multibeam/data/version1/MB/em302/generated/0000_20121107_032853_FK_EM302.all.mb58.fnv,200,,,1
FK006B,0001_20121107_032857_FK_EM302.all.mb58.fnv,https://data.ngdc.noaa.gov/platforms/ocean/ships/falkor/FK006B/multibeam/data/version1/MB/em302/generated/0001_20121107_032857_FK_EM302.all.mb58.fnv,200,,,1
FK006B,0002_20121107_033019_FK_EM302.all.mb58.fnv,https://data.ngdc.noaa.gov/platforms/ocean/ships/falkor/FK006B/multibeam/data/version1/MB/em302/generated/0002_20121107_033019_FK_EM302.all.mb58.fnv,200,,,1
FK006B,0003_20121107_033527_FK_EM302.all.mb58.fnv,https://data.ngdc.noaa.gov/platforms/ocean/ships/falkor/FK006B/multibeam/data/version1/MB/em302/generated/0003_20121107_033527_FK_EM302.all.mb58.fnv,200,,,1
FK006B,0004_20121107_034507_FK_EM302.all.mb58.fnv,https://data.ngdc.noaa.gov/platforms/ocean/ships/falkor/FK006B/multibeam/data/version1/MB/em302/generated/0004_20121107_034507_FK_EM302.all.mb58.fnv,200,,,1
FK006B,0005_20121107_035030_FK_EM302.all.mb58.fnv,https://data.ngdc.noaa.gov/platforms/ocean/ships/falkor/FK006B/multibeam/data/version1/MB/em302/generated/0005_20121107_035030_FK_EM302.all.mb58.fnv,200,,,1
FK006B,0006_20121107_045023_FK_EM302.all.mb58.fnv,https://data.ngdc.noaa.gov/platforms/ocean/ships/falkor/FK006B/multibeam/data/version1/MB/em302/generated/0006_20121107_045023_FK_EM302.all.mb58.fnv,200,,,1
FK006B,0052_20121111_185647_FK_EM302.all.mb58.fnv,https://data.ngdc.noaa.gov/platforms/ocean/ships/falkor/FK006B/multibeam/data/version1/MB/em302/generated/0052_20121111_185647_FK_EM302.all.mb58.fnv,200,,,1
FK006B,0054_20121111_185647_FK_EM302.all.mb58.fnv,https://data.ngdc.noaa.gov/platforms/ocean/ships/falkor/FK006B/multibeam/data/version1/MB/em302/generated/0054_20121111_185647_FK_EM302.all.mb58.fnv,200,,,1
FK006B,0056_20121111_185648_FK_EM302.all.mb58.fnv,https://data.ngdc.noaa.gov/platforms/ocean/ships/falkor/FK006B/multibeam/data/version1/MB/em302/generated/0056_20121111_185648_FK_EM302.all.mb58.fnv,200,,,1
FK006B,0058_20121111_185649_FK_EM302.all.mb58.fnv,https://data.ngdc.noaa.gov/platforms/ocean/ships/falkor/FK006B/multibeam/data/version1/MB/em302/generated/0058_20121111_185649_FK_EM302.all.mb58.fnv,200,,,1
FK006B,0152_20121117_225023_FK_EM302.all.mb58.fnv,https://data.ngdc.noaa.gov/platforms/ocean/ships/falkor/FK006B/multibeam/data/version1/MB/em302/generated/0152_20121117_225023_FK_EM302.all.mb58.fnv,200,,,1
FK006B,0153_20121117_225106_FK_EM302.all.mb58.fnv,https://data.ngdc.noaa.gov/platforms/ocean/ships/falkor/FK006B/multibeam/data/version1/MB/em302/generated/0153_20121117_225106_FK_EM302.all.mb58.fnv,200,,,1
FK006B,0154_20121117_225504_FK_EM302.all.mb58.fnv,https://data.ngdc.noaa.gov/platforms/ocean/ships/falkor/FK006B/multibeam/data/version1/MB/em302/generated/0154_20121117_225504_FK_EM302.all.mb58.fnv,200,,,1
FK006B,0155_20121117_225702_FK_EM302.all.mb58.fnv,https://data.ngdc.noaa.gov/platforms/ocean/ships/falkor/FK006B/multibeam/data/version1/MB/em302/generated/0155_20121117_225702_FK_EM302.all.mb58.fnv,200,,,1
KN204-01,sb20111113064519.xse.mb94.fnv,https://data.ngdc.noaa.gov/platforms/ocean/ships/knorr/KN204-01/multibeam/data/version1/MB/generated/sb20111113064519.xse.mb94.fnv,200,,,1
KN204-01,sb20111119144603.xse.mb94.fnv,https://data.ngdc.noaa.gov/platforms/ocean/ships/knorr/KN204-01/multibeam/data/version1/MB/generated/sb20111119144603.xse.mb94.fnv,200,,,1
SKQ201705S,0000_20170426_171144_Sikuliaq.all.mb58.fnv,https://data.ngdc.noaa.gov/platforms/ocean/ships/sikuliaq/SKQ201705S/multibeam/data/version1/MB/em302/generated/0000_20170426_171144_Sikuliaq.all.mb58.fnv,200,,,1
SKQ201705S,0018_20170428_085632_Sikuliaq.all.mb58.fnv,https://data.ngdc.noaa.gov/platforms/ocean/ships/sikuliaq/SKQ201705S/multibeam/data/version1/MB/em302/generated/0018_20170428_085632_Sikuliaq.all.mb58.fnv,200,,,1
AT37-13,9999.all.mb58.fnv,https://data.ngdc.noaa.gov/platforms/ocean/ships/atlantis/AT37-13/multibeam/data/version1/MB/em122/generated/9999.all.mb58.fnv,200,,,1
FK171110,0091_20171201_161434_FK171005_EM302.all.mb58.fnv,https://data.ngdc.noaa.gov/platforms/ocean/ships/falkor/FK171110/multibeam/data/version1/MB/em302/generated/0091_20171201_161434_FK171005_EM302.all.mb58.fnv,200,,,1
FK171110,0092_20171201_161823_FK171005_EM302.all.mb58.fnv,https://data.ngdc.noaa.gov/platforms/ocean/ships/falkor/FK171110/multibeam/data/version1/MB/em302/generated/0092_20171201_161823_FK171005_EM302.all.mb58.fnv,200,,,1
TN313,0001_20140717_045648_TGT.all.mb58.fnv,https://data.ngdc.noaa.gov/platforms/ocean/ships/thomas_g._thompson/TN313/multibeam/data/version1/MB/em302/generated/0001_20140717_045648_TGT.all.mb58.fnv,200,,,1
TN313,0002_20140717_051907_TGT.all.mb58.fnv,https://data.ngdc.noaa.gov/platforms/ocean/ships/thomas_g._thompson/TN313/multibeam/data/version1/MB/em302/generated/0002_20140717_051907_TGT.all.mb58.fnv,200,,,1
TN313,0010_20140919_031124_TGT.all.mb58.fnv,https://data.ngdc.noaa.gov/platforms/ocean/ships/thomas_g._thompson/TN313/multibeam/data/version1/MB/em302/generated/0010_20140919_031124_TGT.all.mb58.fnv,200,,,1
TN313,0011_20140919_032628_TGT.all.mb58.fnv,https://data.ngdc.noaa.gov/platforms/ocean/ships/thomas_g._thompson/TN313/multibeam/data/version1/MB/em302/generated/0011_20140919_032628_TGT.all.mb58.fnv,200,,,1
TN313,0013_20140923_013216_TGT.all.mb58.fnv,https://data.ngdc.noaa.gov/platforms/ocean/ships/thomas_g._thompson/TN313/multibeam/data/version1/MB/em302/generated/0013_20140923_013216_TGT.all.mb58.fnv,200,,,1
TN313,0096_20141004_194604_TGT.all.mb58.fnv,https://data.ngdc.noaa.gov/platforms/ocean/ships/thomas_g._thompson/TN313/multibeam/data/version1/MB/em302/generated/0096_20141004_194604_TGT.all.mb58.fnv,200,,,1
TN313,0269_20140917_040100_TGT.all.mb58.fnv,https://data.ngdc.noaa.gov/platforms/ocean/ships/thomas_g._thompson/TN313/multibeam/data/version1/MB/em302/generated/0269_20140917_040100_TGT.all.mb58.fnv,200,,,1
AT42-06,9999.all.mb58.fnv,https://data.ngdc.noaa.gov/platforms/ocean/ships/atlantis/AT42-06/multibeam/data/version1/MB/em122/generated/9999.all.mb58.fnv,200,,,1
TN268,0000_20110813_125153_TGT.all.mb58.fnv,https://data.ngdc.noaa.gov/platforms/ocean/ships/thomas_g._thompson/TN268/multibeam/data/version1/MB/generated/0000_20110813_125153_TGT.all.mb58.fnv,200,,,1
RB1604,0000_20160506_144827_RB.all.mb58.fnv,https://data.ngdc.noaa.gov/platforms/ocean/ships/ronald_h._brown/RB1604/multibeam/data/version1/MB/em122/generated/0000_20160506_144827_RB.all.mb58.fnv,200,,,1
RB1604,9999_160514013306_tmp.all.mb58.fnv,https://data.ngdc.noaa.gov/platforms/ocean/ships/ronald_h._brown/RB1604/multibeam/data/version1/MB/em122/generated/9999_160514013306_tmp.all.mb58.fnv,200,,,1
RB1604,9999_160514222436_tmp.all.mb58.fnv,https://data.ngdc.noaa.gov/platforms/ocean/ships/ronald_h._brown/RB1604/multibeam/data/version1/MB/em122/generated/9999_160514222436_tmp.all.mb58.fnv,200,,,1
RB1604,9999_160515054149_tmp.all.mb58.fnv,https://data.ngdc.noaa.gov/platforms/ocean/ships/ronald_h._brown/RB1604/multibeam/data/version1/MB/em122/generated/9999_160515054149_tmp.all.mb58.fnv,200,,,1
TN383,0148_20200915_143453_TGT.all.mb58.fnv,https://data.ngdc.noaa.gov/platforms/ocean/ships/thomas_g._thompson/TN383/multibeam/data/version1/MB/em302/generated/0148_20200915_143453_TGT.all.mb58.fnv,200,,,1
TN383,0178_20200919_130606_TGT.all.mb58.fnv,https://data.ngdc.noaa.gov/platforms/ocean/ships/thomas_g._thompson/TN383/multibeam/data/version1/MB/em302/generated/0178_20200919_130606_TGT.all.mb58.fnv,200,,,1
NA090,0003_20171021_144007_Nautilus.all.mb58.fnv,https://data.ngdc.noaa.gov/platforms/ocean/ships/nautilus/NA090/multibeam/data/version1/MB/em302/generated/0003_20171021_144007_Nautilus.all.mb58.fnv,200,,,1
NA080,0028_20170512_231024_Nautilus.all.mb58.fnv,https://data.ngdc.noaa.gov/platforms/ocean/ships/nautilus/NA080/multibeam/data/version1/MB/em302/generated/0028_20170512_231024_Nautilus.all.mb58.fnv,200,,,1
TN299,0155_20130708_231340_TGT.all.mb58.fnv,https://data.ngdc.noaa.gov/platforms/ocean/ships/thomas_g._thompson/TN299/multibeam/data/version1/MB/em302/generated/0155_20130708_231340_TGT.all.mb58.fnv,200,,,1
TN299,0157_20130709_001250_TGT.all.mb58.fnv,https://data.ngdc.noaa.gov/platforms/ocean/ships/thomas_g._thompson/TN299/multibeam/data/version1/MB/em302/generated/0157_20130709_001250_TGT.all.mb58.fnv,200,,,1
TN299,0165_20130709_070745_TGT.all.mb58.fnv,https://data.ngdc.noaa.gov/platforms/ocean/ships/thomas_g._thompson/TN299/multibeam/data/version1/MB/em302/generated/0165_20130709_070745_TGT.all.mb58.fnv,200,,,1
TN299,0166_20130709_070747_TGT.all.mb58.fnv,https://data.ngdc.noaa.gov/platforms/ocean/ships/thomas_g._thompson/TN299/multibeam/data/version1/MB/em302/generated/0166_20130709_070747_TGT.all.mb58.fnv,200,,,1
TN299,0636_20130817_183644_TGT.all.mb58.fnv,https://data.ngdc.noaa.gov/platforms/ocean/ships/thomas_g._thompson/TN299/multibeam/data/version1/MB/em302/generated/0636_20130817_183644_TGT.all.mb58.fnv,200,,,1
AR26,9999.all.mb58.fnv,https://data.ngdc.noaa.gov/platforms/ocean/ships/neil_armstrong/AR26/multibeam/data/version1/MB/em122/generated/9999.all.mb58.fnv,200,,,1
AR26,9999.all.mb58.fnv,https://data.ngdc.noaa.gov/platforms/ocean/ships/neil_armstrong/AR26/multibeam/data/version1/MB/em122/generated/9999.all.mb58.fnv,200,,,1
TN399,0340_20220129_153014_TGT.all.mb58.fnv,https://data.ngdc.noaa.gov/platforms/ocean/ships/thomas_g._thompson/TN399/multibeam/data/version1/MB/em302/generated/0340_20220129_153014_TGT.all.mb58.fnv,200,,,1
TN399,0341_20220129_153332_TGT.all.mb58.fnv,https://data.ngdc.noaa.gov/platforms/ocean/ships/thomas_g._thompson/TN399/multibeam/data/version1/MB/em302/generated/0341_20220129_153332_TGT.all.mb58.fnv,200,,,1
TN399,0342_20220129_154647_TGT.all.mb58.fnv,https://data.ngdc.noaa.gov/platforms/ocean/ships/thomas_g._thompson/TN399/multibeam/data/version1/MB/em302/generated/0342_20220129_154647_TGT.all.mb58.fnv,200,,,1
TN399,9999_220227093205_tmp.all.mb58.fnv,https://data.ngdc.noaa.gov/platforms/ocean/ships/thomas_g._thompson/TN399/multibeam/data/version1/MB/em302/generated/9999_220227093205_tmp.all.mb58.fnv,200,,,1
EW9801,9801hs.d044.mb21.fnv,https://data.ngdc.noaa.gov/platforms/ocean/ships/maurice_ewing/EW9801/multibeam/data/version1/MB/generated/9801hs.d044.mb21.fnv,200,,,1
