hr_id,bucket,duplicate_of,match_type,iou,containment
PANGAEA:tag_m127,manifest_seed_clean,tag_m127,id_seed,,
MANIFEST:cal_dig_morro_bay__20190511m2_BankTopEofCanyon3,manifest_seed_clean,cal_dig_morro_bay__20190511m2_BankTopEofCanyon3,id_seed,,
MANIFEST:cal_dig_morro_bay__20190317m2_600mGully,manifest_seed_clean,cal_dig_morro_bay__20190317m2_600mGully,id_seed,,
MANIFEST:cal_dig_morro_bay__20190317m1_1000mGully,manifest_seed_clean,cal_dig_morro_bay__20190317m1_1000mGully,id_seed,,
MANIFEST:cal_dig_morro_bay__201804_LuciaChica2m,manifest_seed_clean,cal_dig_morro_bay__201804_LuciaChica2m,id_seed,,
MANIFEST:cal_dig_morro_bay__20180427m1_Channel700,manifest_seed_clean,cal_dig_morro_bay__20180427m1_Channel700,id_seed,,
MANIFEST:cal_dig_morro_bay__20180427m3_PockmarkNorth,manifest_seed_clean,cal_dig_morro_bay__20180427m3_PockmarkNorth,id_seed,,
MANIFEST:cal_dig_morro_bay__20190511m1_6thHeadlessCany,manifest_seed_clean,cal_dig_morro_bay__20190511m1_6thHeadlessCany,id_seed,,
MANIFEST:cal_dig_morro_bay__20190510m2_BankFlankIncipCh,manifest_seed_clean,cal_dig_morro_bay__20190510m2_BankFlankIncipCh,id_seed,,
MANIFEST:cal_dig_morro_bay__20190314m4_LuciaChica970m,manifest_seed_clean,cal_dig_morro_bay__20190314m4_LuciaChica970m,id_seed,,
