pair_id,site_name,region,cruise_id,vessel,hr_platform,hr_sonar,hr_doi,hr_native_res_m,lr_platform,lr_sonar,lr_doi,lr_native_res_m,res_ratio,depth_min_m,depth_max_m,terrain_class,native_crs_hr,native_crs_lr,target_crs,vertical_datum,footprint_wkt,license,acquisition_date,verification_status,raw_path_hr,raw_path_lr,harmonized_path_hr,harmonized_path_lr,checksum_hr,checksum_lr,notes,horiz_offset_m,vert_offset_m,coreg_peak_psr,coreg_peak_eig_ratio,coreg_peak_agrees,coreg_status,qc_artifact_path,hr_source_type,hr_local_path,hr_superseded_doi,hr_superseded_reason,terrain_class_proposed,terrain_proposed_basis
cal_dig_morro_bay__20190318m2_Transect601060m,Cal DIG I / Morro Bay,Offshore South-Central California,Cal DIG I,NOAA Rainier/Fairweather (+ R/V Sally Ride gap-fill),MBARI-donated AUV,Reson 7125 400 kHz,,1.0296948797210286,NOAA hull,Simrad EM 700 series,10.5066/P9QQZ27U,10.0,5.0,100.0,1600.0,continental_margin,EPSG:32610,EPSG:26910,EPSG:26910,MSL_negative_down,/scratch/groups/hilley/auv_ship_colocated_bathy/harmonized/cal_dig_morro_bay/20190318m2_Transect601060m/footprint.geojson,HR: public_domain_usgs; LR: public_domain_usgs,2016-2019,verified_pair,/scratch/groups/hilley/auv_ship_colocated_bathy/user-provided-cal-dig/Transect_60_1060m_Topo1m_interp_converted.tif,/scratch/groups/hilley/auv_ship_colocated_bathy/raw/cal_dig_morro_bay/lr_Cal_DIG_I_Bathymetry_10m_extracted/Cal_DIG_I_Bathymetry_10m.tif,/scratch/groups/hilley/auv_ship_colocated_bathy/harmonized/cal_dig_morro_bay/20190318m2_Transect601060m/hr.tif,/scratch/groups/hilley/auv_ship_colocated_bathy/harmonized/cal_dig_morro_bay/20190318m2_Transect601060m/lr.tif,cb32b25277460f656ccdee976a5e4eb5d77bda9a0373a63e688ad2baed7336fb,dfd2ee80cb690dc77c20d66711c4e065a0f8731ea3bff25d5a5a73407b440f13,"User-provided HR (single warp to 2 m EPSG:26910 with `average` resample; native GSD 1.03 m, native CRS EPSG:32610). Supersedes CMGDS 10.5066/P97QM7NF. Coreg: dx=-36.00 m, dy=-12.00 m, dz=-1.90 m; post-residual MAD=0.49 m.",37.94733192202055,1.9,4.252855510844518,1.8344689514963948,False,needs_review,/scratch/groups/hilley/auv_ship_colocated_bathy/harmonized/cal_dig_morro_bay/20190318m2_Transect601060m/qc/cal_dig_morro_bay__20190318m2_Transect601060m_overlay.png,doi,,,,,
cal_dig_morro_bay__20190510m1_BankFlankHoles,Cal DIG I / Morro Bay,Offshore South-Central California,Cal DIG I,NOAA Rainier/Fairweather (+ R/V Sally Ride gap-fill),MBARI-donated AUV,Reson 7125 400 kHz,,1.0,NOAA hull,Simrad EM 700 series,10.5066/P9QQZ27U,10.0,5.0,100.0,1600.0,continental_margin,EPSG:32610,EPSG:26910,EPSG:26910,MSL_negative_down,/scratch/groups/hilley/auv_ship_colocated_bathy/harmonized/cal_dig_morro_bay/20190510m1_BankFlankHoles/footprint.geojson,HR: public_domain_usgs; LR: public_domain_usgs,2016-2019,verified_pair,/scratch/groups/hilley/auv_ship_colocated_bathy/user-provided-cal-dig/BankFlankHoles_MAUV_Topo1m_UTM_utm.tif,/scratch/groups/hilley/auv_ship_colocated_bathy/raw/cal_dig_morro_bay/lr_Cal_DIG_I_Bathymetry_10m_extracted/Cal_DIG_I_Bathymetry_10m.tif,/scratch/groups/hilley/auv_ship_colocated_bathy/harmonized/cal_dig_morro_bay/20190510m1_BankFlankHoles/hr.tif,/scratch/groups/hilley/auv_ship_colocated_bathy/harmonized/cal_dig_morro_bay/20190510m1_BankFlankHoles/lr.tif,9fd5cb566d158c0b7f9cb7b52d1d7d0b62f0c5f7ddbdb23f12f9a260ba13a565,c2c423def5cf1ba14a9d02a5acf3fcb4293120177c828e9e3c4883b7adbb0195,"User-provided HR (single warp to 2 m EPSG:26910 with `average` resample; native GSD 1.00 m, native CRS EPSG:32610). Supersedes CMGDS 10.5066/P97QM7NF. Coreg: dx=+4.00 m, dy=+6.00 m, dz=-1.80 m; post-residual MAD=0.74 m.",7.211102550927978,1.8,11.779289753822344,1.1621189969182186,True,needs_review,/scratch/groups/hilley/auv_ship_colocated_bathy/harmonized/cal_dig_morro_bay/20190510m1_BankFlankHoles/qc/cal_dig_morro_bay__20190510m1_BankFlankHoles_overlay.png,doi,,,,,
cal_dig_morro_bay__20190510m2_BankFlankIncipCh,Cal DIG I / Morro Bay,Offshore South-Central California,Cal DIG I,NOAA Rainier/Fairweather (+ R/V Sally Ride gap-fill),MBARI-donated AUV,Reson 7125 400 kHz,,1.9997040816326723,NOAA hull,Simrad EM 700 series,10.5066/P9QQZ27U,10.0,5.0,100.0,1600.0,continental_margin,EPSG:32610,EPSG:26910,EPSG:26910,MSL_negative_down,/scratch/groups/hilley/auv_ship_colocated_bathy/harmonized/cal_dig_morro_bay/20190510m2_BankFlankIncipCh/footprint.geojson,HR: public_domain_usgs; LR: public_domain_usgs,2016-2019,verified_pair,/scratch/groups/hilley/auv_ship_colocated_bathy/user-provided-cal-dig/BankFlankIncipCh_2m.tif,/scratch/groups/hilley/auv_ship_colocated_bathy/raw/cal_dig_morro_bay/lr_Cal_DIG_I_Bathymetry_10m_extracted/Cal_DIG_I_Bathymetry_10m.tif,/scratch/groups/hilley/auv_ship_colocated_bathy/harmonized/cal_dig_morro_bay/20190510m2_BankFlankIncipCh/hr.tif,/scratch/groups/hilley/auv_ship_colocated_bathy/harmonized/cal_dig_morro_bay/20190510m2_BankFlankIncipCh/lr.tif,2c7812b67bffafeffcf930a512c9d799d4d3b366a7095dc6d72173b260c313a5,15231f2d39d15efc01e8c1b9d89c1cd7d42e75f369c3081bae66b1b2f1b04b1d,"User-provided HR (single warp to 2 m EPSG:26910 with `cubic` resample; native GSD 2.00 m, native CRS EPSG:32610). Supersedes CMGDS 10.5066/P97QM7NF. Coreg: dx=+42.00 m, dy=-22.00 m, dz=-0.30 m; post-residual MAD=1.48 m. NCC peak ridge orient ~-65 deg (eig_ratio=5.3). NCC peak ridge orient ~-65 deg (eig_ratio=5.3).",47.41307836451879,0.3,9.5037977683073,5.34969788832259,False,needs_review,/scratch/groups/hilley/auv_ship_colocated_bathy/harmonized/cal_dig_morro_bay/20190510m2_BankFlankIncipCh/qc/cal_dig_morro_bay__20190510m2_BankFlankIncipCh_overlay.png,doi,,,,,
cal_dig_morro_bay__20190511m1_6thHeadlessCany,Cal DIG I / Morro Bay,Offshore South-Central California,Cal DIG I,NOAA Rainier/Fairweather (+ R/V Sally Ride gap-fill),MBARI-donated AUV,Reson 7125 400 kHz,,1.9997453773870968,NOAA hull,Simrad EM 700 series,10.5066/P9QQZ27U,10.0,5.0,100.0,1600.0,continental_margin,EPSG:32610,EPSG:26910,EPSG:26910,MSL_negative_down,/scratch/groups/hilley/auv_ship_colocated_bathy/harmonized/cal_dig_morro_bay/20190511m1_6thHeadlessCany/footprint.geojson,HR: public_domain_usgs; LR: public_domain_usgs,2016-2019,verified_pair,/scratch/groups/hilley/auv_ship_colocated_bathy/user-provided-cal-dig/6thHeadlessCanyon_2m.tif,/scratch/groups/hilley/auv_ship_colocated_bathy/raw/cal_dig_morro_bay/lr_Cal_DIG_I_Bathymetry_10m_extracted/Cal_DIG_I_Bathymetry_10m.tif,/scratch/groups/hilley/auv_ship_colocated_bathy/harmonized/cal_dig_morro_bay/20190511m1_6thHeadlessCany/hr.tif,/scratch/groups/hilley/auv_ship_colocated_bathy/harmonized/cal_dig_morro_bay/20190511m1_6thHeadlessCany/lr.tif,084f329c1c33408ca0508a23acc647237a15b6215b47a52ff84e932bf002e36c,a06e18d18ef33228e6db5b61fadca32abacbea50d08773aa1e7b2e698b2598fe,"User-provided HR (single warp to 2 m EPSG:26910 with `cubic` resample; native GSD 2.00 m, native CRS EPSG:32610). Supersedes CMGDS 10.5066/P97QM7NF. Coreg: dx=+16.00 m, dy=-6.00 m, dz=-1.41 m; post-residual MAD=0.81 m.",17.08800749063506,1.41,8.00602133944813,1.273125178384486,False,needs_review,/scratch/groups/hilley/auv_ship_colocated_bathy/harmonized/cal_dig_morro_bay/20190511m1_6thHeadlessCany/qc/cal_dig_morro_bay__20190511m1_6thHeadlessCany_overlay.png,doi,,,,,
cal_dig_morro_bay__20190511m2_BankTopEofCanyon3,Cal DIG I / Morro Bay,Offshore South-Central California,Cal DIG I,NOAA Rainier/Fairweather (+ R/V Sally Ride gap-fill),MBARI-donated AUV,Reson 7125 400 kHz,,2.000092583120217,NOAA hull,Simrad EM 700 series,10.5066/P9QQZ27U,10.0,5.0,100.0,1600.0,continental_margin,EPSG:32610,EPSG:26910,EPSG:26910,MSL_negative_down,/scratch/groups/hilley/auv_ship_colocated_bathy/harmonized/cal_dig_morro_bay/20190511m2_BankTopEofCanyon3/footprint.geojson,HR: public_domain_usgs; LR: public_domain_usgs,2016-2019,verified_pair,/scratch/groups/hilley/auv_ship_colocated_bathy/user-provided-cal-dig/BankTopEofCanyon3_2m.tif,/scratch/groups/hilley/auv_ship_colocated_bathy/raw/cal_dig_morro_bay/lr_Cal_DIG_I_Bathymetry_10m_extracted/Cal_DIG_I_Bathymetry_10m.tif,/scratch/groups/hilley/auv_ship_colocated_bathy/harmonized/cal_dig_morro_bay/20190511m2_BankTopEofCanyon3/hr.tif,/scratch/groups/hilley/auv_ship_colocated_bathy/harmonized/cal_dig_morro_bay/20190511m2_BankTopEofCanyon3/lr.tif,38b6b88cb2fa693da59cae9444970d910c7d1b1d8a2d428287729668e3d71e73,e967736f7351206a0eec8c42d0cdf555100c08798f1e4a0093cf3125ab76a84e,"User-provided HR (single warp to 2 m EPSG:26910 with `cubic` resample; native GSD 2.00 m, native CRS EPSG:32610). Supersedes CMGDS 10.5066/P97QM7NF. Coreg: dx=-2.00 m, dy=+12.00 m, dz=+0.12 m; post-residual MAD=0.49 m.",12.16552506059644,0.12,8.288805617952846,1.6395708062865872,False,needs_review,/scratch/groups/hilley/auv_ship_colocated_bathy/harmonized/cal_dig_morro_bay/20190511m2_BankTopEofCanyon3/qc/cal_dig_morro_bay__20190511m2_BankTopEofCanyon3_overlay.png,doi,,,,,
cal_dig_morro_bay__luciachica_2007,Cal DIG I / Morro Bay,Offshore South-Central California,Cal DIG I,NOAA Rainier/Fairweather (+ R/V Sally Ride gap-fill),MBARI-donated AUV,Reson 7125 400 kHz,,1.0,NOAA hull,Simrad EM 700 series,10.5066/P9QQZ27U,10.0,5.0,0.0,0.0,continental_margin,EPSG:32610,EPSG:26910,EPSG:26910,MSL_negative_down,/scratch/groups/hilley/auv_ship_colocated_bathy/harmonized/cal_dig_morro_bay/luciachica_2007/footprint.geojson,HR: MBARI/USGS public AUV; LR: public_domain_usgs,,verified_pair,/scratch/groups/hilley/auv_ship_colocated_bathy/user-provided-cal-dig/LuciaChica_2007_Topo1m_UTM_utm.tif,/scratch/groups/hilley/auv_ship_colocated_bathy/raw/cal_dig_morro_bay/lr_Cal_DIG_I_Bathymetry_10m_extracted/Cal_DIG_I_Bathymetry_10m.tif,/scratch/groups/hilley/auv_ship_colocated_bathy/harmonized/cal_dig_morro_bay/luciachica_2007/hr.tif,/scratch/groups/hilley/auv_ship_colocated_bathy/harmonized/cal_dig_morro_bay/luciachica_2007/lr.tif,6c340f9ce14716abe35d61154d3b2b38fb33d96770716e9b6bf62be6b8a2d66a,0a3181347cdda1c3ace6ef9724946015efbcad4f8e435f206f6b15de667ebcbc,"User-provided HR (single warp to 2 m EPSG:26910 with `average` resample; native GSD 1.00 m, native CRS EPSG:32610). New pair (no CMGDS ancestor; v1.2.1 §4). Coreg: dx=+32.00 m, dy=+2.00 m, dz=-2.68 m; post-residual MAD=0.50 m. NCC peak ridge orient ~+138 deg (eig_ratio=6.0). NCC peak ridge orient ~+138 deg (eig_ratio=6.0).",32.0624390837628,2.68,6.6425671015054295,6.00164514424767,False,needs_review,/scratch/groups/hilley/auv_ship_colocated_bathy/harmonized/cal_dig_morro_bay/luciachica_2007/qc/cal_dig_morro_bay__luciachica_2007_overlay.png,doi,,,,,
cal_dig_morro_bay__pockmark_south,Cal DIG I / Morro Bay,Offshore South-Central California,Cal DIG I,NOAA Rainier/Fairweather (+ R/V Sally Ride gap-fill),MBARI-donated AUV,Reson 7125 400 kHz,,1.0,NOAA hull,Simrad EM 700 series,10.5066/P9QQZ27U,10.0,5.0,0.0,0.0,continental_margin,EPSG:32610,EPSG:26910,EPSG:26910,MSL_negative_down,/scratch/groups/hilley/auv_ship_colocated_bathy/harmonized/cal_dig_morro_bay/pockmark_south/footprint.geojson,HR: MBARI/USGS public AUV; LR: public_domain_usgs,,verified_pair,/scratch/groups/hilley/auv_ship_colocated_bathy/user-provided-cal-dig/PockmarkSouth_MAUV_Topo1m_UTM_utm.tif,/scratch/groups/hilley/auv_ship_colocated_bathy/raw/cal_dig_morro_bay/lr_Cal_DIG_I_Bathymetry_10m_extracted/Cal_DIG_I_Bathymetry_10m.tif,/scratch/groups/hilley/auv_ship_colocated_bathy/harmonized/cal_dig_morro_bay/pockmark_south/hr.tif,/scratch/groups/hilley/auv_ship_colocated_bathy/harmonized/cal_dig_morro_bay/pockmark_south/lr.tif,79c107852861db67906fd7f482c1b6ed3de4274303ddd4c121ec17abbb54a4f5,8c34a2e0a0a0b4e77fe0a10dbe24058ff3abe1737069e216aba912601b3fe03f,"User-provided HR (single warp to 2 m EPSG:26910 with `average` resample; native GSD 1.00 m, native CRS EPSG:32610). New pair (no CMGDS ancestor; v1.2.1 §4). Coreg: dx=-4.00 m, dy=+0.00 m, dz=-1.50 m; post-residual MAD=0.38 m. NCC peak ridge orient ~-111 deg (eig_ratio=5.4). NCC peak ridge orient ~-111 deg (eig_ratio=5.4).",4.0,1.5,5.873470723932957,5.3566731044760125,True,needs_review,/scratch/groups/hilley/auv_ship_colocated_bathy/harmonized/cal_dig_morro_bay/pockmark_south/qc/cal_dig_morro_bay__pockmark_south_overlay.png,doi,,,,,
cal_dig_morro_bay__basin_flank,Cal DIG I / Morro Bay,Offshore South-Central California,Cal DIG I,NOAA Rainier/Fairweather (+ R/V Sally Ride gap-fill),MBARI-donated AUV,Reson 7125 400 kHz,,1.0,NOAA hull,Simrad EM 700 series,10.5066/P9QQZ27U,10.0,5.0,0.0,0.0,continental_margin,EPSG:32610,EPSG:26910,EPSG:26910,MSL_negative_down,/scratch/groups/hilley/auv_ship_colocated_bathy/harmonized/cal_dig_morro_bay/basin_flank/footprint.geojson,HR: MBARI/USGS public AUV; LR: public_domain_usgs,,verified_pair,/scratch/groups/hilley/auv_ship_colocated_bathy/user-provided-cal-dig/BasinFlank_MAUV_Topo1m_UTM_utm.tif,/scratch/groups/hilley/auv_ship_colocated_bathy/raw/cal_dig_morro_bay/lr_Cal_DIG_I_Bathymetry_10m_extracted/Cal_DIG_I_Bathymetry_10m.tif,/scratch/groups/hilley/auv_ship_colocated_bathy/harmonized/cal_dig_morro_bay/basin_flank/hr.tif,/scratch/groups/hilley/auv_ship_colocated_bathy/harmonized/cal_dig_morro_bay/basin_flank/lr.tif,5702d7649119fbd3c50202ae6c0e9713c2b5f60b74b28bc967b7fa749c7be0ba,b7eb48f68a5d294a8d7b4b14cc71e627adbd937de2f6e08a68cc49ba6b5f2394,"User-provided HR (single warp to 2 m EPSG:26910 with `average` resample; native GSD 1.00 m, native CRS EPSG:32610). New pair (no CMGDS ancestor; v1.2.1 §4). Coreg: dx=+16.00 m, dy=-38.00 m, dz=-1.88 m; post-residual MAD=0.60 m.",41.23105625617661,1.88,3.4565807134272024,1.7162055163502117,False,needs_review,/scratch/groups/hilley/auv_ship_colocated_bathy/harmonized/cal_dig_morro_bay/basin_flank/qc/cal_dig_morro_bay__basin_flank_overlay.png,doi,,,,,
ccz_so268_1,Clarion-Clipperton Zone — German License Area,Equatorial NE Pacific (CCZ),SO268/1,RV SONNE,AUV ABYSS (REMUS 6000),Reson 7125,10.1594/PANGAEA.915765,3.0,RV SONNE hull,Kongsberg EM122,10.1594/PANGAEA.915764,50.0,16.666666666666668,4050.0,4150.0,nodule_field,EPSG:32611,EPSG:32611,EPSG:32611,MSL_negative_down,/scratch/groups/hilley/auv_ship_colocated_bathy/harmonized/ccz_so268_1/footprint.geojson,HR: CC-BY-4.0; LR: CC-BY-4.0,2019,verified_pair,/scratch/groups/hilley/auv_ship_colocated_bathy/raw/ccz_so268_1/hr_10.1594_PANGAEA.915765_SO268_BGR_AUV_3m.tif,/scratch/groups/hilley/auv_ship_colocated_bathy/raw/ccz_so268_1/lr_10.1594_PANGAEA.915764_SO268_BGR_EM122_50m.tif,/scratch/groups/hilley/auv_ship_colocated_bathy/harmonized/ccz_so268_1/hr.tif,/scratch/groups/hilley/auv_ship_colocated_bathy/harmonized/ccz_so268_1/lr.tif,15f76d019c780403e01476efbe63e8bc779bfd840fc4616fbec2c0d180b60bb6,f4b02703a2176539a5d4e2b88452604e5187a5dea4a0f68619a1abc501c909b7,"Tier 2 vertical slice (v1.3 §6). GEOMAR ship grids are often already ship-referenced, so coreg offsets may be small — verify a near-zero solve actually ran (per v1.3 §4). HR native 3 m / LR native 50 m → ratio ~17x. Coreg: dx=-24.00 m, dy=-21.00 m, dz=-7.35 m; post-residual MAD=0.67 m.",31.89043743820395,7.35,7.397846978990938,1.515671885561945,True,needs_review,/scratch/groups/hilley/auv_ship_colocated_bathy/harmonized/ccz_so268_1/qc/ccz_so268_1_overlay.png,doi,,,,,
discol_so242_1,DISCOL Experimental Area,Peru Basin,SO242/1,RV SONNE,AUV ABYSS (REMUS 6000),Reson 7125,10.1594/PANGAEA.905580,2.0,RV SONNE hull,Kongsberg EM122,10.1594/PANGAEA.905579,38.0,19.0,4100.0,4200.0,abyssal_plain,EPSG:32716,EPSG:32716,EPSG:32716,MSL_negative_down,/scratch/groups/hilley/auv_ship_colocated_bathy/harmonized/discol_so242_1/footprint.geojson,HR: CC-BY-4.0; LR: CC-BY-4.0,2015,verified_pair,/scratch/groups/hilley/auv_ship_colocated_bathy/raw/discol_so242_1/hr_10.1594_PANGAEA.905580_AUV_bathymetry.tif,/scratch/groups/hilley/auv_ship_colocated_bathy/raw/discol_so242_1/lr_10.1594_PANGAEA.905579_DISCOL_workingAreaUTM.tif,/scratch/groups/hilley/auv_ship_colocated_bathy/harmonized/discol_so242_1/hr.tif,/scratch/groups/hilley/auv_ship_colocated_bathy/harmonized/discol_so242_1/lr.tif,5407f50d05576a67cf3063840a2ecdd61f0f8afb96de02f3566fae97e84845b5,99bdf3aacb780ec5ec02ea72d704f9699ea86b72b3adc24da50633f455ab6a98,AUV ABYSS HR already corrected against ship EM122 in the source release. Adjacent topographic high present within the DEA footprint.,0.0,0.0,6.1646972956258805,1.6659381671244904,True,needs_review,/scratch/groups/hilley/auv_ship_colocated_bathy/harmonized/discol_so242_1/qc/discol_so242_1_overlay.png,doi,,,,,
cal_dig_morro_bay__20180426m2_Channel1000,Cal DIG I / Morro Bay,Offshore South-Central California,Cal DIG I,NOAA Rainier/Fairweather (+ R/V Sally Ride gap-fill),MBARI-donated AUV,Reson 7125 400 kHz,,1.0,NOAA hull,Simrad EM 700 series,10.5066/P9QQZ27U,10.0,5.0,100.0,1600.0,continental_margin,EPSG:32610,EPSG:26910,EPSG:26910,MSL_negative_down,/scratch/groups/hilley/auv_ship_colocated_bathy/harmonized/cal_dig_morro_bay/20180426m2_Channel1000/footprint.geojson,HR: public_domain_usgs; LR: public_domain_usgs,2016-2019,verified_pair,/scratch/groups/hilley/auv_ship_colocated_bathy/user-provided-cal-dig/ChannelSurvey_1000_Topo1m_UTM_utm.tif,/scratch/groups/hilley/auv_ship_colocated_bathy/raw/cal_dig_morro_bay/lr_Cal_DIG_I_Bathymetry_10m_extracted/Cal_DIG_I_Bathymetry_10m.tif,/scratch/groups/hilley/auv_ship_colocated_bathy/harmonized/cal_dig_morro_bay/20180426m2_Channel1000/hr.tif,/scratch/groups/hilley/auv_ship_colocated_bathy/harmonized/cal_dig_morro_bay/20180426m2_Channel1000/lr.tif,cad8fcb73d17dc8de5642a03c8b57a95c0e7407dc4680dd4d2f9657d3b8d4462,4a38df0e28e67e6dbe02b967de232abe35fc77400454e97f2ccf0eeb63bbc915,"User-provided HR (single warp to 2 m EPSG:26910 with `average` resample; native GSD 1.00 m, native CRS EPSG:32610). Supersedes CMGDS 10.5066/P97QM7NF. Coreg: dx=-8.00 m, dy=-20.00 m, dz=-1.66 m; post-residual MAD=0.43 m.",21.54065922853801,1.66,5.140154165325884,2.981162054601659,False,needs_review,/scratch/groups/hilley/auv_ship_colocated_bathy/harmonized/cal_dig_morro_bay/20180426m2_Channel1000/qc/cal_dig_morro_bay__20180426m2_Channel1000_overlay.png,doi,,,,,
cal_dig_morro_bay__20180427m1_Channel700,Cal DIG I / Morro Bay,Offshore South-Central California,Cal DIG I,NOAA Rainier/Fairweather (+ R/V Sally Ride gap-fill),MBARI-donated AUV,Reson 7125 400 kHz,,2.0002188472865075,NOAA hull,Simrad EM 700 series,10.5066/P9QQZ27U,10.0,5.0,100.0,1600.0,continental_margin,EPSG:32610,EPSG:26910,EPSG:26910,MSL_negative_down,/scratch/groups/hilley/auv_ship_colocated_bathy/harmonized/cal_dig_morro_bay/20180427m1_Channel700/footprint.geojson,HR: public_domain_usgs; LR: public_domain_usgs,2016-2019,verified_pair,/scratch/groups/hilley/auv_ship_colocated_bathy/user-provided-cal-dig/Channel700_2m.tif,/scratch/groups/hilley/auv_ship_colocated_bathy/raw/cal_dig_morro_bay/lr_Cal_DIG_I_Bathymetry_10m_extracted/Cal_DIG_I_Bathymetry_10m.tif,/scratch/groups/hilley/auv_ship_colocated_bathy/harmonized/cal_dig_morro_bay/20180427m1_Channel700/hr.tif,/scratch/groups/hilley/auv_ship_colocated_bathy/harmonized/cal_dig_morro_bay/20180427m1_Channel700/lr.tif,5610ccb14e352eb7a1c3fcfd43f416a2cf317e96fb4805d370df985efeec5c2f,bdea3e2d9fb4e1c0e4c97332a460ed7e16c330889bb9fa63fa4af32b0b35bea6,"User-provided HR (single warp to 2 m EPSG:26910 with `cubic` resample; native GSD 2.00 m, native CRS EPSG:32610). Supersedes CMGDS 10.5066/P97QM7NF. Coreg: dx=+6.00 m, dy=+8.00 m, dz=-0.81 m; post-residual MAD=0.33 m.",10.0,0.81,5.920327527977029,1.9941656597863355,True,needs_review,/scratch/groups/hilley/auv_ship_colocated_bathy/harmonized/cal_dig_morro_bay/20180427m1_Channel700/qc/cal_dig_morro_bay__20180427m1_Channel700_overlay.png,doi,,,,,
cal_dig_morro_bay__20180427m3_PockmarkNorth,Cal DIG I / Morro Bay,Offshore South-Central California,Cal DIG I,NOAA Rainier/Fairweather (+ R/V Sally Ride gap-fill),MBARI-donated AUV,Reson 7125 400 kHz,,1.0,NOAA hull,Simrad EM 700 series,10.5066/P9QQZ27U,10.0,5.0,100.0,1600.0,continental_margin,EPSG:32610,EPSG:26910,EPSG:26910,MSL_negative_down,/scratch/groups/hilley/auv_ship_colocated_bathy/harmonized/cal_dig_morro_bay/20180427m3_PockmarkNorth/footprint.geojson,HR: public_domain_usgs; LR: public_domain_usgs,2016-2019,verified_pair,/scratch/groups/hilley/auv_ship_colocated_bathy/user-provided-cal-dig/PockmarkNorth_MAUV_Topo1m_UTM_utm.tif,/scratch/groups/hilley/auv_ship_colocated_bathy/raw/cal_dig_morro_bay/lr_Cal_DIG_I_Bathymetry_10m_extracted/Cal_DIG_I_Bathymetry_10m.tif,/scratch/groups/hilley/auv_ship_colocated_bathy/harmonized/cal_dig_morro_bay/20180427m3_PockmarkNorth/hr.tif,/scratch/groups/hilley/auv_ship_colocated_bathy/harmonized/cal_dig_morro_bay/20180427m3_PockmarkNorth/lr.tif,350ca3095cf4971b3946870162b8ca9406be78ddf0ca3707c8d595d0e2863db5,d1a897d183b999924b0fac0a9e682dfd314545625c5a490b4c4c9671736deb64,"User-provided HR (single warp to 2 m EPSG:26910 with `average` resample; native GSD 1.00 m, native CRS EPSG:32610). Supersedes CMGDS 10.5066/P97QM7NF. Coreg: dx=+0.00 m, dy=+0.00 m, dz=-1.68 m; post-residual MAD=0.39 m.",0.0,1.68,5.9365083445148725,3.442180498290362,True,needs_review,/scratch/groups/hilley/auv_ship_colocated_bathy/harmonized/cal_dig_morro_bay/20180427m3_PockmarkNorth/qc/cal_dig_morro_bay__20180427m3_PockmarkNorth_overlay.png,doi,,,,,
cal_dig_morro_bay__20180428m1_Cable,Cal DIG I / Morro Bay,Offshore South-Central California,Cal DIG I,NOAA Rainier/Fairweather (+ R/V Sally Ride gap-fill),MBARI-donated AUV,Reson 7125 400 kHz,,1.0,NOAA hull,Simrad EM 700 series,10.5066/P9QQZ27U,10.0,5.0,100.0,1600.0,continental_margin,EPSG:32610,EPSG:26910,EPSG:26910,MSL_negative_down,/scratch/groups/hilley/auv_ship_colocated_bathy/harmonized/cal_dig_morro_bay/20180428m1_Cable/footprint.geojson,HR: public_domain_usgs; LR: public_domain_usgs,2016-2019,verified_pair,/scratch/groups/hilley/auv_ship_colocated_bathy/user-provided-cal-dig/CableSurvey_MAUV_Topo1m_UTM_utm.tif,/scratch/groups/hilley/auv_ship_colocated_bathy/raw/cal_dig_morro_bay/lr_Cal_DIG_I_Bathymetry_10m_extracted/Cal_DIG_I_Bathymetry_10m.tif,/scratch/groups/hilley/auv_ship_colocated_bathy/harmonized/cal_dig_morro_bay/20180428m1_Cable/hr.tif,/scratch/groups/hilley/auv_ship_colocated_bathy/harmonized/cal_dig_morro_bay/20180428m1_Cable/lr.tif,857b0681a4a535d3a290d7e39bab7d2042ff3bf56ea65d431acd524a1bccf76a,3b90ee954437249b3a5ba4ed8e2d9ff5d0b8e71761752c6fdb486d746deaf5f9,"User-provided HR (single warp to 2 m EPSG:26910 with `average` resample; native GSD 1.00 m, native CRS EPSG:32610). Supersedes CMGDS 10.5066/P97QM7NF. Coreg: dx=-38.00 m, dy=+42.00 m, dz=+0.40 m; post-residual MAD=0.54 m. NCC peak ridge orient ~+175 deg (eig_ratio=12.6). NCC peak ridge orient ~+175 deg (eig_ratio=12.6). NCC peak ridge orient ~+175 deg (eig_ratio=12.6).",56.63920903402519,0.4,5.614418781593868,12.615955069077804,False,needs_review,/scratch/groups/hilley/auv_ship_colocated_bathy/harmonized/cal_dig_morro_bay/20180428m1_Cable/qc/cal_dig_morro_bay__20180428m1_Cable_overlay.png,doi,,,,,
cal_dig_morro_bay__20190314m4_LuciaChica970m,Cal DIG I / Morro Bay,Offshore South-Central California,Cal DIG I,NOAA Rainier/Fairweather (+ R/V Sally Ride gap-fill),MBARI-donated AUV,Reson 7125 400 kHz,,2.000300227479513,NOAA hull,Simrad EM 700 series,10.5066/P9QQZ27U,10.0,5.0,100.0,1600.0,continental_margin,EPSG:32610,EPSG:26910,EPSG:26910,MSL_negative_down,/scratch/groups/hilley/auv_ship_colocated_bathy/harmonized/cal_dig_morro_bay/20190314m4_LuciaChica970m/footprint.geojson,HR: public_domain_usgs; LR: public_domain_usgs,2016-2019,verified_pair,/scratch/groups/hilley/auv_ship_colocated_bathy/user-provided-cal-dig/LuciaChica970_2m.tif,/scratch/groups/hilley/auv_ship_colocated_bathy/raw/cal_dig_morro_bay/lr_Cal_DIG_I_Bathymetry_10m_extracted/Cal_DIG_I_Bathymetry_10m.tif,/scratch/groups/hilley/auv_ship_colocated_bathy/harmonized/cal_dig_morro_bay/20190314m4_LuciaChica970m/hr.tif,/scratch/groups/hilley/auv_ship_colocated_bathy/harmonized/cal_dig_morro_bay/20190314m4_LuciaChica970m/lr.tif,760bdec3af62bff0e8b855d56fe6fec8e36c47d864ec93c4e3b9685987dd0e33,3260fbdbba7950cb77a19917c3482a5a8066fcecadf91b03f75184e0a8999ae1,"User-provided HR (single warp to 2 m EPSG:26910 with `cubic` resample; native GSD 2.00 m, native CRS EPSG:32610). Supersedes CMGDS 10.5066/P97QM7NF. Coreg: dx=-8.00 m, dy=-2.00 m, dz=-2.05 m; post-residual MAD=0.34 m.",8.246211251235321,2.05,6.564267323584753,2.642252320873971,True,needs_review,/scratch/groups/hilley/auv_ship_colocated_bathy/harmonized/cal_dig_morro_bay/20190314m4_LuciaChica970m/qc/cal_dig_morro_bay__20190314m4_LuciaChica970m_overlay.png,doi,,,,,
cal_dig_morro_bay__20190315m1_HeadlessCanyon,Cal DIG I / Morro Bay,Offshore South-Central California,Cal DIG I,NOAA Rainier/Fairweather (+ R/V Sally Ride gap-fill),MBARI-donated AUV,Reson 7125 400 kHz,,1.019320966862077,NOAA hull,Simrad EM 700 series,10.5066/P9QQZ27U,10.0,5.0,100.0,1600.0,continental_margin,EPSG:32610,EPSG:26910,EPSG:26910,MSL_negative_down,/scratch/groups/hilley/auv_ship_colocated_bathy/harmonized/cal_dig_morro_bay/20190315m1_HeadlessCanyon/footprint.geojson,HR: public_domain_usgs; LR: public_domain_usgs,2016-2019,verified_pair,/scratch/groups/hilley/auv_ship_colocated_bathy/user-provided-cal-dig/HeadlessCanyon_Topo1m_converted.tif,/scratch/groups/hilley/auv_ship_colocated_bathy/raw/cal_dig_morro_bay/lr_Cal_DIG_I_Bathymetry_10m_extracted/Cal_DIG_I_Bathymetry_10m.tif,/scratch/groups/hilley/auv_ship_colocated_bathy/harmonized/cal_dig_morro_bay/20190315m1_HeadlessCanyon/hr.tif,/scratch/groups/hilley/auv_ship_colocated_bathy/harmonized/cal_dig_morro_bay/20190315m1_HeadlessCanyon/lr.tif,d9646f0561d4627711bc59978b7110b7ded9dd7b0d2fc80895629e9bbec12b08,95bf299d3c55c59962960d10871c8cf917b58004d03887c6244fc54410688336,"User-provided HR (single warp to 2 m EPSG:26910 with `average` resample; native GSD 1.02 m, native CRS EPSG:32610). Supersedes CMGDS 10.5066/P97QM7NF. Coreg: dx=+2.00 m, dy=+42.00 m, dz=-1.54 m; post-residual MAD=2.70 m. NCC peak ridge orient ~+179 deg (eig_ratio=23.9). NCC peak ridge orient ~+179 deg (eig_ratio=23.9). NCC peak ridge orient ~+179 deg (eig_ratio=23.9).",42.04759208325728,1.54,5.07452270257103,23.876907467777627,False,needs_review,/scratch/groups/hilley/auv_ship_colocated_bathy/harmonized/cal_dig_morro_bay/20190315m1_HeadlessCanyon/qc/cal_dig_morro_bay__20190315m1_HeadlessCanyon_overlay.png,doi,,,,,
cal_dig_morro_bay__20190316m1_BankTop,Cal DIG I / Morro Bay,Offshore South-Central California,Cal DIG I,NOAA Rainier/Fairweather (+ R/V Sally Ride gap-fill),MBARI-donated AUV,Reson 7125 400 kHz,,2.000134736932863,NOAA hull,Simrad EM 700 series,10.5066/P9QQZ27U,10.0,5.0,100.0,1600.0,continental_margin,EPSG:32610,EPSG:26910,EPSG:26910,MSL_negative_down,/scratch/groups/hilley/auv_ship_colocated_bathy/harmonized/cal_dig_morro_bay/20190316m1_BankTop/footprint.geojson,HR: public_domain_usgs; LR: public_domain_usgs,2016-2019,verified_pair,/scratch/groups/hilley/auv_ship_colocated_bathy/user-provided-cal-dig/banktop_2m.tif,/scratch/groups/hilley/auv_ship_colocated_bathy/raw/cal_dig_morro_bay/lr_Cal_DIG_I_Bathymetry_10m_extracted/Cal_DIG_I_Bathymetry_10m.tif,/scratch/groups/hilley/auv_ship_colocated_bathy/harmonized/cal_dig_morro_bay/20190316m1_BankTop/hr.tif,/scratch/groups/hilley/auv_ship_colocated_bathy/harmonized/cal_dig_morro_bay/20190316m1_BankTop/lr.tif,6889e53c0cda264882e1040f25ee1cc291f20097354d5d7cd44729bb621f0acf,457dfa1fb8f3bddf178e805824484d82bd4860be5fa1c3f5f7f8e47a57bb0f1a,"User-provided HR (single warp to 2 m EPSG:26910 with `cubic` resample; native GSD 2.00 m, native CRS EPSG:32610). Supersedes CMGDS 10.5066/P97QM7NF. Coreg: dx=-18.00 m, dy=-14.00 m, dz=-0.22 m; post-residual MAD=0.73 m.",22.80350850198276,0.22,4.961126997315581,2.212924724686862,False,needs_review,/scratch/groups/hilley/auv_ship_colocated_bathy/harmonized/cal_dig_morro_bay/20190316m1_BankTop/qc/cal_dig_morro_bay__20190316m1_BankTop_overlay.png,doi,,,,,
cal_dig_morro_bay__20190317m1_1000mGully,Cal DIG I / Morro Bay,Offshore South-Central California,Cal DIG I,NOAA Rainier/Fairweather (+ R/V Sally Ride gap-fill),MBARI-donated AUV,Reson 7125 400 kHz,,1.0,NOAA hull,Simrad EM 700 series,10.5066/P9QQZ27U,10.0,5.0,100.0,1600.0,continental_margin,EPSG:32610,EPSG:26910,EPSG:26910,MSL_negative_down,/scratch/groups/hilley/auv_ship_colocated_bathy/harmonized/cal_dig_morro_bay/20190317m1_1000mGully/footprint.geojson,HR: public_domain_usgs; LR: public_domain_usgs,2016-2019,verified_pair,/scratch/groups/hilley/auv_ship_colocated_bathy/user-provided-cal-dig/1000mGully_Topo1m_UTMinterp_utm.tif,/scratch/groups/hilley/auv_ship_colocated_bathy/raw/cal_dig_morro_bay/lr_Cal_DIG_I_Bathymetry_10m_extracted/Cal_DIG_I_Bathymetry_10m.tif,/scratch/groups/hilley/auv_ship_colocated_bathy/harmonized/cal_dig_morro_bay/20190317m1_1000mGully/hr.tif,/scratch/groups/hilley/auv_ship_colocated_bathy/harmonized/cal_dig_morro_bay/20190317m1_1000mGully/lr.tif,5bc89b5b40ac0b6e6aabff29125564ff546bf0be2529082151264825e9cf97ec,25110474b5f1a265b99baf3b622e74903cfbbba59832266aff8ddc5cf32a4fc3,"User-provided HR (single warp to 2 m EPSG:26910 with `average` resample; native GSD 1.00 m, native CRS EPSG:32610). Supersedes CMGDS 10.5066/P97QM7NF. Coreg: dx=+8.00 m, dy=-18.00 m, dz=-1.45 m; post-residual MAD=0.29 m.",19.697715603592208,1.45,5.206015599632785,2.654756204561299,False,needs_review,/scratch/groups/hilley/auv_ship_colocated_bathy/harmonized/cal_dig_morro_bay/20190317m1_1000mGully/qc/cal_dig_morro_bay__20190317m1_1000mGully_overlay.png,doi,,,,,
cal_dig_morro_bay__20190317m2_600mGully,Cal DIG I / Morro Bay,Offshore South-Central California,Cal DIG I,NOAA Rainier/Fairweather (+ R/V Sally Ride gap-fill),MBARI-donated AUV,Reson 7125 400 kHz,,1.0,NOAA hull,Simrad EM 700 series,10.5066/P9QQZ27U,10.0,5.0,100.0,1600.0,continental_margin,EPSG:32610,EPSG:26910,EPSG:26910,MSL_negative_down,/scratch/groups/hilley/auv_ship_colocated_bathy/harmonized/cal_dig_morro_bay/20190317m2_600mGully/footprint.geojson,HR: public_domain_usgs; LR: public_domain_usgs,2016-2019,verified_pair,/scratch/groups/hilley/auv_ship_colocated_bathy/user-provided-cal-dig/600mGully_Topo1m_UTMinterp_utm.tif,/scratch/groups/hilley/auv_ship_colocated_bathy/raw/cal_dig_morro_bay/lr_Cal_DIG_I_Bathymetry_10m_extracted/Cal_DIG_I_Bathymetry_10m.tif,/scratch/groups/hilley/auv_ship_colocated_bathy/harmonized/cal_dig_morro_bay/20190317m2_600mGully/hr.tif,/scratch/groups/hilley/auv_ship_colocated_bathy/harmonized/cal_dig_morro_bay/20190317m2_600mGully/lr.tif,7eeb1e887152e88f01732f77b8303fbbd50ad90f8f88e7dd96464854e1de68eb,a1c13c15354fcd6b223857316078448c242727275ab216844673811dc7d7bcb0,"User-provided HR (single warp to 2 m EPSG:26910 with `average` resample; native GSD 1.00 m, native CRS EPSG:32610). Supersedes CMGDS 10.5066/P97QM7NF. Coreg: dx=-14.00 m, dy=-38.00 m, dz=-1.02 m; post-residual MAD=0.36 m.",40.49691346263317,1.02,4.516458727332285,2.7356563545962684,False,needs_review,/scratch/groups/hilley/auv_ship_colocated_bathy/harmonized/cal_dig_morro_bay/20190317m2_600mGully/qc/cal_dig_morro_bay__20190317m2_600mGully_overlay.png,doi,,,,,
cal_dig_morro_bay__201804_LuciaChica2m,Cal DIG I / Morro Bay,Offshore South-Central California,Cal DIG I,NOAA Rainier/Fairweather (+ R/V Sally Ride gap-fill),MBARI-donated AUV,Reson 7125 400 kHz,,1.0,NOAA hull,Simrad EM 700 series,10.5066/P9QQZ27U,10.0,5.0,100.0,1600.0,continental_margin,EPSG:32610,EPSG:26910,EPSG:26910,MSL_negative_down,/scratch/groups/hilley/auv_ship_colocated_bathy/harmonized/cal_dig_morro_bay/201804_LuciaChica2m/footprint.geojson,HR: public_domain_usgs; LR: public_domain_usgs,2016-2019,verified_pair,/scratch/groups/hilley/auv_ship_colocated_bathy/user-provided-cal-dig/LuciaChica_2008_Topo1m_UTM_utm.tif,/scratch/groups/hilley/auv_ship_colocated_bathy/raw/cal_dig_morro_bay/lr_Cal_DIG_I_Bathymetry_10m_extracted/Cal_DIG_I_Bathymetry_10m.tif,/scratch/groups/hilley/auv_ship_colocated_bathy/harmonized/cal_dig_morro_bay/201804_LuciaChica2m/hr.tif,/scratch/groups/hilley/auv_ship_colocated_bathy/harmonized/cal_dig_morro_bay/201804_LuciaChica2m/lr.tif,77fd48407e808d8b3620b4b2cb57ed13eb8f4bb79bcd0ac18e25afd70d753380,d28f83bb9dbff2d77f47ef4b86866c57b79028c7f9456fbb692646aa320aaab6,"User-provided HR (single warp to 2 m EPSG:26910 with `average` resample; native GSD 1.00 m, native CRS EPSG:32610). Supersedes CMGDS 10.5066/P97QM7NF. Coreg: dx=+34.00 m, dy=+4.00 m, dz=-3.27 m; post-residual MAD=0.63 m.",34.23448553724738,3.27,5.838394874868834,1.3546593131314564,False,needs_review,/scratch/groups/hilley/auv_ship_colocated_bathy/harmonized/cal_dig_morro_bay/201804_LuciaChica2m/qc/cal_dig_morro_bay__201804_LuciaChica2m_overlay.png,doi,,,,,
tag_m127,TAG Hydrothermal Field,"Mid-Atlantic Ridge, 26°N",M127,RV METEOR,AUV ABYSS (REMUS 6000),Reson 7125,10.1594/PANGAEA.899415,2.0,RV METEOR hull,Kongsberg EM122,10.1594/PANGAEA.899408,30.0,15.0,3500.0,3700.0,hydrothermal_vent,EPSG:4326,EPSG:4326,EPSG:32623,MSL_negative_down,/scratch/groups/hilley/auv_ship_colocated_bathy/harmonized/tag_m127/footprint.geojson,HR: CC-BY-4.0; LR: CC-BY-4.0,2016,verified_pair,/scratch/groups/hilley/auv_ship_colocated_bathy/raw/tag_m127/hr_10.1594_PANGAEA.899415_M127_AbyssBathy_WGS84_2m.tif,/scratch/groups/hilley/auv_ship_colocated_bathy/raw/tag_m127/lr_10.1594_PANGAEA.899408_M127_EM122_bathymetry_WGS84_30m.tif,/scratch/groups/hilley/auv_ship_colocated_bathy/harmonized/tag_m127/hr.tif,/scratch/groups/hilley/auv_ship_colocated_bathy/harmonized/tag_m127/lr.tif,ffefcf5ed561275355a830e932685a0663c8bf2a366ba5911fc6daf2fe0bbb67,d05d8ca192b8f5cd755ca6bab4728ece070e1534fb58b7b7905aa84397163612,"Tier 2 vertical-slice continuation (v1.3 §6). Ship LR is the M127 EM122 working-area 30 m gridded product at TAG. HR is the ABYSS 2 m WGS84 GeoTIFF. Expected ratio ~15x — at the low end of v1.3's 15-25x band for deep EM122. Per v1.3 §4, GEOMAR grids may be ship-referenced; verify the coreg solve produced real offsets. Both rasters are in EPSG:4326; reproject to EPSG:32623 (UTM 23N — TAG sits in the -48 to -42 longitude band). Coreg: dx=-18.67 m, dy=-18.67 m, dz=-4.02 m; post-residual MAD=4.65 m.",26.403367209505685,4.02,7.735681790623835,1.2725547134430155,True,needs_review,/scratch/groups/hilley/auv_ship_colocated_bathy/harmonized/tag_m127/qc/tag_m127_overlay.png,doi,,,,,
AT37-13__MGDS_31199,CostaRicaRift,CostaRicaRift,AT37-13,R/V Atlantis,Atlantis,Reson SeaBat 7150,10.60521/331199,0.992,R/V Atlantis,Kongsberg EM (.all),"NCEI/NOAA Bathymetry (public domain), cruise AT37-13",46.4,46.76,1176.0,1176.0,continental_margin,EPSG:4326,EPSG:4326 (NCEI lon/lat; mbgrid -C0),EPSG:32616,MSL_negative_down,/scratch/groups/hilley/auv_ship_colocated_bathy/harmonized/AT37-13__MGDS_31199/footprint.geojson,MGDS (HR; typically CC-BY-NC-SA) / NCEI public (LR),2017-05-20,verified_pair_reaudit_2026-06-26,/scratch/groups/hilley/auv_ship_colocated_bathy/staging_phase1/MGDS_31199,/scratch/groups/hilley/auv_ship_colocated_bathy/raw_lr/AT37-13,/scratch/groups/hilley/auv_ship_colocated_bathy/harmonized/AT37-13__MGDS_31199/hr.tif,/scratch/groups/hilley/auv_ship_colocated_bathy/harmonized/AT37-13__MGDS_31199/lr.tif,a6195071ac51d1c2d36e1220bbda7ca45da834240910cd330f9dc95f9d04d135,55df436bc0928cc7a135bdf72453fdb21f94985cb127cf703f61d93581b7c871,"LR_ship_cruise=AT37-13 (R/V Atlantis, Kongsberg EM (.all)); HR_AUV=AT37-13/CostaRicaRift (same_expedition); independence: real single-cruise NCEI multibeam LR vs AUV HR, distinct sonar; HR_native=sounding_density(ok); ",11.18,-7936.62,4.03,3.07,False,QGIS_R3_approved; PSR=4.03; offset=11.18m,/scratch/groups/hilley/auv_ship_colocated_bathy/qc_plots/reaudit_real23/advancing__AT37-13__MGDS_31199.png,gmt_grd_float,,,,,
AT42-03__MGDS_32007,CentralAmerica,CentralAmerica,AT42-03,R/V Atlantis,Atlantis,Reson SeaBat 7125,10.60521/332007,0.989,R/V Atlantis,Kongsberg EM (.all),"NCEI/NOAA Bathymetry (public domain), cruise AT42-03",28.9,29.22,948.0,948.0,continental_margin,EPSG:4326,EPSG:4326 (NCEI lon/lat; mbgrid -C0),EPSG:32616,MSL_negative_down,/scratch/groups/hilley/auv_ship_colocated_bathy/harmonized/AT42-03__MGDS_32007/footprint.geojson,MGDS (HR; typically CC-BY-NC-SA) / NCEI public (LR),2018-10-16,verified_pair_reaudit_2026-06-26,/scratch/groups/hilley/auv_ship_colocated_bathy/staging_phase1/MGDS_32007,/scratch/groups/hilley/auv_ship_colocated_bathy/raw_lr/AT42-03,/scratch/groups/hilley/auv_ship_colocated_bathy/harmonized/AT42-03__MGDS_32007/hr.tif,/scratch/groups/hilley/auv_ship_colocated_bathy/harmonized/AT42-03__MGDS_32007/lr.tif,f06117972e635eae969a8c059c699ea768ed58f485072c2d6544cf0a5f41905d,7ab75ab8b17058e379e34f22d91ddd3afd28b5867acaf148c386dfac7c698f09,"LR_ship_cruise=AT42-03 (R/V Atlantis, Kongsberg EM (.all)); HR_AUV=AT42-03/CentralAmerica (same_expedition); independence: real single-cruise NCEI multibeam LR vs AUV HR, distinct sonar; HR_native=sounding_density(ok); ",6.4,-8499.05,3.52,122.55,False,QGIS_R3_approved; PSR=3.52; offset=6.4m,/scratch/groups/hilley/auv_ship_colocated_bathy/qc_plots/reaudit_real23/advancing__AT42-03__MGDS_32007.png,gmt_grd_float,,,,,
EW9801__MGDS_31425,Loihi,Loihi,TN293,R/V Maurice Ewing,Thomas G. Thompson,"Reson SeaBat 7125 (AUV Sentry, typical)",10.26022/IEDA/331425,1.982,R/V Maurice Ewing,Atlas Hydrosweep DS,"NCEI/NOAA Bathymetry (public domain), cruise EW9801",160.6,81.04,1255.0,1255.0,hydrothermal_vent,EPSG:4326,EPSG:4326 (NCEI lon/lat; mbgrid -C0),EPSG:32605,MSL_negative_down,/scratch/groups/hilley/auv_ship_colocated_bathy/harmonized/EW9801__MGDS_31425/footprint.geojson,MGDS (HR; typically CC-BY-NC-SA) / NCEI public (LR),2013-03-16,verified_pair_reaudit_2026-06-26,/scratch/groups/hilley/auv_ship_colocated_bathy/staging_phase1/MGDS_31425,/scratch/groups/hilley/auv_ship_colocated_bathy/raw_lr/EW9801,/scratch/groups/hilley/auv_ship_colocated_bathy/harmonized/EW9801__MGDS_31425/hr.tif,/scratch/groups/hilley/auv_ship_colocated_bathy/harmonized/EW9801__MGDS_31425/lr.tif,9abdd99b881f08ae3ad549e5cf29573c2042c2f6ca5e41053c5beadfb12f381a,6f4768973e496a8c842d84aa58709299ece608f2d90e7cf96819bcb6590dafee,"LR_ship_cruise=EW9801 (R/V Maurice Ewing, Atlas Hydrosweep DS); HR_AUV=TN293/Loihi (cross_cruise); independence: real single-cruise NCEI multibeam LR vs AUV HR, distinct sonar; HR_native=sounding_density(ok); ",10.59,-3.09,12.59,2.51,True,QGIS_R3_approved; PSR=12.59; offset=10.59m,/scratch/groups/hilley/auv_ship_colocated_bathy/qc_plots/reaudit_real23/advancing__EW9801__MGDS_31425.png,float_tif,,,,volcanic,Loihi seamount (HR AUV cruise TN293; submarine volcano) [DOI 10.26022/IEDA/331425]
NA080__MGDS_31290,DavidsonSeamount:OctopusGarden,DavidsonSeamount:OctopusGarden,OctopusGarden_MBARI,R/V Nautilus,NotApplicable,NotApplicable,10.26022/IEDA/331290,1.0,R/V Nautilus,Kongsberg EM (.all) / 20170512,"NCEI/NOAA Bathymetry (public domain), cruise NA080",57.5,57.5,3221.0,3221.0,seamount,EPSG:32610,EPSG:4326 (NCEI lon/lat; mbgrid -C0),EPSG:32610,MSL_negative_down,/scratch/groups/hilley/auv_ship_colocated_bathy/harmonized/NA080__MGDS_31290/footprint.geojson,MGDS (HR; typically CC-BY-NC-SA) / NCEI public (LR),2017-05-12,verified_pair_reaudit_2026-06-26,/scratch/groups/hilley/auv_ship_colocated_bathy/staging_phase1/MGDS_31290,/scratch/groups/hilley/auv_ship_colocated_bathy/raw_lr/NA080,/scratch/groups/hilley/auv_ship_colocated_bathy/harmonized/NA080__MGDS_31290/hr.tif,/scratch/groups/hilley/auv_ship_colocated_bathy/harmonized/NA080__MGDS_31290/lr.tif,5ee103d09cb9a2e29681bd4ecbc8ef3fd13185b02c0cbff3194939f6230d25df,198ff999a9a33b61523e60f2584225493bff1d5c70415459bcb738527cdfde1b,"LR_ship_cruise=NA080 (R/V Nautilus, Kongsberg EM (.all) / 20170512); HR_AUV=OctopusGarden_MBARI/DavidsonSeamount:OctopusGarden (cross_cruise); independence: real single-cruise NCEI multibeam LR vs AUV HR, distinct sonar; HR_native=sounding_density(ok); ",16.16,-8.88,17.48,2.33,True,QGIS_R3_approved; PSR=17.48; offset=16.16m,/scratch/groups/hilley/auv_ship_colocated_bathy/qc_plots/reaudit_real23/advancing__NA080__MGDS_31290.png,float_tif,,,,,
NA090__MGDS_31212,NotProvided,NotProvided,RR2107,R/V Nautilus,Roger Revelle,EM2040,10.60521/331212,0.992,R/V Nautilus,Kongsberg EM (.all) / 20171021,"NCEI/NOAA Bathymetry (public domain), cruise NA090",112.3,113.2,1832.0,1832.0,continental_margin,EPSG:4326,EPSG:4326 (NCEI lon/lat; mbgrid -C0),EPSG:32612,MSL_negative_down,/scratch/groups/hilley/auv_ship_colocated_bathy/harmonized/NA090__MGDS_31212/footprint.geojson,MGDS (HR; typically CC-BY-NC-SA) / NCEI public (LR),2021-11-13,verified_pair_reaudit_2026-06-26,/scratch/groups/hilley/auv_ship_colocated_bathy/staging_phase1/MGDS_31212,/scratch/groups/hilley/auv_ship_colocated_bathy/raw_lr/NA090,/scratch/groups/hilley/auv_ship_colocated_bathy/harmonized/NA090__MGDS_31212/hr.tif,/scratch/groups/hilley/auv_ship_colocated_bathy/harmonized/NA090__MGDS_31212/lr.tif,7102146b3eba91da8ae25749ae59de8920acb39bbc633fe5c662100bad3c5e11,6d2c169d435ad9c86ef7519147a1591f7fbd78377906648c75c166cdc6c7d7cd,"LR_ship_cruise=NA090 (R/V Nautilus, Kongsberg EM (.all) / 20171021); HR_AUV=RR2107/NotProvided (cross_cruise); independence: real single-cruise NCEI multibeam LR vs AUV HR, distinct sonar; HR_native=sounding_density(ok); ",7.3,-3.13,5.92,12.06,True,QGIS_R3_approved; PSR=5.92; offset=7.3m,/scratch/groups/hilley/auv_ship_colocated_bathy/qc_plots/reaudit_real23/advancing__NA090__MGDS_31212.png,gmt_grd_float,,,,,
RR1506__MGDS_29779,KermadecArc,KermadecArc,RR1506,R/V Roger Revelle,Roger Revelle,"Reson SeaBat 7125 (AUV Sentry, typical)",10.26022/IEDA/329779,0.992,R/V Roger Revelle,Kongsberg EM (.all) / 20150413,"NCEI/NOAA Bathymetry (public domain), cruise RR1506",133.9,134.96,1063.0,1063.0,continental_margin,EPSG:4326,EPSG:4326 (NCEI lon/lat; mbgrid -C0),EPSG:32701,MSL_negative_down,/scratch/groups/hilley/auv_ship_colocated_bathy/harmonized/RR1506__MGDS_29779/footprint.geojson,MGDS (HR; typically CC-BY-NC-SA) / NCEI public (LR),2015-03-27,verified_pair_reaudit_2026-06-26,/scratch/groups/hilley/auv_ship_colocated_bathy/staging_phase1/MGDS_29779,/scratch/groups/hilley/auv_ship_colocated_bathy/raw_lr/RR1506,/scratch/groups/hilley/auv_ship_colocated_bathy/harmonized/RR1506__MGDS_29779/hr.tif,/scratch/groups/hilley/auv_ship_colocated_bathy/harmonized/RR1506__MGDS_29779/lr.tif,f03b9a0bf4dc58531e828bd93ae6d2a06835d9b2ba246ca94f65958b5a93a125,b9742273ac1e3a986a4af2f4382641f114900660eb91ee71b6a1d572435ec716,"LR_ship_cruise=RR1506 (R/V Roger Revelle, Kongsberg EM (.all) / 20150413); HR_AUV=RR1506/KermadecArc (same_expedition); independence: real single-cruise NCEI multibeam LR vs AUV HR, distinct sonar; HR_native=sounding_density(ok); ",12.65,-6.92,9.96,1.09,False,QGIS_R3_approved; PSR=9.96; offset=12.65m,/scratch/groups/hilley/auv_ship_colocated_bathy/qc_plots/reaudit_real23/advancing__RR1506__MGDS_29779.png,float_tif,,,,seamount,Kermadec Arc (HR cruise RR1506) [DOI 10.26022/IEDA/329779]
TN268__MGDS_30466,JdF:Axial,JdF:Axial,AxialSeamount_MBARI,R/V Thomas G. Thompson,NotApplicable,NotApplicable,10.26022/IEDA/330466,0.993,R/V Thomas G. Thompson,Kongsberg EM (.all) / 20110813,"NCEI/NOAA Bathymetry (public domain), cruise TN268",247.2,248.99,2160.0,2160.0,hydrothermal_vent,EPSG:4326,EPSG:4326 (NCEI lon/lat; mbgrid -C0),EPSG:32609,MSL_negative_down,/scratch/groups/hilley/auv_ship_colocated_bathy/harmonized/TN268__MGDS_30466/footprint.geojson,MGDS (HR; typically CC-BY-NC-SA) / NCEI public (LR),2011-08-13,verified_pair_reaudit_2026-06-26,/scratch/groups/hilley/auv_ship_colocated_bathy/staging_phase1/MGDS_30466,/scratch/groups/hilley/auv_ship_colocated_bathy/raw_lr/TN268,/scratch/groups/hilley/auv_ship_colocated_bathy/harmonized/TN268__MGDS_30466/hr.tif,/scratch/groups/hilley/auv_ship_colocated_bathy/harmonized/TN268__MGDS_30466/lr.tif,7436051a99f57d73403c5886a65b91386ab2f8c93c6249d08062a268e3c8dd7a,e3b0666173910841d44381702c4e4a37d3bf54e3f229922bf20b7b0265cc8d43,"LR_ship_cruise=TN268 (R/V Thomas G. Thompson, Kongsberg EM (.all) / 20110813); HR_AUV=AxialSeamount_MBARI/JdF:Axial (cross_cruise); independence: real single-cruise NCEI multibeam LR vs AUV HR, distinct sonar; HR_native=sounding_density(ok); ",2.7,-1.46,6.92,1.82,True,QGIS_R3_approved; PSR=6.92; offset=2.7m,/scratch/groups/hilley/auv_ship_colocated_bathy/qc_plots/reaudit_real23/advancing__TN268__MGDS_30466.png,float_tif,,,,volcanic,Axial Seamount caldera (HR AxialSeamount_MBARI) [DOI 10.26022/IEDA/330466]
TN399__MGDS_30373,EPR:9N,EPR:9N,EPR:9N_Parnell-Turner,R/V Thomas G. Thompson,Sentry,Reson 7125,10.26022/IEDA/330373,0.993,R/V Thomas G. Thompson,Kongsberg EM (.all) / 20220129,"NCEI/NOAA Bathymetry (public domain), cruise TN399",246.4,248.11,2625.0,2625.0,continental_margin,EPSG:4326,EPSG:4326 (NCEI lon/lat; mbgrid -C0),EPSG:32613,MSL_negative_down,/scratch/groups/hilley/auv_ship_colocated_bathy/harmonized/TN399__MGDS_30373/footprint.geojson,MGDS (HR; typically CC-BY-NC-SA) / NCEI public (LR),2022-01-29,verified_pair_reaudit_2026-06-26,/scratch/groups/hilley/auv_ship_colocated_bathy/staging_phase1/MGDS_30373,/scratch/groups/hilley/auv_ship_colocated_bathy/raw_lr/TN399,/scratch/groups/hilley/auv_ship_colocated_bathy/harmonized/TN399__MGDS_30373/hr.tif,/scratch/groups/hilley/auv_ship_colocated_bathy/harmonized/TN399__MGDS_30373/lr.tif,1ce2a754e2550e721ff4871f1336641166e52ba1cf1ec912b168dab91ddf3ae6,fcec77cd4508bd319674b39dcf1bb29185f84d032ec0b161cd962d50e84d09c8,"LR_ship_cruise=TN399 (R/V Thomas G. Thompson, Kongsberg EM (.all) / 20220129); HR_AUV=EPR:9N_Parnell-Turner/EPR:9N (cross_cruise); independence: real single-cruise NCEI multibeam LR vs AUV HR, distinct sonar; HR_native=sounding_density(ok); ",8.06,-0.77,11.94,2.97,True,QGIS_R3_approved; PSR=11.94; offset=8.06m,/scratch/groups/hilley/auv_ship_colocated_bathy/qc_plots/reaudit_real23/advancing__TN399__MGDS_30373.png,gmt_grd_float,,,,volcanic,EPR 9N mid-ocean ridge axis (HR EPR:9N_Parnell-Turner) [DOI 10.26022/IEDA/330373]
FK181031__MGDS_24367,AlarconRise,AlarconRise,AlarconRise_MBARI,R/V FK181031_EM302,MBARI Mapping AUV,Reson SeaBat 7125,10.1594/IEDA/324367,1.986,R/V FK181031_EM302,Kongsberg EM302 / 20181122,"NCEI/NOAA Bathymetry (public domain), cruise FK181031",44.8,22.56,2471.0,2471.0,continental_margin,EPSG:4326,EPSG:4326 (NCEI lon/lat; mbgrid -C0),EPSG:32612,MSL_negative_down,/scratch/groups/hilley/auv_ship_colocated_bathy/harmonized/FK181031__MGDS_24367/footprint.geojson,MGDS (HR; typically CC-BY-NC-SA) / NCEI public (LR),2018-11-22,verified_pair_reaudit_2026-06-26,/scratch/groups/hilley/auv_ship_colocated_bathy/staging_phase1/MGDS_24367,/scratch/groups/hilley/auv_ship_colocated_bathy/raw_lr/FK181031,/scratch/groups/hilley/auv_ship_colocated_bathy/harmonized/FK181031__MGDS_24367/hr.tif,/scratch/groups/hilley/auv_ship_colocated_bathy/harmonized/FK181031__MGDS_24367/lr.tif,a8e53c5f82fa42a272571ce35306fb4f240c3e8567d9a11e88128e9e4510f4ed,d27b9d7e7d5dbd8b3647bd4282bfa9fc806f967d1800c662fbbcf0d6730c8fcd,"LR_ship_cruise=FK181031 (R/V FK181031_EM302, Kongsberg EM302 / 20181122); HR_AUV=AlarconRise_MBARI/AlarconRise (cross_cruise); independence: real single-cruise NCEI multibeam LR vs AUV HR, distinct sonar; HR_native=sounding_density(ok); ",16.73,-7.01,8.61,1.35,True,QGIS_R3_approved; PSR=8.61; offset=16.73m,/scratch/groups/hilley/auv_ship_colocated_bathy/qc_plots/reaudit_real23/advancing__FK181031__MGDS_24367.png,float_tif,,,,volcanic,Alarcon Rise spreading center (HR AlarconRise_MBARI) [DOI 10.1594/IEDA/324367]
KN210-05__MGDS_22436,MAR,MAR,KN210-05,R/V Knorr,Knorr,Reson SeaBat 7125,10.1594/IEDA/322436,1.985,R/V Knorr,L-3 ELAC/SeaBeam (XSE) / 20130615,"NCEI/NOAA Bathymetry (public domain), cruise KN210-05",87.5,44.08,3341.0,3341.0,continental_margin,EPSG:4326,EPSG:4326 (NCEI lon/lat; mbgrid -C0),EPSG:32623,MSL_negative_down,/scratch/groups/hilley/auv_ship_colocated_bathy/harmonized/KN210-05__MGDS_22436/footprint.geojson,MGDS (HR; typically CC-BY-NC-SA) / NCEI public (LR),2013-05-14,verified_pair_reaudit_2026-06-26,/scratch/groups/hilley/auv_ship_colocated_bathy/staging_phase1/MGDS_22436,/scratch/groups/hilley/auv_ship_colocated_bathy/raw_lr/KN210-05,/scratch/groups/hilley/auv_ship_colocated_bathy/harmonized/KN210-05__MGDS_22436/hr.tif,/scratch/groups/hilley/auv_ship_colocated_bathy/harmonized/KN210-05__MGDS_22436/lr.tif,597c12ca66f67e5c56d091a9d266fcb25c69af5070de29445565b49eacc4a121,c34794948a091e351ec7d06045a5674c98034a45123ff5ebb6e75fc274de0587,"LR_ship_cruise=KN210-05 (R/V Knorr, L-3 ELAC/SeaBeam (XSE) / 20130615); HR_AUV=KN210-05/MAR (same_expedition); independence: real single-cruise NCEI multibeam LR vs AUV HR, distinct sonar; HR_native=sounding_density(ok); ",151.34,-6547.59,,1.11,True,QGIS_R3_approved; PSR=undefined (no interior peak); offset=151.34m,/scratch/groups/hilley/auv_ship_colocated_bathy/qc_plots/reaudit_real23/real_nonadvancing_qgis__KN210-05__MGDS_22436.png,gmt_grd_float,,,,hydrothermal_vent,Mid-Atlantic Ridge (HR cruise KN210-05) [DOI 10.1594/IEDA/322436]
KN204-01__MGDS_31675,NotProvided,NotProvided,AE1823,R/V Knorr,Atlantic Explorer,Reson SeaBat 7125,10.60521/331675,0.991,R/V Knorr,L-3 ELAC/SeaBeam (XSE) / 20111113,"NCEI/NOAA Bathymetry (public domain), cruise KN204-01",105.0,105.94,893.0,893.0,continental_margin,EPSG:4326,EPSG:4326 (NCEI lon/lat; mbgrid -C0),EPSG:32620,MSL_negative_down,/scratch/groups/hilley/auv_ship_colocated_bathy/harmonized/KN204-01__MGDS_31675/footprint.geojson,MGDS (HR; typically CC-BY-NC-SA) / NCEI public (LR),2018-08-22,verified_pair_reaudit_2026-06-26,/scratch/groups/hilley/auv_ship_colocated_bathy/staging_phase1/MGDS_31675,/scratch/groups/hilley/auv_ship_colocated_bathy/raw_lr/KN204-01,/scratch/groups/hilley/auv_ship_colocated_bathy/harmonized/KN204-01__MGDS_31675/hr.tif,/scratch/groups/hilley/auv_ship_colocated_bathy/harmonized/KN204-01__MGDS_31675/lr.tif,b13ae4c4905aa9a03164e91c5b5744d72cc7f5cafa75ae2d1900490494b9d880,3b4bb2c271838a882f30892216debb32ec73a0cc366ff117aeb673af49c8f510,"LR_ship_cruise=KN204-01 (R/V Knorr, L-3 ELAC/SeaBeam (XSE) / 20111113); HR_AUV=AE1823/NotProvided (cross_cruise); independence: real single-cruise NCEI multibeam LR vs AUV HR, distinct sonar; HR_native=sounding_density(ok); ",50.98,-11.25,,,False,QGIS_R3_approved; PSR=undefined (no interior peak); offset=50.98m,/scratch/groups/hilley/auv_ship_colocated_bathy/qc_plots/reaudit_real23/real_nonadvancing_qgis__KN204-01__MGDS_31675.png,gmt_grd_float,,,,,
AR26__MGDS_31838,EasternNorthAmericanMargin,EasternNorthAmericanMargin,PC1704,R/V Neil Armstrong,Pisces,Reson SeaBat 7125,10.60521/331838,0.992,R/V Neil Armstrong,Kongsberg EM (.all) / 20160207,"NCEI/NOAA Bathymetry (public domain), cruise AR26",32.3,32.56,1684.0,1684.0,continental_margin,EPSG:4326,EPSG:4326 (NCEI lon/lat; mbgrid -C0),EPSG:32618,MSL_negative_down,/scratch/groups/hilley/auv_ship_colocated_bathy/harmonized/AR26__MGDS_31838/footprint.geojson,MGDS (HR; typically CC-BY-NC-SA) / NCEI public (LR),2017-08-28,verified_pair_reaudit_2026-06-26,/scratch/groups/hilley/auv_ship_colocated_bathy/staging_phase1/MGDS_31838,/scratch/groups/hilley/auv_ship_colocated_bathy/raw_lr/AR26,/scratch/groups/hilley/auv_ship_colocated_bathy/harmonized/AR26__MGDS_31838/hr.tif,/scratch/groups/hilley/auv_ship_colocated_bathy/harmonized/AR26__MGDS_31838/lr.tif,0a11aa29ac45b853dee526becd874c710c752d166d35e3f2395db46f220ebd16,0d444606ce4ba6580c54319babaa99e3f1aa8986ea87be89d64d717bdc982c84,"LR_ship_cruise=AR26 (R/V Neil Armstrong, Kongsberg EM (.all) / 20160207); HR_AUV=PC1704/EasternNorthAmericanMargin (cross_cruise); independence: real single-cruise NCEI multibeam LR vs AUV HR, distinct sonar; HR_native=sounding_density(ok); ",32.59,-8061.53,3.42,2.59,False,QGIS_R3_approved; PSR=3.42; offset=32.59m,/scratch/groups/hilley/auv_ship_colocated_bathy/qc_plots/reaudit_real23/real_nonadvancing_qgis__AR26__MGDS_31838.png,gmt_grd_float,,,,,
TN159__MGDS_21981,JdF:Endeavour,JdF:Endeavour,AT15-36,R/V Thomas G. Thompson,Atlantis,Reson SeaBat 7125,10.1594/IEDA/321981,0.991,R/V Thomas G. Thompson,Simrad EM (.all) / 20030729,"NCEI/NOAA Bathymetry (public domain), cruise TN159",317.5,320.24,2179.0,2179.0,hydrothermal_vent,EPSG:4326,EPSG:4326 (NCEI lon/lat; mbgrid -C0),EPSG:32609,MSL_negative_down,/scratch/groups/hilley/auv_ship_colocated_bathy/harmonized/TN159__MGDS_21981/footprint.geojson,MGDS (HR; typically CC-BY-NC-SA) / NCEI public (LR),2008-08-17,verified_pair_reaudit_2026-06-26,/scratch/groups/hilley/auv_ship_colocated_bathy/staging_phase1/MGDS_21981,/scratch/groups/hilley/auv_ship_colocated_bathy/raw_lr/TN159,/scratch/groups/hilley/auv_ship_colocated_bathy/harmonized/TN159__MGDS_21981/hr.tif,/scratch/groups/hilley/auv_ship_colocated_bathy/harmonized/TN159__MGDS_21981/lr.tif,f3628db36af1a1be66bae12c8a9fa207a1b73b59006f869755414c78d0b02ce6,36b7f2ff3c978874fea26e23abd15dfa06ff59b7fe7c45bd41e093ce654dd08b,"LR_ship_cruise=TN159 (R/V Thomas G. Thompson, Simrad EM (.all) / 20030729); HR_AUV=AT15-36/JdF:Endeavour (cross_cruise); independence: real single-cruise NCEI multibeam LR vs AUV HR, distinct sonar; HR_native=sounding_density(ok); ",44.79,-7655.16,5.2,1418.29,True,QGIS_R3_approved; PSR=5.2; offset=44.79m,/scratch/groups/hilley/auv_ship_colocated_bathy/qc_plots/reaudit_real23/real_nonadvancing_qgis__TN159__MGDS_21981.png,float_tif,,,,,
FK006B__MGDS_20811,GulfOfAmerica,GulfOfAmerica,AT18-03,R/V FK_EM302,Atlantis,Reson SeaBat 7125,10.1594/IEDA/320811,0.496,R/V FK_EM302,Kongsberg EM302 / 20121111,"NCEI/NOAA Bathymetry (public domain), cruise FK006B",25.6,51.61,1636.0,1636.0,continental_margin,EPSG:4326,EPSG:4326 (NCEI lon/lat; mbgrid -C0),EPSG:32616,MSL_negative_down,/scratch/groups/hilley/auv_ship_colocated_bathy/harmonized/FK006B__MGDS_20811/footprint.geojson,MGDS (HR; typically CC-BY-NC-SA) / NCEI public (LR),2010-12-06,verified_pair_reaudit_2026-06-26,/scratch/groups/hilley/auv_ship_colocated_bathy/staging_phase1/MGDS_20811,/scratch/groups/hilley/auv_ship_colocated_bathy/raw_lr/FK006B,/scratch/groups/hilley/auv_ship_colocated_bathy/harmonized/FK006B__MGDS_20811/hr.tif,/scratch/groups/hilley/auv_ship_colocated_bathy/harmonized/FK006B__MGDS_20811/lr.tif,715a104a2b81198c619a60082b8b0798d335ccdf7488802a2d03b16f5b88e665,b29df0761aa359c1de9ffa61d587f70c7d8f543271d68c8112ee5e8dca842583,"LR_ship_cruise=FK006B (R/V FK_EM302, Kongsberg EM302 / 20121111); HR_AUV=AT18-03/GulfOfAmerica (cross_cruise); independence: real single-cruise NCEI multibeam LR vs AUV HR, distinct sonar; HR_native=sounding_density(ok); ",47.36,-4.31,-8.97,3.94,False,QGIS_R3_approved; PSR=-8.97; offset=47.36m,/scratch/groups/hilley/auv_ship_colocated_bathy/qc_plots/reaudit_real23/real_nonadvancing_qgis__FK006B__MGDS_20811.png,gmt_grd_float,,,,,
TN299__MGDS_27339,Gorda,Gorda,NorthGorda_MBARI,R/V Thomas G. Thompson,MBARI Mapping AUV,Reson SeaBat 7125,10.1594/IEDA/327339,1.0,R/V Thomas G. Thompson,Kongsberg EM (.all) / 20130709,"NCEI/NOAA Bathymetry (public domain), cruise TN299",80.0,80.0,2938.0,2938.0,continental_margin,EPSG:32609,EPSG:4326 (NCEI lon/lat; mbgrid -C0),EPSG:32609,MSL_negative_down,/scratch/groups/hilley/auv_ship_colocated_bathy/harmonized/TN299__MGDS_27339/footprint.geojson,MGDS (HR; typically CC-BY-NC-SA) / NCEI public (LR),2013-07-09,verified_pair_reaudit_2026-06-26,/scratch/groups/hilley/auv_ship_colocated_bathy/staging_phase1/MGDS_27339,/scratch/groups/hilley/auv_ship_colocated_bathy/raw_lr/TN299,/scratch/groups/hilley/auv_ship_colocated_bathy/harmonized/TN299__MGDS_27339/hr.tif,/scratch/groups/hilley/auv_ship_colocated_bathy/harmonized/TN299__MGDS_27339/lr.tif,a388e619141f43fba7c2f3621a413f559472b41050da1e1c05d5d6378571302d,2ac09d2237b0f00fe00c6cdee694ceb5f12ba0914fc2a435726088ea60bb720c,"LR_ship_cruise=TN299 (R/V Thomas G. Thompson, Kongsberg EM (.all) / 20130709); HR_AUV=NorthGorda_MBARI/Gorda (cross_cruise); independence: real single-cruise NCEI multibeam LR vs AUV HR, distinct sonar; HR_native=sounding_density(ok); ",6.71,-4.77,8.03,3.4,True,QGIS_R3_approved; PSR=8.03; offset=6.71m,/scratch/groups/hilley/auv_ship_colocated_bathy/qc_plots/reaudit_real23/real_nonadvancing_qgis__TN299__MGDS_27339.png,float_tif,,,,volcanic,Gorda Ridge (HR NorthGorda_MBARI) [DOI 10.1594/IEDA/327339]
KIWI10RR__MGDS_24499,Tonga,Tonga,FK171110,R/V (KIWI expedition),Falkor,Reson SeaBat 7125,10.1594/IEDA/324499,0.993,R/V (KIWI expedition),SeaBeam 2100 / 19980412,"NCEI/NOAA Bathymetry (public domain), cruise KIWI10RR",105.3,106.07,2068.0,2068.0,continental_margin,EPSG:4326,EPSG:4326 (NCEI lon/lat; mbgrid -C0),EPSG:32702,MSL_negative_down,/scratch/groups/hilley/auv_ship_colocated_bathy/harmonized/KIWI10RR__MGDS_24499/footprint.geojson,MGDS (HR; typically CC-BY-NC-SA) / NCEI public (LR),2017-11-10,verified_pair_reaudit_2026-06-26,/scratch/groups/hilley/auv_ship_colocated_bathy/staging_phase1/MGDS_24499,/scratch/groups/hilley/auv_ship_colocated_bathy/raw_lr/KIWI10RR,/scratch/groups/hilley/auv_ship_colocated_bathy/harmonized/KIWI10RR__MGDS_24499/hr.tif,/scratch/groups/hilley/auv_ship_colocated_bathy/harmonized/KIWI10RR__MGDS_24499/lr.tif,78fdcd9972fbf655492b208cfed3b441533dc50ed5c114b2f081d419e93f3187,29dd9030595f82d1ac4a01db9867242fa5c34ec2d05ecebfdfa35298696cf895,"LR_ship_cruise=KIWI10RR (R/V (KIWI expedition), SeaBeam 2100 / 19980412); HR_AUV=FK171110/Tonga (cross_cruise); independence: real single-cruise NCEI multibeam LR vs AUV HR, distinct sonar; HR_native=sounding_density(ok); G-PROV cleared: 1998 SeaBeam2100 LR vs 2017 Falkor-Sentry HR",11.25,-1.56,,2.83,True,QGIS_R3_approved; PSR=undefined (no interior peak); offset=11.25m,/scratch/groups/hilley/auv_ship_colocated_bathy/qc_plots/reaudit_real23/real_nonadvancing_qgis__KIWI10RR__MGDS_24499.png,float_tif,,,,,
