cruise,n_hr_served,status,n_files,full_mirror_gb,fetch_estimate_gb,fetch_basis,data_url,note,hr_served
2009_Amundsen,1,ok,12792,296.458,253.683,single swath encoding,https://data.ngdc.noaa.gov/platforms/ocean/ships/amundsen/2009_Amundsen/multibeam/data/version1/MB/,,MGDS:30045
2010_Amundsen,4,ok,12088,291.167,246.833,single swath encoding,https://data.ngdc.noaa.gov/platforms/ocean/ships/amundsen/2010_Amundsen/multibeam/data/version1/MB/,,MGDS:30270;MGDS:30272;MGDS:31753;MGDS:31755
TN313,2,ok,1628,50.833,47.473,single swath encoding,https://data.ngdc.noaa.gov/platforms/ocean/ships/thomas_g._thompson/TN313/multibeam/data/version1/MB/,,MGDS:24467;MGDS:31253
TN299,2,ok,2632,40.809,38.175,single swath encoding,https://data.ngdc.noaa.gov/platforms/ocean/ships/thomas_g._thompson/TN299/multibeam/data/version1/MB/,,MGDS:27339;MGDS:31256
NA080,2,ok,4132,40.624,35.381,single swath encoding,https://data.ngdc.noaa.gov/platforms/ocean/ships/nautilus/NA080/multibeam/data/version1/MB/,,MGDS:31290;MGDS:31291
MV1405,1,ok,4360,38.202,35.087,single swath encoding,https://data.ngdc.noaa.gov/platforms/ocean/ships/melville/MV1405/multibeam/data/version1/MB/,,MANIFEST:cal_dig_morro_bay__20180427m3_PockmarkNorth
TN399,2,ok,3692,21.23,20.627,single swath encoding,https://data.ngdc.noaa.gov/platforms/ocean/ships/thomas_g._thompson/TN399/multibeam/data/version1/MB/,,MGDS:30373;MGDS:31181
FK171110,1,ok,1296,20.606,20.041,single swath encoding,https://data.ngdc.noaa.gov/platforms/ocean/ships/falkor/FK171110/multibeam/data/version1/MB/,,MGDS:24485
RB1604,1,ok,300,20.065,19.151,single swath encoding,https://data.ngdc.noaa.gov/platforms/ocean/ships/ronald_h._brown/RB1604/multibeam/data/version1/MB/,ISO path 404; recovered via https://data.ngdc.noaa.gov/platforms/ocean/ships/ronald_h._brown/RB1604/multibeam/data/version1/MB/,MGDS:24756
TN365,1,ok,1640,17.385,17.007,single swath encoding,https://data.ngdc.noaa.gov/platforms/ocean/ships/thomas_g._thompson/TN365/multibeam/data/version1/MB/,,MGDS:31193
RR0916,1,ok,380,12.682,12.325,single swath encoding,https://data.ngdc.noaa.gov/platforms/ocean/ships/roger_revelle/RR0916/multibeam/data/version1/MB/,,MGDS:24425
FK181031,2,ok,704,10.999,10.8,single swath encoding,https://data.ngdc.noaa.gov/platforms/ocean/ships/falkor/FK181031/multibeam/data/version1/MB/,,MGDS:24367;MGDS:24620
TN268,5,ok,916,10.694,10.138,single swath encoding,https://data.ngdc.noaa.gov/platforms/ocean/ships/thomas_g._thompson/TN268/multibeam/data/version1/MB/,,MGDS:24470;MGDS:30219;MGDS:30466;MGDS:31188;MGDS:32556
TN383,1,ok,948,10.731,10.087,single swath encoding,https://data.ngdc.noaa.gov/platforms/ocean/ships/thomas_g._thompson/TN383/multibeam/data/version1/MB/,,MGDS:29694
FK160407,1,ok,844,10.546,9.459,single swath encoding,https://data.ngdc.noaa.gov/platforms/ocean/ships/falkor/FK160407/multibeam/data/version1/MB/,,MGDS:7832
KN210-05,1,ok,5664,8.584,8.266,single swath encoding,https://data.ngdc.noaa.gov/platforms/ocean/ships/knorr/KN210-05/multibeam/data/version1/MB/,,MGDS:22436
AT18-11,2,ok,520,9.319,8.012,single swath encoding,https://data.ngdc.noaa.gov/platforms/ocean/ships/atlantis/AT18-11/multibeam/data/version1/MB/,,MGDS:21454;MGDS:21462
Channel,1,ok,1696,15.112,7.0,dup-format: vendor=7.00GB + mbsys=6.97GB; kept larger,https://data.ngdc.noaa.gov/platforms/ocean/ships/ocean_alert/Channel/multibeam/data/version1/MB/,,MGDS:31949
MV1209,1,ok,1072,6.738,6.188,single swath encoding,https://data.ngdc.noaa.gov/platforms/ocean/ships/melville/MV1209/multibeam/data/version1/MB/,,MGDS:21415
EX1101,1,ok,594,5.539,5.538,single swath encoding,https://data.ngdc.noaa.gov/platforms/ocean/ships/okeanos_explorer/EX1101/multibeam/data/version2/MB/,ISO path 404; recovered via https://data.ngdc.noaa.gov/platforms/ocean/ships/okeanos_explorer/EX1101/multibeam/data/version2/MB/,MANIFEST:cal_dig_morro_bay__20190317m2_600mGully
EX1103,2,ok,386,5.005,5.005,single swath encoding,https://data.ngdc.noaa.gov/platforms/ocean/ships/okeanos_explorer/EX1103/multibeam/data/version2/MB/,ISO path 404; recovered via https://data.ngdc.noaa.gov/platforms/ocean/ships/okeanos_explorer/EX1103/multibeam/data/version2/MB/,MGDS:18210;MGDS:31811
NA073,1,ok,336,5.352,4.61,single swath encoding,https://data.ngdc.noaa.gov/platforms/ocean/ships/nautilus/NA073/multibeam/data/version1/MB/,,MANIFEST:cal_dig_morro_bay__20180427m1_Channel700
AT42-03,1,ok,464,4.803,4.322,single swath encoding,https://data.ngdc.noaa.gov/platforms/ocean/ships/atlantis/AT42-03/multibeam/data/version1/MB/,,MGDS:32007
RR1506,1,ok,760,4.063,3.821,single swath encoding,https://data.ngdc.noaa.gov/platforms/ocean/ships/roger_revelle/RR1506/multibeam/data/version1/MB/,,MGDS:29779
FK006B,2,ok,776,4.052,3.445,single swath encoding,https://data.ngdc.noaa.gov/platforms/ocean/ships/falkor/FK006B/multibeam/data/version1/MB/,,MGDS:20811;MGDS:20836
KN204-01,1,ok,2140,3.346,3.226,single swath encoding,https://data.ngdc.noaa.gov/platforms/ocean/ships/knorr/KN204-01/multibeam/data/version1/MB/,,MGDS:31675
SKQ201705S,2,ok,216,2.94,2.653,single swath encoding,https://data.ngdc.noaa.gov/platforms/ocean/ships/sikuliaq/SKQ201705S/multibeam/data/version1/MB/,,MGDS:31254;MGDS:31255
AT37-13,1,ok,320,2.889,2.555,single swath encoding,https://data.ngdc.noaa.gov/platforms/ocean/ships/atlantis/AT37-13/multibeam/data/version1/MB/,,MGDS:31199
NA076,1,ok,136,2.548,2.097,single swath encoding,https://data.ngdc.noaa.gov/platforms/ocean/ships/nautilus/NA076/multibeam/data/version2/MB/,,MGDS:32321
DRFT01RR,1,ok,992,2.066,1.801,single swath encoding,https://data.ngdc.noaa.gov/platforms/ocean/ships/roger_revelle/DRFT01RR/multibeam/data/version1/MB/,,MANIFEST:cal_dig_morro_bay__20190511m2_BankTopEofCanyon3
AT42-06,1,ok,360,1.918,1.8,single swath encoding,https://data.ngdc.noaa.gov/platforms/ocean/ships/atlantis/AT42-06/multibeam/data/version1/MB/,,MGDS:5174
EW0207,1,ok,17312,1.559,1.299,single swath encoding,https://data.ngdc.noaa.gov/platforms/ocean/ships/maurice_ewing/EW0207/multibeam/data/version1/MB/,,MGDS:32558
SR1903,2,ok,256,1.385,1.284,single swath encoding,https://data.ngdc.noaa.gov/platforms/ocean/ships/sally_ride/SR1903/multibeam/data/version1/MB/,,MANIFEST:cal_dig_morro_bay__20190317m1_1000mGully;MANIFEST:cal_dig_morro_bay__20190510m2_BankFlankIncipCh
EW0407,1,ok,6604,1.484,1.146,single swath encoding,https://data.ngdc.noaa.gov/platforms/ocean/ships/maurice_ewing/EW0407/multibeam/data/version1/MB/,,MANIFEST:cal_dig_morro_bay__20190314m4_LuciaChica970m
KIWI10RR,1,ok,1353,1.096,0.879,single swath encoding,https://data.ngdc.noaa.gov/platforms/ocean/ships/roger_revelle/KIWI10RR/multibeam/data/version1/MB/,,MGDS:24499
KN180L02,1,ok,100,1.038,0.865,single swath encoding,https://data.ngdc.noaa.gov/platforms/ocean/ships/knorr/KN180L02/multibeam/data/version1/MB/,,MGDS:31600
TN159,3,ok,148,0.872,0.802,single swath encoding,https://data.ngdc.noaa.gov/platforms/ocean/ships/thomas_g._thompson/TN159/multibeam/data/version1/MB/,,MGDS:21981;MGDS:21986;MGDS:21998
NA090,1,ok,188,0.694,0.618,single swath encoding,https://data.ngdc.noaa.gov/platforms/ocean/ships/nautilus/NA090/multibeam/data/version1/MB/,,MGDS:31212
KIWI01RR,1,ok,392,0.708,0.574,single swath encoding,https://data.ngdc.noaa.gov/platforms/ocean/ships/roger_revelle/KIWI01RR/multibeam/data/version1/MB/,,MANIFEST:cal_dig_morro_bay__201804_LuciaChica2m
Escanaba,1,ok,160,0.466,0.406,single swath encoding,https://data.ngdc.noaa.gov/platforms/ocean/ships/ocean_alert/Escanaba/multibeam/data/version1/MB/,,MGDS:30369
AR26,1,ok,44,0.218,0.202,single swath encoding,https://data.ngdc.noaa.gov/platforms/ocean/ships/neil_armstrong/AR26/multibeam/data/version1/MB/,,MGDS:31838
TN157,1,ok,56,0.209,0.193,single swath encoding,https://data.ngdc.noaa.gov/platforms/ocean/ships/thomas_g._thompson/TN157/multibeam/data/version1/MB/,,MGDS:21996
EW9801,1,ok,100,0.153,0.069,single swath encoding,https://data.ngdc.noaa.gov/platforms/ocean/ships/maurice_ewing/EW9801/multibeam/data/version1/MB/,,MGDS:31425
EW9904,1,ok,64,0.14,0.066,single swath encoding,https://data.ngdc.noaa.gov/platforms/ocean/ships/maurice_ewing/EW9904/multibeam/data/version1/MB/,,MGDS:30217
RC2511,2,ok,295,0.127,0.051,single swath encoding,https://data.ngdc.noaa.gov/platforms/ocean/ships/robert_d._conrad/RC2511/multibeam/data/version1/MB/,,MGDS:32240;MGDS:32241
TN234,1,ok,56,0.054,0.049,single swath encoding,https://data.ngdc.noaa.gov/platforms/ocean/ships/thomas_g._thompson/TN234/multibeam/data/version1/MB/,,MGDS:24489
MGLN06MV,1,ok,46,0.044,0.044,single swath encoding,https://data.ngdc.noaa.gov/platforms/ocean/ships/melville/MGLN06MV/multibeam/data/version2/MB/,,MGDS:17700
AII8L11,1,ok,55,0.038,0.0,single swath encoding,https://data.ngdc.noaa.gov/platforms/ocean/ships/atlantis_ii/AII8L11/multibeam/data/version1/MB/,,MGDS:31430
EW9914,1,ok,108,0.262,0.0,single swath encoding,https://data.ngdc.noaa.gov/platforms/ocean/ships/maurice_ewing/EW9914/multibeam/data/version1/MB/,,MGDS:7833
PASC02WT,1,ok,81,0.069,0.0,single swath encoding,https://data.ngdc.noaa.gov/platforms/ocean/ships/thomas_washington/PASC02WT/multibeam/data/version1/MB/,,MGDS:31059
PASC04WT,1,ok,99,0.089,0.0,single swath encoding,https://data.ngdc.noaa.gov/platforms/ocean/ships/thomas_washington/PASC04WT/multibeam/data/version1/MB/,,MGDS:31824
RC2901,1,ok,201,0.242,0.0,single swath encoding,https://data.ngdc.noaa.gov/platforms/ocean/ships/robert_d._conrad/RC2901/multibeam/data/version1/MB/,,MGDS:31860
RNDB18WT,1,ok,46,0.065,0.0,single swath encoding,https://data.ngdc.noaa.gov/platforms/ocean/ships/thomas_washington/RNDB18WT/multibeam/data/version1/MB/,,MANIFEST:cal_dig_morro_bay__20190511m1_6thHeadlessCany
RP11SU81,2,ok,26,0.031,0.0,single swath encoding,https://data.ngdc.noaa.gov/platforms/ocean/ships/surveyor/RP11SU81/multibeam/data/version1/MB/,,MGDS:27340;MGDS:30467
TUNE04WT,1,ok,28,0.025,0.0,single swath encoding,https://data.ngdc.noaa.gov/platforms/ocean/ships/thomas_washington/TUNE04WT/multibeam/data/version1/MB/,,MGDS:31427
