file_name,advertised_size_kbyte,advertised_size_bytes,url
0000_20150219_094722_M114_EM122.all,29285.0,29987840,https://hs.pangaea.de/bathy/m114/0000_20150219_094722_M114_EM122.all
0000_20150225_133711_M114_EM122.all,27914.0,28583936,https://hs.pangaea.de/bathy/m114/0000_20150225_133711_M114_EM122.all
0001_20150216_152121_M114_EM122.all,17611.0,18033664,https://hs.pangaea.de/bathy/m114/0001_20150216_152121_M114_EM122.all
0001_20150217_000415_M114_EM122.all,22412.0,22949888,https://hs.pangaea.de/bathy/m114/0001_20150217_000415_M114_EM122.all
0001_20150221_212753_M114_EM122.all,28914.0,29607936,https://hs.pangaea.de/bathy/m114/0001_20150221_212753_M114_EM122.all
0002_20150216_192530_M114_EM122.all,31714.0,32475136,https://hs.pangaea.de/bathy/m114/0002_20150216_192530_M114_EM122.all
0002_20150217_003410_M114_EM122.all,29798.0,30513152,https://hs.pangaea.de/bathy/m114/0002_20150217_003410_M114_EM122.all
0002_20150221_215801_M114_EM122.all,30088.0,30810112,https://hs.pangaea.de/bathy/m114/0002_20150221_215801_M114_EM122.all
0003_20150216_195535_M114_EM122.all,12437.0,12735488,https://hs.pangaea.de/bathy/m114/0003_20150216_195535_M114_EM122.all
0003_20150217_010409_M114_EM122.all,28071.0,28744704,https://hs.pangaea.de/bathy/m114/0003_20150217_010409_M114_EM122.all
0003_20150221_222755_M114_EM122.all,29869.0,30585856,https://hs.pangaea.de/bathy/m114/0003_20150221_222755_M114_EM122.all
0004_20150216_200836_M114_EM122.all,29530.0,30238720,https://hs.pangaea.de/bathy/m114/0004_20150216_200836_M114_EM122.all
0004_20150217_013412_M114_EM122.all,23086.0,23640064,https://hs.pangaea.de/bathy/m114/0004_20150217_013412_M114_EM122.all
0005_20150216_203845_M114_EM122.all,15369.0,15737856,https://hs.pangaea.de/bathy/m114/0005_20150216_203845_M114_EM122.all
0005_20150217_020409_M114_EM122.all,22812.0,23359488,https://hs.pangaea.de/bathy/m114/0005_20150217_020409_M114_EM122.all
0006_20150216_205415_M114_EM122.all,4611.0,4721664,https://hs.pangaea.de/bathy/m114/0006_20150216_205415_M114_EM122.all
0006_20150217_023416_M114_EM122.all,22753.0,23299072,https://hs.pangaea.de/bathy/m114/0006_20150217_023416_M114_EM122.all
0007_20150216_205854_M114_EM122.all,11428.0,11702272,https://hs.pangaea.de/bathy/m114/0007_20150216_205854_M114_EM122.all
0008_20150216_211104_M114_EM122.all,4323.0,4426752,https://hs.pangaea.de/bathy/m114/0008_20150216_211104_M114_EM122.all
0009_20150216_211521_M114_EM122.all,29918.0,30636032,https://hs.pangaea.de/bathy/m114/0009_20150216_211521_M114_EM122.all
0010_20150216_214524_M114_EM122.all,15146.0,15509504,https://hs.pangaea.de/bathy/m114/0010_20150216_214524_M114_EM122.all
0011_20150216_220036_M114_EM122.all,5920.0,6062080,https://hs.pangaea.de/bathy/m114/0011_20150216_220036_M114_EM122.all
0012_20150216_220628_M114_EM122.all,15914.0,16295936,https://hs.pangaea.de/bathy/m114/0012_20150216_220628_M114_EM122.all
0013_20150216_222227_M114_EM122.all,25560.0,26173440,https://hs.pangaea.de/bathy/m114/0013_20150216_222227_M114_EM122.all
0023_20150225_004253_M114_EM122.all,27558.0,28219392,https://hs.pangaea.de/bathy/m114/0023_20150225_004253_M114_EM122.all
0024_20150225_011246_M114_EM122.all,15339.0,15707136,https://hs.pangaea.de/bathy/m114/0024_20150225_011246_M114_EM122.all
0025_20150225_012848_M114_EM122.all,1032.0,1056768,https://hs.pangaea.de/bathy/m114/0025_20150225_012848_M114_EM122.all
0028_20150217_133416_M114_EM122.all,22730.0,23275520,https://hs.pangaea.de/bathy/m114/0028_20150217_133416_M114_EM122.all
0028_20150219_050442_M114_EM122.all,29045.0,29742080,https://hs.pangaea.de/bathy/m114/0028_20150219_050442_M114_EM122.all
0029_20150217_140414_M114_EM122.all,25297.0,25904128,https://hs.pangaea.de/bathy/m114/0029_20150217_140414_M114_EM122.all
0029_20150219_053444_M114_EM122.all,15179.0,15543296,https://hs.pangaea.de/bathy/m114/0029_20150219_053444_M114_EM122.all
0029_20150222_093932_M114_EM122.all,28671.0,29359104,https://hs.pangaea.de/bathy/m114/0029_20150222_093932_M114_EM122.all
0030_20150217_143412_M114_EM122.all,771.0,789504,https://hs.pangaea.de/bathy/m114/0030_20150217_143412_M114_EM122.all
0030_20150222_100924_M114_EM122.all,29337.0,30041088,https://hs.pangaea.de/bathy/m114/0030_20150222_100924_M114_EM122.all
0031_20150218_023922_M114_EM122.all,32205.0,32977920,https://hs.pangaea.de/bathy/m114/0031_20150218_023922_M114_EM122.all
0031_20150222_103927_M114_EM122.all,29756.0,30470144,https://hs.pangaea.de/bathy/m114/0031_20150222_103927_M114_EM122.all
0032_20150218_030922_M114_EM122.all,31944.0,32710656,https://hs.pangaea.de/bathy/m114/0032_20150218_030922_M114_EM122.all
0033_20150218_033916_M114_EM122.all,31458.0,32212992,https://hs.pangaea.de/bathy/m114/0033_20150218_033916_M114_EM122.all
0034_20150216_094147_M114_EM122.all,21894.0,22419456,https://hs.pangaea.de/bathy/m114/0034_20150216_094147_M114_EM122.all
0034_20150218_040923_M114_EM122.all,30913.0,31654912,https://hs.pangaea.de/bathy/m114/0034_20150218_040923_M114_EM122.all
0035_20150216_101147_M114_EM122.all,24592.0,25182208,https://hs.pangaea.de/bathy/m114/0035_20150216_101147_M114_EM122.all
0035_20150218_043920_M114_EM122.all,31474.0,32229376,https://hs.pangaea.de/bathy/m114/0035_20150218_043920_M114_EM122.all
0036_20150216_104144_M114_EM122.all,17612.0,18034688,https://hs.pangaea.de/bathy/m114/0036_20150216_104144_M114_EM122.all
0036_20150218_050916_M114_EM122.all,31806.0,32569344,https://hs.pangaea.de/bathy/m114/0036_20150218_050916_M114_EM122.all
0037_20150216_110003_M114_EM122.all,28665.0,29352960,https://hs.pangaea.de/bathy/m114/0037_20150216_110003_M114_EM122.all
0037_20150218_053917_M114_EM122.all,32183.0,32955392,https://hs.pangaea.de/bathy/m114/0037_20150218_053917_M114_EM122.all
0038_20150216_113013_M114_EM122.all,12403.0,12700672,https://hs.pangaea.de/bathy/m114/0038_20150216_113013_M114_EM122.all
0038_20150218_060917_M114_EM122.all,32410.0,33187840,https://hs.pangaea.de/bathy/m114/0038_20150218_060917_M114_EM122.all
0039_20150216_114320_M114_EM122.all,28644.0,29331456,https://hs.pangaea.de/bathy/m114/0039_20150216_114320_M114_EM122.all
0039_20150218_063924_M114_EM122.all,25477.0,26088448,https://hs.pangaea.de/bathy/m114/0039_20150218_063924_M114_EM122.all
0040_20150216_121323_M114_EM122.all,4545.0,4654080,https://hs.pangaea.de/bathy/m114/0040_20150216_121323_M114_EM122.all
0040_20150218_070922_M114_EM122.all,21893.0,22418432,https://hs.pangaea.de/bathy/m114/0040_20150218_070922_M114_EM122.all
0042_20150218_080916_M114_EM122.all,22733.0,23278592,https://hs.pangaea.de/bathy/m114/0042_20150218_080916_M114_EM122.all
0043_20150218_083917_M114_EM122.all,23271.0,23829504,https://hs.pangaea.de/bathy/m114/0043_20150218_083917_M114_EM122.all
0070_20150221_024733_M114_EM122.all,29688.0,30400512,https://hs.pangaea.de/bathy/m114/0070_20150221_024733_M114_EM122.all
0071_20150221_031741_M114_EM122.all,28833.0,29524992,https://hs.pangaea.de/bathy/m114/0071_20150221_031741_M114_EM122.all
0073_20150221_041732_M114_EM122.all,31448.0,32202752,https://hs.pangaea.de/bathy/m114/0073_20150221_041732_M114_EM122.all
0074_20150221_044737_M114_EM122.all,29647.0,30358528,https://hs.pangaea.de/bathy/m114/0074_20150221_044737_M114_EM122.all
0075_20150221_051736_M114_EM122.all,22959.0,23510016,https://hs.pangaea.de/bathy/m114/0075_20150221_051736_M114_EM122.all
