file_name,advertised_kbyte,advertised_bytes,url,start_time,geometry_method,selected,min_dist_to_buffered_footprint_m
0000_20150215_173746_M114_EM122.all,46431.0,47545344,https://hs.pangaea.de/bathy/m114/0000_20150215_173746_M114_EM122.all,2015-02-15 17:37:46+00:00,wkt_track,False,275963.4
0001_20150215_180748_M114_EM122.all,39818.0,40773632,https://hs.pangaea.de/bathy/m114/0001_20150215_180748_M114_EM122.all,2015-02-15 18:07:48+00:00,wkt_track,False,265031.2
0002_20150215_183745_M114_EM122.all,29314.0,30017536,https://hs.pangaea.de/bathy/m114/0002_20150215_183745_M114_EM122.all,2015-02-15 18:37:45+00:00,wkt_track,False,254105.3
0003_20150215_190750_M114_EM122.all,20553.0,21046272,https://hs.pangaea.de/bathy/m114/0003_20150215_190750_M114_EM122.all,2015-02-15 19:07:50+00:00,wkt_track,False,243318.3
0004_20150215_193746_M114_EM122.all,20819.0,21318656,https://hs.pangaea.de/bathy/m114/0004_20150215_193746_M114_EM122.all,2015-02-15 19:37:46+00:00,wkt_track,False,232647.3
0005_20150215_200754_M114_EM122.all,20618.0,21112832,https://hs.pangaea.de/bathy/m114/0005_20150215_200754_M114_EM122.all,2015-02-15 20:07:54+00:00,wkt_track,False,222270.7
0006_20150215_203750_M114_EM122.all,20856.0,21356544,https://hs.pangaea.de/bathy/m114/0006_20150215_203750_M114_EM122.all,2015-02-15 20:37:50+00:00,wkt_track,False,217377.6
0007_20150215_210754_M114_EM122.all,20956.0,21458944,https://hs.pangaea.de/bathy/m114/0007_20150215_210754_M114_EM122.all,2015-02-15 21:07:54+00:00,wkt_track,False,217380.8
0008_20150215_213753_M114_EM122.all,20981.0,21484544,https://hs.pangaea.de/bathy/m114/0008_20150215_213753_M114_EM122.all,2015-02-15 21:37:53+00:00,wkt_track,False,217377.3
0009_20150215_220752_M114_EM122.all,21035.0,21539840,https://hs.pangaea.de/bathy/m114/0009_20150215_220752_M114_EM122.all,2015-02-15 22:07:52+00:00,wkt_track,False,217377.3
0010_20150215_223749_M114_EM122.all,14455.0,14801920,https://hs.pangaea.de/bathy/m114/0010_20150215_223749_M114_EM122.all,2015-02-15 22:37:49+00:00,wkt_track,False,217378.3
0011_20150215_225907_M114_EM122.all,7680.0,7864320,https://hs.pangaea.de/bathy/m114/0011_20150215_225907_M114_EM122.all,2015-02-15 22:59:07+00:00,wkt_track,False,217378.3
0012_20150215_230937_M114_EM122.all,21997.0,22524928,https://hs.pangaea.de/bathy/m114/0012_20150215_230937_M114_EM122.all,2015-02-15 23:09:37+00:00,wkt_track,False,217377.8
0013_20150215_233938_M114_EM122.all,22056.0,22585344,https://hs.pangaea.de/bathy/m114/0013_20150215_233938_M114_EM122.all,2015-02-15 23:39:38+00:00,wkt_track,False,217327.6
0014_20150216_000939_M114_EM122.all,22073.0,22602752,https://hs.pangaea.de/bathy/m114/0014_20150216_000939_M114_EM122.all,2015-02-16 00:09:39+00:00,wkt_track,False,208619.1
0015_20150216_003941_M114_EM122.all,21863.0,22387712,https://hs.pangaea.de/bathy/m114/0015_20150216_003941_M114_EM122.all,2015-02-16 00:39:41+00:00,wkt_track,False,199501.1
0016_20150216_010930_M114_EM122.all,1856.0,1900544,https://hs.pangaea.de/bathy/m114/0016_20150216_010930_M114_EM122.all,2015-02-16 01:09:30+00:00,wkt_track,False,198656.7
0017_20150216_011201_M114_EM122.all,21879.0,22404096,https://hs.pangaea.de/bathy/m114/0017_20150216_011201_M114_EM122.all,2015-02-16 01:12:01+00:00,wkt_track,False,188850.0
0018_20150216_014150_M114_EM122.all,22032.0,22560768,https://hs.pangaea.de/bathy/m114/0018_20150216_014150_M114_EM122.all,2015-02-16 01:41:50+00:00,wkt_track,False,177459.7
0019_20150216_021152_M114_EM122.all,22006.0,22534144,https://hs.pangaea.de/bathy/m114/0019_20150216_021152_M114_EM122.all,2015-02-16 02:11:52+00:00,wkt_track,False,166009.4
0020_20150216_024154_M114_EM122.all,21965.0,22492160,https://hs.pangaea.de/bathy/m114/0020_20150216_024154_M114_EM122.all,2015-02-16 02:41:54+00:00,wkt_track,False,154430.8
0021_20150216_031155_M114_EM122.all,21809.0,22332416,https://hs.pangaea.de/bathy/m114/0021_20150216_031155_M114_EM122.all,2015-02-16 03:11:55+00:00,wkt_track,False,142787.3
0022_20150216_034143_M114_EM122.all,21906.0,22431744,https://hs.pangaea.de/bathy/m114/0022_20150216_034143_M114_EM122.all,2015-02-16 03:41:43+00:00,wkt_track,False,131062.7
0023_20150216_041144_M114_EM122.all,21828.0,22351872,https://hs.pangaea.de/bathy/m114/0023_20150216_041144_M114_EM122.all,2015-02-16 04:11:44+00:00,wkt_track,False,119470.6
0024_20150216_044146_M114_EM122.all,21779.0,22301696,https://hs.pangaea.de/bathy/m114/0024_20150216_044146_M114_EM122.all,2015-02-16 04:41:46+00:00,wkt_track,False,107913.1
0025_20150216_051147_M114_EM122.all,21743.0,22264832,https://hs.pangaea.de/bathy/m114/0025_20150216_051147_M114_EM122.all,2015-02-16 05:11:47+00:00,wkt_track,False,96183.4
0026_20150216_054148_M114_EM122.all,21706.0,22226944,https://hs.pangaea.de/bathy/m114/0026_20150216_054148_M114_EM122.all,2015-02-16 05:41:48+00:00,wkt_track,False,84511.5
0027_20150216_061149_M114_EM122.all,21679.0,22199296,https://hs.pangaea.de/bathy/m114/0027_20150216_061149_M114_EM122.all,2015-02-16 06:11:49+00:00,wkt_track,False,72695.5
0028_20150216_064151_M114_EM122.all,21671.0,22191104,https://hs.pangaea.de/bathy/m114/0028_20150216_064151_M114_EM122.all,2015-02-16 06:41:51+00:00,wkt_track,False,60938.2
0029_20150216_071153_M114_EM122.all,21679.0,22199296,https://hs.pangaea.de/bathy/m114/0029_20150216_071153_M114_EM122.all,2015-02-16 07:11:53+00:00,wkt_track,False,49135.1
0030_20150216_074155_M114_EM122.all,21628.0,22147072,https://hs.pangaea.de/bathy/m114/0030_20150216_074155_M114_EM122.all,2015-02-16 07:41:55+00:00,wkt_track,False,37259.1
0031_20150216_081156_M114_EM122.all,21988.0,22515712,https://hs.pangaea.de/bathy/m114/0031_20150216_081156_M114_EM122.all,2015-02-16 08:11:56+00:00,wkt_track,False,25382.3
0032_20150216_084144_M114_EM122.all,23107.0,23661568,https://hs.pangaea.de/bathy/m114/0032_20150216_084144_M114_EM122.all,2015-02-16 08:41:44+00:00,wkt_track,False,18320.0
0033_20150216_091149_M114_EM122.all,27809.0,28476416,https://hs.pangaea.de/bathy/m114/0033_20150216_091149_M114_EM122.all,2015-02-16 09:11:49+00:00,wkt_track,False,11391.9
0034_20150216_094147_M114_EM122.all,21894.0,22419456,https://hs.pangaea.de/bathy/m114/0034_20150216_094147_M114_EM122.all,2015-02-16 09:41:47+00:00,wkt_track,True,0.0
0035_20150216_101147_M114_EM122.all,24592.0,25182208,https://hs.pangaea.de/bathy/m114/0035_20150216_101147_M114_EM122.all,2015-02-16 10:11:47+00:00,wkt_track,True,0.0
0036_20150216_104144_M114_EM122.all,17612.0,18034688,https://hs.pangaea.de/bathy/m114/0036_20150216_104144_M114_EM122.all,2015-02-16 10:41:44+00:00,wkt_track,True,0.0
0037_20150216_110003_M114_EM122.all,28665.0,29352960,https://hs.pangaea.de/bathy/m114/0037_20150216_110003_M114_EM122.all,2015-02-16 11:00:03+00:00,wkt_track,True,0.0
0038_20150216_113013_M114_EM122.all,12403.0,12700672,https://hs.pangaea.de/bathy/m114/0038_20150216_113013_M114_EM122.all,2015-02-16 11:30:13+00:00,wkt_track,True,0.0
0039_20150216_114320_M114_EM122.all,28644.0,29331456,https://hs.pangaea.de/bathy/m114/0039_20150216_114320_M114_EM122.all,2015-02-16 11:43:20+00:00,wkt_track,True,0.0
0040_20150216_121323_M114_EM122.all,4545.0,4654080,https://hs.pangaea.de/bathy/m114/0040_20150216_121323_M114_EM122.all,2015-02-16 12:13:23+00:00,wkt_track,True,0.0
0001_20150216_152121_M114_EM122.all,17611.0,18033664,https://hs.pangaea.de/bathy/m114/0001_20150216_152121_M114_EM122.all,2015-02-16 15:21:21+00:00,wkt_track,True,0.0
0002_20150216_192530_M114_EM122.all,31714.0,32475136,https://hs.pangaea.de/bathy/m114/0002_20150216_192530_M114_EM122.all,2015-02-16 19:25:30+00:00,wkt_track,True,0.0
0003_20150216_195535_M114_EM122.all,12437.0,12735488,https://hs.pangaea.de/bathy/m114/0003_20150216_195535_M114_EM122.all,2015-02-16 19:55:35+00:00,wkt_track,True,0.0
0004_20150216_200836_M114_EM122.all,29530.0,30238720,https://hs.pangaea.de/bathy/m114/0004_20150216_200836_M114_EM122.all,2015-02-16 20:08:36+00:00,wkt_track,True,0.0
0005_20150216_203845_M114_EM122.all,15369.0,15737856,https://hs.pangaea.de/bathy/m114/0005_20150216_203845_M114_EM122.all,2015-02-16 20:38:45+00:00,wkt_track,True,0.0
0006_20150216_205415_M114_EM122.all,4611.0,4721664,https://hs.pangaea.de/bathy/m114/0006_20150216_205415_M114_EM122.all,2015-02-16 20:54:15+00:00,wkt_track,True,0.0
0007_20150216_205854_M114_EM122.all,11428.0,11702272,https://hs.pangaea.de/bathy/m114/0007_20150216_205854_M114_EM122.all,2015-02-16 20:58:54+00:00,wkt_track,True,0.0
0008_20150216_211104_M114_EM122.all,4323.0,4426752,https://hs.pangaea.de/bathy/m114/0008_20150216_211104_M114_EM122.all,2015-02-16 21:11:04+00:00,wkt_track,True,0.0
0009_20150216_211521_M114_EM122.all,29918.0,30636032,https://hs.pangaea.de/bathy/m114/0009_20150216_211521_M114_EM122.all,2015-02-16 21:15:21+00:00,wkt_track,True,0.0
0010_20150216_214524_M114_EM122.all,15146.0,15509504,https://hs.pangaea.de/bathy/m114/0010_20150216_214524_M114_EM122.all,2015-02-16 21:45:24+00:00,wkt_track,True,0.0
0011_20150216_220036_M114_EM122.all,5920.0,6062080,https://hs.pangaea.de/bathy/m114/0011_20150216_220036_M114_EM122.all,2015-02-16 22:00:36+00:00,wkt_track,True,0.0
0012_20150216_220628_M114_EM122.all,15914.0,16295936,https://hs.pangaea.de/bathy/m114/0012_20150216_220628_M114_EM122.all,2015-02-16 22:06:28+00:00,wkt_track,True,0.0
0013_20150216_222227_M114_EM122.all,25560.0,26173440,https://hs.pangaea.de/bathy/m114/0013_20150216_222227_M114_EM122.all,2015-02-16 22:22:27+00:00,wkt_track,True,0.0
0014_20150216_225231_M114_EM122.all,23773.0,24343552,https://hs.pangaea.de/bathy/m114/0014_20150216_225231_M114_EM122.all,2015-02-16 22:52:31+00:00,wkt_track,False,3137.5
0015_20150216_232230_M114_EM122.all,7987.0,8178688,https://hs.pangaea.de/bathy/m114/0015_20150216_232230_M114_EM122.all,2015-02-16 23:22:30+00:00,wkt_track,False,3323.9
0000_20150216_233416_M114_EM122.all,22618.0,23160832,https://hs.pangaea.de/bathy/m114/0000_20150216_233416_M114_EM122.all,2015-02-16 23:34:16+00:00,wkt_track,False,1342.5
0001_20150217_000415_M114_EM122.all,22412.0,22949888,https://hs.pangaea.de/bathy/m114/0001_20150217_000415_M114_EM122.all,2015-02-17 00:04:15+00:00,wkt_track,True,0.0
0002_20150217_003410_M114_EM122.all,29798.0,30513152,https://hs.pangaea.de/bathy/m114/0002_20150217_003410_M114_EM122.all,2015-02-17 00:34:10+00:00,wkt_track,True,0.0
0003_20150217_010409_M114_EM122.all,28071.0,28744704,https://hs.pangaea.de/bathy/m114/0003_20150217_010409_M114_EM122.all,2015-02-17 01:04:09+00:00,wkt_track,True,0.0
0004_20150217_013412_M114_EM122.all,23086.0,23640064,https://hs.pangaea.de/bathy/m114/0004_20150217_013412_M114_EM122.all,2015-02-17 01:34:12+00:00,wkt_track,True,0.0
0005_20150217_020409_M114_EM122.all,22812.0,23359488,https://hs.pangaea.de/bathy/m114/0005_20150217_020409_M114_EM122.all,2015-02-17 02:04:09+00:00,wkt_track,True,0.0
0006_20150217_023416_M114_EM122.all,22753.0,23299072,https://hs.pangaea.de/bathy/m114/0006_20150217_023416_M114_EM122.all,2015-02-17 02:34:16+00:00,wkt_track,True,0.0
0007_20150217_030419_M114_EM122.all,22698.0,23242752,https://hs.pangaea.de/bathy/m114/0007_20150217_030419_M114_EM122.all,2015-02-17 03:04:19+00:00,wkt_track,False,929.8
0008_20150217_033416_M114_EM122.all,22813.0,23360512,https://hs.pangaea.de/bathy/m114/0008_20150217_033416_M114_EM122.all,2015-02-17 03:34:16+00:00,wkt_track,False,3500.8
0009_20150217_040415_M114_EM122.all,23061.0,23614464,https://hs.pangaea.de/bathy/m114/0009_20150217_040415_M114_EM122.all,2015-02-17 04:04:15+00:00,wkt_track,False,6237.6
0010_20150217_043415_M114_EM122.all,22753.0,23299072,https://hs.pangaea.de/bathy/m114/0010_20150217_043415_M114_EM122.all,2015-02-17 04:34:15+00:00,wkt_track,False,9000.9
0011_20150217_050417_M114_EM122.all,22460.0,22999040,https://hs.pangaea.de/bathy/m114/0011_20150217_050417_M114_EM122.all,2015-02-17 05:04:17+00:00,wkt_track,False,11547.7
0012_20150217_053409_M114_EM122.all,22666.0,23209984,https://hs.pangaea.de/bathy/m114/0012_20150217_053409_M114_EM122.all,2015-02-17 05:34:09+00:00,wkt_track,False,14141.1
0013_20150217_060419_M114_EM122.all,22625.0,23168000,https://hs.pangaea.de/bathy/m114/0013_20150217_060419_M114_EM122.all,2015-02-17 06:04:19+00:00,wkt_track,False,17492.8
0014_20150217_063417_M114_EM122.all,22894.0,23443456,https://hs.pangaea.de/bathy/m114/0014_20150217_063417_M114_EM122.all,2015-02-17 06:34:17+00:00,wkt_track,False,19818.0
0015_20150217_070414_M114_EM122.all,22921.0,23471104,https://hs.pangaea.de/bathy/m114/0015_20150217_070414_M114_EM122.all,2015-02-17 07:04:14+00:00,wkt_track,False,22264.0
0016_20150217_073412_M114_EM122.all,22598.0,23140352,https://hs.pangaea.de/bathy/m114/0016_20150217_073412_M114_EM122.all,2015-02-17 07:34:12+00:00,wkt_track,False,24816.3
0017_20150217_080410_M114_EM122.all,22665.0,23208960,https://hs.pangaea.de/bathy/m114/0017_20150217_080410_M114_EM122.all,2015-02-17 08:04:10+00:00,wkt_track,False,27391.9
0018_20150217_083420_M114_EM122.all,22048.0,22577152,https://hs.pangaea.de/bathy/m114/0018_20150217_083420_M114_EM122.all,2015-02-17 08:34:20+00:00,wkt_track,False,29831.4
0019_20150217_090411_M114_EM122.all,22262.0,22796288,https://hs.pangaea.de/bathy/m114/0019_20150217_090411_M114_EM122.all,2015-02-17 09:04:11+00:00,wkt_track,False,32358.3
0020_20150217_093419_M114_EM122.all,22463.0,23002112,https://hs.pangaea.de/bathy/m114/0020_20150217_093419_M114_EM122.all,2015-02-17 09:34:19+00:00,wkt_track,False,34496.7
0021_20150217_100417_M114_EM122.all,22533.0,23073792,https://hs.pangaea.de/bathy/m114/0021_20150217_100417_M114_EM122.all,2015-02-17 10:04:17+00:00,wkt_track,False,36518.8
0022_20150217_103416_M114_EM122.all,22666.0,23209984,https://hs.pangaea.de/bathy/m114/0022_20150217_103416_M114_EM122.all,2015-02-17 10:34:16+00:00,wkt_track,False,38663.9
0023_20150217_110415_M114_EM122.all,23036.0,23588864,https://hs.pangaea.de/bathy/m114/0023_20150217_110415_M114_EM122.all,2015-02-17 11:04:15+00:00,wkt_track,False,40711.5
0024_20150217_113414_M114_EM122.all,23109.0,23663616,https://hs.pangaea.de/bathy/m114/0024_20150217_113414_M114_EM122.all,2015-02-17 11:34:14+00:00,wkt_track,False,39227.2
0025_20150217_120413_M114_EM122.all,22380.0,22917120,https://hs.pangaea.de/bathy/m114/0025_20150217_120413_M114_EM122.all,2015-02-17 12:04:13+00:00,wkt_track,False,28630.4
0026_20150217_123409_M114_EM122.all,22876.0,23425024,https://hs.pangaea.de/bathy/m114/0026_20150217_123409_M114_EM122.all,2015-02-17 12:34:09+00:00,wkt_track,False,18024.7
0027_20150217_130418_M114_EM122.all,22623.0,23165952,https://hs.pangaea.de/bathy/m114/0027_20150217_130418_M114_EM122.all,2015-02-17 13:04:18+00:00,wkt_track,False,7372.9
0028_20150217_133416_M114_EM122.all,22730.0,23275520,https://hs.pangaea.de/bathy/m114/0028_20150217_133416_M114_EM122.all,2015-02-17 13:34:16+00:00,wkt_track,True,0.0
0029_20150217_140414_M114_EM122.all,25297.0,25904128,https://hs.pangaea.de/bathy/m114/0029_20150217_140414_M114_EM122.all,2015-02-17 14:04:14+00:00,wkt_track,True,0.0
0030_20150217_143412_M114_EM122.all,771.0,789504,https://hs.pangaea.de/bathy/m114/0030_20150217_143412_M114_EM122.all,2015-02-17 14:34:12+00:00,wkt_track,True,0.0
0031_20150218_023922_M114_EM122.all,32205.0,32977920,https://hs.pangaea.de/bathy/m114/0031_20150218_023922_M114_EM122.all,2015-02-18 02:39:22+00:00,wkt_track,True,0.0
0032_20150218_030922_M114_EM122.all,31944.0,32710656,https://hs.pangaea.de/bathy/m114/0032_20150218_030922_M114_EM122.all,2015-02-18 03:09:22+00:00,wkt_track,True,0.0
0033_20150218_033916_M114_EM122.all,31458.0,32212992,https://hs.pangaea.de/bathy/m114/0033_20150218_033916_M114_EM122.all,2015-02-18 03:39:16+00:00,wkt_track,True,0.0
0034_20150218_040923_M114_EM122.all,30913.0,31654912,https://hs.pangaea.de/bathy/m114/0034_20150218_040923_M114_EM122.all,2015-02-18 04:09:23+00:00,wkt_track,True,0.0
0035_20150218_043920_M114_EM122.all,31474.0,32229376,https://hs.pangaea.de/bathy/m114/0035_20150218_043920_M114_EM122.all,2015-02-18 04:39:20+00:00,wkt_track,True,0.0
0036_20150218_050916_M114_EM122.all,31806.0,32569344,https://hs.pangaea.de/bathy/m114/0036_20150218_050916_M114_EM122.all,2015-02-18 05:09:16+00:00,wkt_track,True,0.0
0037_20150218_053917_M114_EM122.all,32183.0,32955392,https://hs.pangaea.de/bathy/m114/0037_20150218_053917_M114_EM122.all,2015-02-18 05:39:17+00:00,wkt_track,True,0.0
0038_20150218_060917_M114_EM122.all,32410.0,33187840,https://hs.pangaea.de/bathy/m114/0038_20150218_060917_M114_EM122.all,2015-02-18 06:09:17+00:00,wkt_track,True,0.0
0039_20150218_063924_M114_EM122.all,25477.0,26088448,https://hs.pangaea.de/bathy/m114/0039_20150218_063924_M114_EM122.all,2015-02-18 06:39:24+00:00,wkt_track,True,0.0
0040_20150218_070922_M114_EM122.all,21893.0,22418432,https://hs.pangaea.de/bathy/m114/0040_20150218_070922_M114_EM122.all,2015-02-18 07:09:22+00:00,wkt_track,True,0.0
0041_20150218_073919_M114_EM122.all,22569.0,23110656,https://hs.pangaea.de/bathy/m114/0041_20150218_073919_M114_EM122.all,2015-02-18 07:39:19+00:00,wkt_track,False,1200.6
0042_20150218_080916_M114_EM122.all,22733.0,23278592,https://hs.pangaea.de/bathy/m114/0042_20150218_080916_M114_EM122.all,2015-02-18 08:09:16+00:00,wkt_track,True,0.0
0043_20150218_083917_M114_EM122.all,23271.0,23829504,https://hs.pangaea.de/bathy/m114/0043_20150218_083917_M114_EM122.all,2015-02-18 08:39:17+00:00,wkt_track,True,0.0
0044_20150218_090926_M114_EM122.all,22949.0,23499776,https://hs.pangaea.de/bathy/m114/0044_20150218_090926_M114_EM122.all,2015-02-18 09:09:26+00:00,wkt_track,False,3672.7
0045_20150218_093923_M114_EM122.all,22518.0,23058432,https://hs.pangaea.de/bathy/m114/0045_20150218_093923_M114_EM122.all,2015-02-18 09:39:23+00:00,wkt_track,False,10012.4
0046_20150218_100921_M114_EM122.all,23079.0,23632896,https://hs.pangaea.de/bathy/m114/0046_20150218_100921_M114_EM122.all,2015-02-18 10:09:21+00:00,wkt_track,False,15500.7
0047_20150218_103919_M114_EM122.all,22830.0,23377920,https://hs.pangaea.de/bathy/m114/0047_20150218_103919_M114_EM122.all,2015-02-18 10:39:19+00:00,wkt_track,False,21849.6
0048_20150218_110918_M114_EM122.all,22476.0,23015424,https://hs.pangaea.de/bathy/m114/0048_20150218_110918_M114_EM122.all,2015-02-18 11:09:18+00:00,wkt_track,False,28740.7
0049_20150218_113921_M114_EM122.all,22579.0,23120896,https://hs.pangaea.de/bathy/m114/0049_20150218_113921_M114_EM122.all,2015-02-18 11:39:21+00:00,wkt_track,False,35290.8
0050_20150218_120925_M114_EM122.all,23378.0,23939072,https://hs.pangaea.de/bathy/m114/0050_20150218_120925_M114_EM122.all,2015-02-18 12:09:25+00:00,wkt_track,False,41843.9
0051_20150218_123924_M114_EM122.all,15571.0,15944704,https://hs.pangaea.de/bathy/m114/0051_20150218_123924_M114_EM122.all,2015-02-18 12:39:24+00:00,wkt_track,False,48474.9
0052_20150218_125942_M114_EM122.all,22123.0,22653952,https://hs.pangaea.de/bathy/m114/0052_20150218_125942_M114_EM122.all,2015-02-18 12:59:42+00:00,wkt_track,False,52432.4
0053_20150218_132944_M114_EM122.all,22180.0,22712320,https://hs.pangaea.de/bathy/m114/0053_20150218_132944_M114_EM122.all,2015-02-18 13:29:44+00:00,wkt_track,False,51536.2
0054_20150218_135940_M114_EM122.all,21859.0,22383616,https://hs.pangaea.de/bathy/m114/0054_20150218_135940_M114_EM122.all,2015-02-18 13:59:40+00:00,wkt_track,False,50967.3
0055_20150218_142945_M114_EM122.all,21469.0,21984256,https://hs.pangaea.de/bathy/m114/0055_20150218_142945_M114_EM122.all,2015-02-18 14:29:45+00:00,wkt_track,False,49940.8
0056_20150218_145946_M114_EM122.all,21861.0,22385664,https://hs.pangaea.de/bathy/m114/0056_20150218_145946_M114_EM122.all,2015-02-18 14:59:46+00:00,wkt_track,False,49845.2
0057_20150218_152948_M114_EM122.all,14754.0,15108096,https://hs.pangaea.de/bathy/m114/0057_20150218_152948_M114_EM122.all,2015-02-18 15:29:48+00:00,wkt_track,False,49152.1
0058_20150218_155000_M114_EM122.all,11122.0,11388928,https://hs.pangaea.de/bathy/m114/0058_20150218_155000_M114_EM122.all,2015-02-18 15:50:00+00:00,wkt_track,False,49413.7
0059_20150218_160331_M114_EM122.all,11846.0,12130304,https://hs.pangaea.de/bathy/m114/0059_20150218_160331_M114_EM122.all,2015-02-18 16:03:31+00:00,wkt_track,False,50354.6
0060_20150218_161525_M114_EM122.all,4949.0,5067776,https://hs.pangaea.de/bathy/m114/0060_20150218_161525_M114_EM122.all,2015-02-18 16:15:25+00:00,wkt_track,False,50188.9
0061_20150218_162110_M114_EM122.all,24711.0,25304064,https://hs.pangaea.de/bathy/m114/0061_20150218_162110_M114_EM122.all,2015-02-18 16:21:10+00:00,wkt_track,False,45160.3
0062_20150218_165114_M114_EM122.all,22182.0,22714368,https://hs.pangaea.de/bathy/m114/0062_20150218_165114_M114_EM122.all,2015-02-18 16:51:14+00:00,wkt_track,False,40212.3
0063_20150218_172105_M114_EM122.all,24720.0,25313280,https://hs.pangaea.de/bathy/m114/0063_20150218_172105_M114_EM122.all,2015-02-18 17:21:05+00:00,wkt_track,False,35052.3
0064_20150218_175108_M114_EM122.all,27086.0,27736064,https://hs.pangaea.de/bathy/m114/0064_20150218_175108_M114_EM122.all,2015-02-18 17:51:08+00:00,wkt_track,False,29596.7
0065_20150218_182114_M114_EM122.all,22273.0,22807552,https://hs.pangaea.de/bathy/m114/0065_20150218_182114_M114_EM122.all,2015-02-18 18:21:14+00:00,wkt_track,False,24296.5
0066_20150218_185113_M114_EM122.all,22501.0,23041024,https://hs.pangaea.de/bathy/m114/0066_20150218_185113_M114_EM122.all,2015-02-18 18:51:13+00:00,wkt_track,False,18814.6
0067_20150218_192108_M114_EM122.all,22342.0,22878208,https://hs.pangaea.de/bathy/m114/0067_20150218_192108_M114_EM122.all,2015-02-18 19:21:08+00:00,wkt_track,False,13447.5
0068_20150218_195111_M114_EM122.all,19073.0,19530752,https://hs.pangaea.de/bathy/m114/0068_20150218_195111_M114_EM122.all,2015-02-18 19:51:11+00:00,wkt_track,False,9154.5
0069_20150218_201655_M114_EM122.all,5040.0,5160960,https://hs.pangaea.de/bathy/m114/0069_20150218_201655_M114_EM122.all,2015-02-18 20:16:55+00:00,wkt_track,False,8882.5
0000_20150218_202426_M114_EM122.all,18693.0,19141632,https://hs.pangaea.de/bathy/m114/0000_20150218_202426_M114_EM122.all,2015-02-18 20:24:26+00:00,wkt_track,False,9025.9
0001_20150218_204909_M114_EM122.all,25779.0,26397696,https://hs.pangaea.de/bathy/m114/0001_20150218_204909_M114_EM122.all,2015-02-18 20:49:09+00:00,wkt_track,False,10017.4
0002_20150218_211911_M114_EM122.all,22282.0,22816768,https://hs.pangaea.de/bathy/m114/0002_20150218_211911_M114_EM122.all,2015-02-18 21:19:11+00:00,wkt_track,False,12195.9
0003_20150218_214908_M114_EM122.all,22050.0,22579200,https://hs.pangaea.de/bathy/m114/0003_20150218_214908_M114_EM122.all,2015-02-18 21:49:08+00:00,wkt_track,False,15257.5
0004_20150218_221905_M114_EM122.all,22164.0,22695936,https://hs.pangaea.de/bathy/m114/0004_20150218_221905_M114_EM122.all,2015-02-18 22:19:05+00:00,wkt_track,False,20493.4
0005_20150218_224912_M114_EM122.all,21827.0,22350848,https://hs.pangaea.de/bathy/m114/0005_20150218_224912_M114_EM122.all,2015-02-18 22:49:12+00:00,wkt_track,False,24692.5
0006_20150218_231911_M114_EM122.all,14752.0,15106048,https://hs.pangaea.de/bathy/m114/0006_20150218_231911_M114_EM122.all,2015-02-18 23:19:11+00:00,wkt_track,False,28596.3
0007_20150218_233857_M114_EM122.all,10112.0,10354688,https://hs.pangaea.de/bathy/m114/0007_20150218_233857_M114_EM122.all,2015-02-18 23:38:57+00:00,wkt_track,False,31325.9
0008_20150218_235214_M114_EM122.all,23122.0,23676928,https://hs.pangaea.de/bathy/m114/0008_20150218_235214_M114_EM122.all,2015-02-18 23:52:14+00:00,wkt_track,False,27235.0
0009_20150219_002222_M114_EM122.all,23024.0,23576576,https://hs.pangaea.de/bathy/m114/0009_20150219_002222_M114_EM122.all,2015-02-19 00:22:22+00:00,wkt_track,False,23373.8
0011_20150219_005219_M114_EM122.all,10215.0,10460160,https://hs.pangaea.de/bathy/m114/0011_20150219_005219_M114_EM122.all,2015-02-19 00:52:19+00:00,wkt_track,False,23304.2
0012_20150219_010606_M114_EM122.all,3618.0,3704832,https://hs.pangaea.de/bathy/m114/0012_20150219_010606_M114_EM122.all,2015-02-19 01:06:06+00:00,wkt_track,False,24336.3
0013_20150219_011049_M114_EM122.all,22331.0,22866944,https://hs.pangaea.de/bathy/m114/0013_20150219_011049_M114_EM122.all,2015-02-19 01:10:49+00:00,wkt_track,False,25016.9
0014_20150219_014045_M114_EM122.all,12202.0,12494848,https://hs.pangaea.de/bathy/m114/0014_20150219_014045_M114_EM122.all,2015-02-19 01:40:45+00:00,wkt_track,False,28642.4
0015_20150219_015649_M114_EM122.all,1902.0,1947648,https://hs.pangaea.de/bathy/m114/0015_20150219_015649_M114_EM122.all,2015-02-19 01:56:49+00:00,wkt_track,False,30870.0
0016_20150219_015917_M114_EM122.all,6663.0,6822912,https://hs.pangaea.de/bathy/m114/0016_20150219_015917_M114_EM122.all,2015-02-19 01:59:17+00:00,wkt_track,False,30267.9
0017_20150219_020812_M114_EM122.all,2791.0,2857984,https://hs.pangaea.de/bathy/m114/0017_20150219_020812_M114_EM122.all,2015-02-19 02:08:12+00:00,wkt_track,False,29415.3
0018_20150219_021148_M114_EM122.all,23133.0,23688192,https://hs.pangaea.de/bathy/m114/0018_20150219_021148_M114_EM122.all,2015-02-19 02:11:48+00:00,wkt_track,False,27065.8
0019_20150219_024153_M114_EM122.all,22961.0,23512064,https://hs.pangaea.de/bathy/m114/0019_20150219_024153_M114_EM122.all,2015-02-19 02:41:53+00:00,wkt_track,False,25307.1
0020_20150219_031153_M114_EM122.all,291.0,297984,https://hs.pangaea.de/bathy/m114/0020_20150219_031153_M114_EM122.all,2015-02-19 03:11:53+00:00,wkt_track,False,25255.7
0021_20150219_031215_M114_EM122.all,2054.0,2103296,https://hs.pangaea.de/bathy/m114/0021_20150219_031215_M114_EM122.all,2015-02-19 03:12:15+00:00,wkt_track,False,24493.3
0022_20150219_031453_M114_EM122.all,20015.0,20495360,https://hs.pangaea.de/bathy/m114/0022_20150219_031453_M114_EM122.all,2015-02-19 03:14:53+00:00,wkt_track,False,16562.1
0023_20150219_034115_M114_EM122.all,747.0,764928,https://hs.pangaea.de/bathy/m114/0023_20150219_034115_M114_EM122.all,2015-02-19 03:41:15+00:00,wkt_track,False,16360.7
0024_20150219_034212_M114_EM122.all,30075.0,30796800,https://hs.pangaea.de/bathy/m114/0024_20150219_034212_M114_EM122.all,2015-02-19 03:42:12+00:00,wkt_track,False,12337.9
0025_20150219_041211_M114_EM122.all,30953.0,31695872,https://hs.pangaea.de/bathy/m114/0025_20150219_041211_M114_EM122.all,2015-02-19 04:12:11+00:00,wkt_track,False,9022.4
0026_20150219_044210_M114_EM122.all,18417.0,18859008,https://hs.pangaea.de/bathy/m114/0026_20150219_044210_M114_EM122.all,2015-02-19 04:42:10+00:00,wkt_track,False,7844.6
0027_20150219_050012_M114_EM122.all,4527.0,4635648,https://hs.pangaea.de/bathy/m114/0027_20150219_050012_M114_EM122.all,2015-02-19 05:00:12+00:00,wkt_track,False,7238.3
0028_20150219_050442_M114_EM122.all,29045.0,29742080,https://hs.pangaea.de/bathy/m114/0028_20150219_050442_M114_EM122.all,2015-02-19 05:04:42+00:00,wkt_track,True,0.0
0029_20150219_053444_M114_EM122.all,15179.0,15543296,https://hs.pangaea.de/bathy/m114/0029_20150219_053444_M114_EM122.all,2015-02-19 05:34:44+00:00,wkt_track,True,0.0
0000_20150219_094722_M114_EM122.all,29285.0,29987840,https://hs.pangaea.de/bathy/m114/0000_20150219_094722_M114_EM122.all,2015-02-19 09:47:22+00:00,wkt_track,True,0.0
0001_20150219_101718_M114_EM122.all,12931.0,13241344,https://hs.pangaea.de/bathy/m114/0001_20150219_101718_M114_EM122.all,2015-02-19 10:17:18+00:00,wkt_track,False,4019.5
0002_20150219_103105_M114_EM122.all,27566.0,28227584,https://hs.pangaea.de/bathy/m114/0002_20150219_103105_M114_EM122.all,2015-02-19 10:31:05+00:00,wkt_track,False,9026.1
0003_20150219_110106_M114_EM122.all,22323.0,22858752,https://hs.pangaea.de/bathy/m114/0003_20150219_110106_M114_EM122.all,2015-02-19 11:01:06+00:00,wkt_track,False,19368.4
0004_20150219_113103_M114_EM122.all,22873.0,23421952,https://hs.pangaea.de/bathy/m114/0004_20150219_113103_M114_EM122.all,2015-02-19 11:31:03+00:00,wkt_track,False,30026.9
0005_20150219_120103_M114_EM122.all,4177.0,4277248,https://hs.pangaea.de/bathy/m114/0005_20150219_120103_M114_EM122.all,2015-02-19 12:01:03+00:00,wkt_track,False,40898.6
0006_20150219_120649_M114_EM122.all,17085.0,17495040,https://hs.pangaea.de/bathy/m114/0006_20150219_120649_M114_EM122.all,2015-02-19 12:06:49+00:00,wkt_track,False,37931.3
0007_20150219_122950_M114_EM122.all,22280.0,22814720,https://hs.pangaea.de/bathy/m114/0007_20150219_122950_M114_EM122.all,2015-02-19 12:29:50+00:00,wkt_track,False,37356.6
0008_20150219_125949_M114_EM122.all,22246.0,22779904,https://hs.pangaea.de/bathy/m114/0008_20150219_125949_M114_EM122.all,2015-02-19 12:59:49+00:00,wkt_track,False,36428.6
0009_20150219_132950_M114_EM122.all,3802.0,3893248,https://hs.pangaea.de/bathy/m114/0009_20150219_132950_M114_EM122.all,2015-02-19 13:29:50+00:00,wkt_track,False,36150.6
0010_20150219_133458_M114_EM122.all,5585.0,5719040,https://hs.pangaea.de/bathy/m114/0010_20150219_133458_M114_EM122.all,2015-02-19 13:34:58+00:00,wkt_track,False,36032.0
0011_20150219_134130_M114_EM122.all,2961.0,3032064,https://hs.pangaea.de/bathy/m114/0011_20150219_134130_M114_EM122.all,2015-02-19 13:41:30+00:00,wkt_track,False,36270.8
0000_20150219_134822_M114_EM122.all,28876.0,29569024,https://hs.pangaea.de/bathy/m114/0000_20150219_134822_M114_EM122.all,2015-02-19 13:48:22+00:00,wkt_track,False,37326.7
0001_20150219_141831_M114_EM122.all,28538.0,29222912,https://hs.pangaea.de/bathy/m114/0001_20150219_141831_M114_EM122.all,2015-02-19 14:18:31+00:00,wkt_track,False,41548.6
0002_20150219_144800_M114_EM122.all,2335.0,2391040,https://hs.pangaea.de/bathy/m114/0002_20150219_144800_M114_EM122.all,2015-02-19 14:48:00+00:00,wkt_track,False,45636.0
0003_20150219_145024_M114_EM122.all,11553.0,11830272,https://hs.pangaea.de/bathy/m114/0003_20150219_145024_M114_EM122.all,2015-02-19 14:50:24+00:00,wkt_track,False,45984.1
0004_20150219_150244_M114_EM122.all,4338.0,4442112,https://hs.pangaea.de/bathy/m114/0004_20150219_150244_M114_EM122.all,2015-02-19 15:02:44+00:00,wkt_track,False,46389.2
0005_20150219_150715_M114_EM122.all,29163.0,29862912,https://hs.pangaea.de/bathy/m114/0005_20150219_150715_M114_EM122.all,2015-02-19 15:07:15+00:00,wkt_track,False,42176.6
0006_20150219_153716_M114_EM122.all,28566.0,29251584,https://hs.pangaea.de/bathy/m114/0006_20150219_153716_M114_EM122.all,2015-02-19 15:37:16+00:00,wkt_track,False,38092.0
0007_20150219_160715_M114_EM122.all,27749.0,28414976,https://hs.pangaea.de/bathy/m114/0007_20150219_160715_M114_EM122.all,2015-02-19 16:07:15+00:00,wkt_track,False,35226.1
0008_20150219_163715_M114_EM122.all,8029.0,8221696,https://hs.pangaea.de/bathy/m114/0008_20150219_163715_M114_EM122.all,2015-02-19 16:37:15+00:00,wkt_track,False,35194.7
0009_20150219_164601_M114_EM122.all,28202.0,28878848,https://hs.pangaea.de/bathy/m114/0009_20150219_164601_M114_EM122.all,2015-02-19 16:46:01+00:00,wkt_track,False,34708.5
0010_20150219_171559_M114_EM122.all,11476.0,11751424,https://hs.pangaea.de/bathy/m114/0010_20150219_171559_M114_EM122.all,2015-02-19 17:15:59+00:00,wkt_track,False,33842.7
0069_20150221_021732_M114_EM122.all,29779.0,30493696,https://hs.pangaea.de/bathy/m114/0069_20150221_021732_M114_EM122.all,2015-02-21 02:17:32+00:00,wkt_track,False,1930.2
0070_20150221_024733_M114_EM122.all,29688.0,30400512,https://hs.pangaea.de/bathy/m114/0070_20150221_024733_M114_EM122.all,2015-02-21 02:47:33+00:00,wkt_track,True,0.0
0071_20150221_031741_M114_EM122.all,28833.0,29524992,https://hs.pangaea.de/bathy/m114/0071_20150221_031741_M114_EM122.all,2015-02-21 03:17:41+00:00,wkt_track,True,0.0
0073_20150221_041732_M114_EM122.all,31448.0,32202752,https://hs.pangaea.de/bathy/m114/0073_20150221_041732_M114_EM122.all,2015-02-21 04:17:32+00:00,wkt_track,True,0.0
0074_20150221_044737_M114_EM122.all,29647.0,30358528,https://hs.pangaea.de/bathy/m114/0074_20150221_044737_M114_EM122.all,2015-02-21 04:47:37+00:00,wkt_track,True,0.0
0075_20150221_051736_M114_EM122.all,22959.0,23510016,https://hs.pangaea.de/bathy/m114/0075_20150221_051736_M114_EM122.all,2015-02-21 05:17:36+00:00,wkt_track,True,0.0
0076_20150221_054737_M114_EM122.all,9584.0,9814016,https://hs.pangaea.de/bathy/m114/0076_20150221_054737_M114_EM122.all,2015-02-21 05:47:37+00:00,wkt_track,False,2037.3
0077_20150221_060007_M114_EM122.all,23115.0,23669760,https://hs.pangaea.de/bathy/m114/0077_20150221_060007_M114_EM122.all,2015-02-21 06:00:07+00:00,wkt_track,False,3110.2
0078_20150221_063009_M114_EM122.all,12705.0,13009920,https://hs.pangaea.de/bathy/m114/0078_20150221_063009_M114_EM122.all,2015-02-21 06:30:09+00:00,wkt_track,False,5835.5
0079_20150221_064702_M114_EM122.all,25857.0,26477568,https://hs.pangaea.de/bathy/m114/0079_20150221_064702_M114_EM122.all,2015-02-21 06:47:02+00:00,wkt_track,False,4166.0
0081_20150221_074703_M114_EM122.all,15255.0,15621120,https://hs.pangaea.de/bathy/m114/0081_20150221_074703_M114_EM122.all,2015-02-21 07:47:03+00:00,wkt_track,False,2787.7
0082_20150221_080717_M114_EM122.all,17371.0,17787904,https://hs.pangaea.de/bathy/m114/0082_20150221_080717_M114_EM122.all,2015-02-21 08:07:17+00:00,wkt_track,False,2691.4
0083_20150221_083001_M114_EM122.all,22725.0,23270400,https://hs.pangaea.de/bathy/m114/0083_20150221_083001_M114_EM122.all,2015-02-21 08:30:01+00:00,wkt_track,False,3632.8
0084_20150221_085957_M114_EM122.all,22489.0,23028736,https://hs.pangaea.de/bathy/m114/0084_20150221_085957_M114_EM122.all,2015-02-21 08:59:57+00:00,wkt_track,False,6461.7
0085_20150221_093001_M114_EM122.all,22844.0,23392256,https://hs.pangaea.de/bathy/m114/0085_20150221_093001_M114_EM122.all,2015-02-21 09:30:01+00:00,wkt_track,False,8783.9
0086_20150221_100001_M114_EM122.all,22792.0,23339008,https://hs.pangaea.de/bathy/m114/0086_20150221_100001_M114_EM122.all,2015-02-21 10:00:01+00:00,wkt_track,False,10878.7
0087_20150221_102959_M114_EM122.all,23040.0,23592960,https://hs.pangaea.de/bathy/m114/0087_20150221_102959_M114_EM122.all,2015-02-21 10:29:59+00:00,wkt_track,False,13229.5
0089_20150221_112959_M114_EM122.all,29155.0,29854720,https://hs.pangaea.de/bathy/m114/0089_20150221_112959_M114_EM122.all,2015-02-21 11:29:59+00:00,wkt_track,False,18037.1
0090_20150221_120000_M114_EM122.all,28577.0,29262848,https://hs.pangaea.de/bathy/m114/0090_20150221_120000_M114_EM122.all,2015-02-21 12:00:00+00:00,wkt_track,False,20359.5
0091_20150221_122956_M114_EM122.all,22839.0,23387136,https://hs.pangaea.de/bathy/m114/0091_20150221_122956_M114_EM122.all,2015-02-21 12:29:56+00:00,wkt_track,False,22736.8
0092_20150221_130000_M114_EM122.all,22401.0,22938624,https://hs.pangaea.de/bathy/m114/0092_20150221_130000_M114_EM122.all,2015-02-21 13:00:00+00:00,wkt_track,False,25131.8
0093_20150221_133004_M114_EM122.all,22864.0,23412736,https://hs.pangaea.de/bathy/m114/0093_20150221_133004_M114_EM122.all,2015-02-21 13:30:04+00:00,wkt_track,False,27468.6
0094_20150221_140004_M114_EM122.all,21840.0,22364160,https://hs.pangaea.de/bathy/m114/0094_20150221_140004_M114_EM122.all,2015-02-21 14:00:04+00:00,wkt_track,False,30006.3
0095_20150221_143006_M114_EM122.all,22438.0,22976512,https://hs.pangaea.de/bathy/m114/0095_20150221_143006_M114_EM122.all,2015-02-21 14:30:06+00:00,wkt_track,False,32736.2
0097_20150221_153003_M114_EM122.all,22767.0,23313408,https://hs.pangaea.de/bathy/m114/0097_20150221_153003_M114_EM122.all,2015-02-21 15:30:03+00:00,wkt_track,False,37797.2
0098_20150221_160004_M114_EM122.all,9464.0,9691136,https://hs.pangaea.de/bathy/m114/0098_20150221_160004_M114_EM122.all,2015-02-21 16:00:04+00:00,wkt_track,False,40015.8
0099_20150221_161231_M114_EM122.all,22846.0,23394304,https://hs.pangaea.de/bathy/m114/0099_20150221_161231_M114_EM122.all,2015-02-21 16:12:31+00:00,wkt_track,False,40661.1
0100_20150221_164234_M114_EM122.all,4510.0,4618240,https://hs.pangaea.de/bathy/m114/0100_20150221_164234_M114_EM122.all,2015-02-21 16:42:34+00:00,wkt_track,False,39004.6
0101_20150221_164826_M114_EM122.all,22783.0,23329792,https://hs.pangaea.de/bathy/m114/0101_20150221_164826_M114_EM122.all,2015-02-21 16:48:26+00:00,wkt_track,False,28277.5
0102_20150221_171825_M114_EM122.all,26223.0,26852352,https://hs.pangaea.de/bathy/m114/0102_20150221_171825_M114_EM122.all,2015-02-21 17:18:25+00:00,wkt_track,False,18069.2
0103_20150221_174832_M114_EM122.all,3423.0,3505152,https://hs.pangaea.de/bathy/m114/0103_20150221_174832_M114_EM122.all,2015-02-21 17:48:32+00:00,wkt_track,False,18032.1
0104_20150221_175145_M114_EM122.all,29861.0,30577664,https://hs.pangaea.de/bathy/m114/0104_20150221_175145_M114_EM122.all,2015-02-21 17:51:45+00:00,wkt_track,False,18095.5
0105_20150221_182149_M114_EM122.all,30284.0,31010816,https://hs.pangaea.de/bathy/m114/0105_20150221_182149_M114_EM122.all,2015-02-21 18:21:49+00:00,wkt_track,False,18190.6
0106_20150221_185150_M114_EM122.all,29953.0,30671872,https://hs.pangaea.de/bathy/m114/0106_20150221_185150_M114_EM122.all,2015-02-21 18:51:50+00:00,wkt_track,False,18186.8
0107_20150221_192142_M114_EM122.all,1053.0,1078272,https://hs.pangaea.de/bathy/m114/0107_20150221_192142_M114_EM122.all,2015-02-21 19:21:42+00:00,wkt_track,False,18186.8
0108_20150221_194240_M114_EM122.all,29984.0,30703616,https://hs.pangaea.de/bathy/m114/0108_20150221_194240_M114_EM122.all,2015-02-21 19:42:40+00:00,wkt_track,False,18181.9
0109_20150221_201234_M114_EM122.all,30254.0,30980096,https://hs.pangaea.de/bathy/m114/0109_20150221_201234_M114_EM122.all,2015-02-21 20:12:34+00:00,wkt_track,False,18180.4
0110_20150221_204239_M114_EM122.all,13816.0,14147584,https://hs.pangaea.de/bathy/m114/0110_20150221_204239_M114_EM122.all,2015-02-21 20:42:39+00:00,wkt_track,False,18178.7
0000_20150221_205801_M114_EM122.all,29299.0,30002176,https://hs.pangaea.de/bathy/m114/0000_20150221_205801_M114_EM122.all,2015-02-21 20:58:01+00:00,wkt_track,False,9445.1
0001_20150221_212753_M114_EM122.all,28914.0,29607936,https://hs.pangaea.de/bathy/m114/0001_20150221_212753_M114_EM122.all,2015-02-21 21:27:53+00:00,wkt_track,True,0.0
0002_20150221_215801_M114_EM122.all,30088.0,30810112,https://hs.pangaea.de/bathy/m114/0002_20150221_215801_M114_EM122.all,2015-02-21 21:58:01+00:00,wkt_track,True,0.0
0003_20150221_222755_M114_EM122.all,29869.0,30585856,https://hs.pangaea.de/bathy/m114/0003_20150221_222755_M114_EM122.all,2015-02-21 22:27:55+00:00,wkt_track,True,0.0
0004_20150221_225758_M114_EM122.all,29412.0,30117888,https://hs.pangaea.de/bathy/m114/0004_20150221_225758_M114_EM122.all,2015-02-21 22:57:58+00:00,wkt_track,False,1531.1
0005_20150221_232753_M114_EM122.all,29506.0,30214144,https://hs.pangaea.de/bathy/m114/0005_20150221_232753_M114_EM122.all,2015-02-21 23:27:53+00:00,wkt_track,False,6488.2
0006_20150221_235756_M114_EM122.all,29560.0,30269440,https://hs.pangaea.de/bathy/m114/0006_20150221_235756_M114_EM122.all,2015-02-21 23:57:56+00:00,wkt_track,False,11454.1
0007_20150222_002753_M114_EM122.all,29519.0,30227456,https://hs.pangaea.de/bathy/m114/0007_20150222_002753_M114_EM122.all,2015-02-22 00:27:53+00:00,wkt_track,False,16442.2
0008_20150222_005759_M114_EM122.all,29743.0,30456832,https://hs.pangaea.de/bathy/m114/0008_20150222_005759_M114_EM122.all,2015-02-22 00:57:59+00:00,wkt_track,False,21559.7
0009_20150222_012801_M114_EM122.all,25953.0,26575872,https://hs.pangaea.de/bathy/m114/0009_20150222_012801_M114_EM122.all,2015-02-22 01:28:01+00:00,wkt_track,False,26706.1
0010_20150222_015351_M114_EM122.all,29877.0,30594048,https://hs.pangaea.de/bathy/m114/0010_20150222_015351_M114_EM122.all,2015-02-22 01:53:51+00:00,wkt_track,False,31033.7
0011_20150222_022351_M114_EM122.all,21970.0,22497280,https://hs.pangaea.de/bathy/m114/0011_20150222_022351_M114_EM122.all,2015-02-22 02:23:51+00:00,wkt_track,False,35318.9
0012_20150222_024607_M114_EM122.all,29443.0,30149632,https://hs.pangaea.de/bathy/m114/0012_20150222_024607_M114_EM122.all,2015-02-22 02:46:07+00:00,wkt_track,False,38573.1
0013_20150222_031602_M114_EM122.all,30419.0,31149056,https://hs.pangaea.de/bathy/m114/0013_20150222_031602_M114_EM122.all,2015-02-22 03:16:02+00:00,wkt_track,False,43379.2
0014_20150222_034609_M114_EM122.all,30138.0,30861312,https://hs.pangaea.de/bathy/m114/0014_20150222_034609_M114_EM122.all,2015-02-22 03:46:09+00:00,wkt_track,False,48340.5
0015_20150222_041609_M114_EM122.all,4998.0,5117952,https://hs.pangaea.de/bathy/m114/0015_20150222_041609_M114_EM122.all,2015-02-22 04:16:09+00:00,wkt_track,False,53395.9
0016_20150222_042116_M114_EM122.all,2457.0,2515968,https://hs.pangaea.de/bathy/m114/0016_20150222_042116_M114_EM122.all,2015-02-22 04:21:16+00:00,wkt_track,False,54181.9
0017_20150222_042347_M114_EM122.all,11389.0,11662336,https://hs.pangaea.de/bathy/m114/0017_20150222_042347_M114_EM122.all,2015-02-22 04:23:47+00:00,wkt_track,False,54348.0
0018_20150222_043559_M114_EM122.all,3378.0,3459072,https://hs.pangaea.de/bathy/m114/0018_20150222_043559_M114_EM122.all,2015-02-22 04:35:59+00:00,wkt_track,False,53889.8
0019_20150222_043929_M114_EM122.all,30122.0,30844928,https://hs.pangaea.de/bathy/m114/0019_20150222_043929_M114_EM122.all,2015-02-22 04:39:29+00:00,wkt_track,False,49276.1
0020_20150222_050933_M114_EM122.all,30097.0,30819328,https://hs.pangaea.de/bathy/m114/0020_20150222_050933_M114_EM122.all,2015-02-22 05:09:33+00:00,wkt_track,False,44413.5
0021_20150222_053930_M114_EM122.all,28924.0,29618176,https://hs.pangaea.de/bathy/m114/0021_20150222_053930_M114_EM122.all,2015-02-22 05:39:30+00:00,wkt_track,False,39620.8
0022_20150222_060927_M114_EM122.all,27833.0,28500992,https://hs.pangaea.de/bathy/m114/0022_20150222_060927_M114_EM122.all,2015-02-22 06:09:27+00:00,wkt_track,False,35567.3
0023_20150222_063927_M114_EM122.all,28564.0,29249536,https://hs.pangaea.de/bathy/m114/0023_20150222_063927_M114_EM122.all,2015-02-22 06:39:27+00:00,wkt_track,False,31405.8
0024_20150222_070927_M114_EM122.all,28921.0,29615104,https://hs.pangaea.de/bathy/m114/0024_20150222_070927_M114_EM122.all,2015-02-22 07:09:27+00:00,wkt_track,False,26665.0
0025_20150222_073927_M114_EM122.all,28598.0,29284352,https://hs.pangaea.de/bathy/m114/0025_20150222_073927_M114_EM122.all,2015-02-22 07:39:27+00:00,wkt_track,False,21823.3
0026_20150222_080923_M114_EM122.all,27414.0,28071936,https://hs.pangaea.de/bathy/m114/0026_20150222_080923_M114_EM122.all,2015-02-22 08:09:23+00:00,wkt_track,False,16823.6
0027_20150222_083931_M114_EM122.all,28068.0,28741632,https://hs.pangaea.de/bathy/m114/0027_20150222_083931_M114_EM122.all,2015-02-22 08:39:31+00:00,wkt_track,False,11734.4
0028_20150222_090932_M114_EM122.all,28860.0,29552640,https://hs.pangaea.de/bathy/m114/0028_20150222_090932_M114_EM122.all,2015-02-22 09:09:32+00:00,wkt_track,False,6551.9
0029_20150222_093932_M114_EM122.all,28671.0,29359104,https://hs.pangaea.de/bathy/m114/0029_20150222_093932_M114_EM122.all,2015-02-22 09:39:32+00:00,wkt_track,True,0.0
0030_20150222_100924_M114_EM122.all,29337.0,30041088,https://hs.pangaea.de/bathy/m114/0030_20150222_100924_M114_EM122.all,2015-02-22 10:09:24+00:00,wkt_track,True,0.0
0031_20150222_103927_M114_EM122.all,29756.0,30470144,https://hs.pangaea.de/bathy/m114/0031_20150222_103927_M114_EM122.all,2015-02-22 10:39:27+00:00,wkt_track,True,0.0
0032_20150222_110931_M114_EM122.all,28051.0,28724224,https://hs.pangaea.de/bathy/m114/0032_20150222_110931_M114_EM122.all,2015-02-22 11:09:31+00:00,wkt_track,False,4617.3
0033_20150222_113931_M114_EM122.all,20003.0,20483072,https://hs.pangaea.de/bathy/m114/0033_20150222_113931_M114_EM122.all,2015-02-22 11:39:31+00:00,wkt_track,False,11875.9
0034_20150222_120051_M114_EM122.all,10816.0,11075584,https://hs.pangaea.de/bathy/m114/0034_20150222_120051_M114_EM122.all,2015-02-22 12:00:51+00:00,wkt_track,False,16865.5
0035_20150222_121140_M114_EM122.all,29963.0,30682112,https://hs.pangaea.de/bathy/m114/0035_20150222_121140_M114_EM122.all,2015-02-22 12:11:40+00:00,wkt_track,False,18587.4
0036_20150222_124137_M114_EM122.all,12890.0,13199360,https://hs.pangaea.de/bathy/m114/0036_20150222_124137_M114_EM122.all,2015-02-22 12:41:37+00:00,wkt_track,False,19075.0
0037_20150222_125415_M114_EM122.all,6542.0,6699008,https://hs.pangaea.de/bathy/m114/0037_20150222_125415_M114_EM122.all,2015-02-22 12:54:15+00:00,wkt_track,False,18812.9
0038_20150222_130039_M114_EM122.all,5351.0,5479424,https://hs.pangaea.de/bathy/m114/0038_20150222_130039_M114_EM122.all,2015-02-22 13:00:39+00:00,wkt_track,False,18850.0
0000_20150223_170651_M114_EM122.all,29946.0,30664704,https://hs.pangaea.de/bathy/m114/0000_20150223_170651_M114_EM122.all,2015-02-23 17:06:51+00:00,wkt_track,False,13451.4
0001_20150223_173652_M114_EM122.all,30842.0,31582208,https://hs.pangaea.de/bathy/m114/0001_20150223_173652_M114_EM122.all,2015-02-23 17:36:52+00:00,wkt_track,False,9835.2
0002_20150223_180655_M114_EM122.all,31345.0,32097280,https://hs.pangaea.de/bathy/m114/0002_20150223_180655_M114_EM122.all,2015-02-23 18:06:55+00:00,wkt_track,False,9723.4
0003_20150223_183659_M114_EM122.all,27728.0,28393472,https://hs.pangaea.de/bathy/m114/0003_20150223_183659_M114_EM122.all,2015-02-23 18:36:59+00:00,wkt_track,False,10054.6
0004_20150223_190434_M114_EM122.all,8281.0,8479744,https://hs.pangaea.de/bathy/m114/0004_20150223_190434_M114_EM122.all,2015-02-23 19:04:34+00:00,wkt_track,False,11614.6
0005_20150223_191259_M114_EM122.all,28900.0,29593600,https://hs.pangaea.de/bathy/m114/0005_20150223_191259_M114_EM122.all,2015-02-23 19:12:59+00:00,wkt_track,False,13126.6
0006_20150223_194304_M114_EM122.all,21626.0,22145024,https://hs.pangaea.de/bathy/m114/0006_20150223_194304_M114_EM122.all,2015-02-23 19:43:04+00:00,wkt_track,False,20452.9
0007_20150223_200527_M114_EM122.all,29643.0,30354432,https://hs.pangaea.de/bathy/m114/0007_20150223_200527_M114_EM122.all,2015-02-23 20:05:27+00:00,wkt_track,False,26980.6
0008_20150223_203532_M114_EM122.all,29290.0,29992960,https://hs.pangaea.de/bathy/m114/0008_20150223_203532_M114_EM122.all,2015-02-23 20:35:32+00:00,wkt_track,False,29807.1
0009_20150223_210527_M114_EM122.all,29714.0,30427136,https://hs.pangaea.de/bathy/m114/0009_20150223_210527_M114_EM122.all,2015-02-23 21:05:27+00:00,wkt_track,False,32642.9
0010_20150223_213531_M114_EM122.all,3325.0,3404800,https://hs.pangaea.de/bathy/m114/0010_20150223_213531_M114_EM122.all,2015-02-23 21:35:31+00:00,wkt_track,False,35845.7
0011_20150223_213856_M114_EM122.all,11252.0,11522048,https://hs.pangaea.de/bathy/m114/0011_20150223_213856_M114_EM122.all,2015-02-23 21:38:56+00:00,wkt_track,False,36231.7
0012_20150223_215033_M114_EM122.all,17318.0,17733632,https://hs.pangaea.de/bathy/m114/0012_20150223_215033_M114_EM122.all,2015-02-23 21:50:33+00:00,wkt_track,False,37569.9
0013_20150223_220827_M114_EM122.all,29510.0,30218240,https://hs.pangaea.de/bathy/m114/0013_20150223_220827_M114_EM122.all,2015-02-23 22:08:27+00:00,wkt_track,False,35930.0
0014_20150223_223821_M114_EM122.all,29909.0,30626816,https://hs.pangaea.de/bathy/m114/0014_20150223_223821_M114_EM122.all,2015-02-23 22:38:21+00:00,wkt_track,False,33330.8
0015_20150223_230827_M114_EM122.all,29821.0,30536704,https://hs.pangaea.de/bathy/m114/0015_20150223_230827_M114_EM122.all,2015-02-23 23:08:27+00:00,wkt_track,False,31282.0
0016_20150223_233820_M114_EM122.all,29592.0,30302208,https://hs.pangaea.de/bathy/m114/0016_20150223_233820_M114_EM122.all,2015-02-23 23:38:20+00:00,wkt_track,False,27930.6
0017_20150224_000823_M114_EM122.all,30477.0,31208448,https://hs.pangaea.de/bathy/m114/0017_20150224_000823_M114_EM122.all,2015-02-24 00:08:23+00:00,wkt_track,False,26728.7
0018_20150224_003826_M114_EM122.all,29390.0,30095360,https://hs.pangaea.de/bathy/m114/0018_20150224_003826_M114_EM122.all,2015-02-24 00:38:26+00:00,wkt_track,False,26591.9
0019_20150224_010826_M114_EM122.all,27853.0,28521472,https://hs.pangaea.de/bathy/m114/0019_20150224_010826_M114_EM122.all,2015-02-24 01:08:26+00:00,wkt_track,False,26936.9
0020_20150224_013819_M114_EM122.all,28682.0,29370368,https://hs.pangaea.de/bathy/m114/0020_20150224_013819_M114_EM122.all,2015-02-24 01:38:19+00:00,wkt_track,False,29579.5
0021_20150224_020823_M114_EM122.all,28738.0,29427712,https://hs.pangaea.de/bathy/m114/0021_20150224_020823_M114_EM122.all,2015-02-24 02:08:23+00:00,wkt_track,False,34060.6
0022_20150224_023827_M114_EM122.all,28877.0,29570048,https://hs.pangaea.de/bathy/m114/0022_20150224_023827_M114_EM122.all,2015-02-24 02:38:27+00:00,wkt_track,False,40206.4
0023_20150224_030830_M114_EM122.all,29278.0,29980672,https://hs.pangaea.de/bathy/m114/0023_20150224_030830_M114_EM122.all,2015-02-24 03:08:30+00:00,wkt_track,False,47344.7
0024_20150224_033827_M114_EM122.all,18691.0,19139584,https://hs.pangaea.de/bathy/m114/0024_20150224_033827_M114_EM122.all,2015-02-24 03:38:27+00:00,wkt_track,False,48077.4
0025_20150224_035636_M114_EM122.all,12826.0,13133824,https://hs.pangaea.de/bathy/m114/0025_20150224_035636_M114_EM122.all,2015-02-24 03:56:36+00:00,wkt_track,False,48139.0
0000_20150224_143815_M114_EM122.all,32001.0,32769024,https://hs.pangaea.de/bathy/m114/0000_20150224_143815_M114_EM122.all,2015-02-24 14:38:15+00:00,wkt_track,False,47461.2
0001_20150224_150819_M114_EM122.all,32271.0,33045504,https://hs.pangaea.de/bathy/m114/0001_20150224_150819_M114_EM122.all,2015-02-24 15:08:19+00:00,wkt_track,False,45804.2
0002_20150224_153819_M114_EM122.all,32861.0,33649664,https://hs.pangaea.de/bathy/m114/0002_20150224_153819_M114_EM122.all,2015-02-24 15:38:19+00:00,wkt_track,False,47060.4
0003_20150224_160818_M114_EM122.all,31470.0,32225280,https://hs.pangaea.de/bathy/m114/0003_20150224_160818_M114_EM122.all,2015-02-24 16:08:18+00:00,wkt_track,False,46710.7
0004_20150224_163817_M114_EM122.all,32504.0,33284096,https://hs.pangaea.de/bathy/m114/0004_20150224_163817_M114_EM122.all,2015-02-24 16:38:17+00:00,wkt_track,False,46720.0
0005_20150224_170814_M114_EM122.all,32760.0,33546240,https://hs.pangaea.de/bathy/m114/0005_20150224_170814_M114_EM122.all,2015-02-24 17:08:14+00:00,wkt_track,False,47296.1
0006_20150224_173821_M114_EM122.all,27778.0,28444672,https://hs.pangaea.de/bathy/m114/0006_20150224_173821_M114_EM122.all,2015-02-24 17:38:21+00:00,wkt_track,False,47220.1
0007_20150224_180357_M114_EM122.all,18028.0,18460672,https://hs.pangaea.de/bathy/m114/0007_20150224_180357_M114_EM122.all,2015-02-24 18:03:57+00:00,wkt_track,False,47283.0
0008_20150224_182030_M114_EM122.all,6386.0,6539264,https://hs.pangaea.de/bathy/m114/0008_20150224_182030_M114_EM122.all,2015-02-24 18:20:30+00:00,wkt_track,False,49626.7
0009_20150224_182615_M114_EM122.all,30492.0,31223808,https://hs.pangaea.de/bathy/m114/0009_20150224_182615_M114_EM122.all,2015-02-24 18:26:15+00:00,wkt_track,False,47116.5
0010_20150224_185418_M114_EM122.all,19261.0,19723264,https://hs.pangaea.de/bathy/m114/0010_20150224_185418_M114_EM122.all,2015-02-24 18:54:18+00:00,wkt_track,False,45473.1
0011_20150224_191234_M114_EM122.all,29551.0,30260224,https://hs.pangaea.de/bathy/m114/0011_20150224_191234_M114_EM122.all,2015-02-24 19:12:34+00:00,wkt_track,False,40962.4
0012_20150224_194239_M114_EM122.all,29151.0,29850624,https://hs.pangaea.de/bathy/m114/0012_20150224_194239_M114_EM122.all,2015-02-24 19:42:39+00:00,wkt_track,False,32449.4
0013_20150224_201243_M114_EM122.all,28653.0,29340672,https://hs.pangaea.de/bathy/m114/0013_20150224_201243_M114_EM122.all,2015-02-24 20:12:43+00:00,wkt_track,False,24128.4
0014_20150224_204237_M114_EM122.all,28598.0,29284352,https://hs.pangaea.de/bathy/m114/0014_20150224_204237_M114_EM122.all,2015-02-24 20:42:37+00:00,wkt_track,False,16448.5
0015_20150224_211241_M114_EM122.all,28543.0,29228032,https://hs.pangaea.de/bathy/m114/0015_20150224_211241_M114_EM122.all,2015-02-24 21:12:41+00:00,wkt_track,False,12883.7
0016_20150224_214234_M114_EM122.all,16877.0,17282048,https://hs.pangaea.de/bathy/m114/0016_20150224_214234_M114_EM122.all,2015-02-24 21:42:34+00:00,wkt_track,False,11416.8
0017_20150224_220036_M114_EM122.all,28850.0,29542400,https://hs.pangaea.de/bathy/m114/0017_20150224_220036_M114_EM122.all,2015-02-24 22:00:36+00:00,wkt_track,False,5244.5
0018_20150224_223039_M114_EM122.all,28489.0,29172736,https://hs.pangaea.de/bathy/m114/0018_20150224_223039_M114_EM122.all,2015-02-24 22:30:39+00:00,wkt_track,False,4428.9
0019_20150224_230043_M114_EM122.all,28120.0,28794880,https://hs.pangaea.de/bathy/m114/0019_20150224_230043_M114_EM122.all,2015-02-24 23:00:43+00:00,wkt_track,False,6075.4
0020_20150224_233036_M114_EM122.all,28844.0,29536256,https://hs.pangaea.de/bathy/m114/0020_20150224_233036_M114_EM122.all,2015-02-24 23:30:36+00:00,wkt_track,False,12309.5
0021_20150225_000040_M114_EM122.all,11728.0,12009472,https://hs.pangaea.de/bathy/m114/0021_20150225_000040_M114_EM122.all,2015-02-25 00:00:40+00:00,wkt_track,False,16740.3
0022_20150225_001252_M114_EM122.all,28121.0,28795904,https://hs.pangaea.de/bathy/m114/0022_20150225_001252_M114_EM122.all,2015-02-25 00:12:52+00:00,wkt_track,False,9349.3
0023_20150225_004253_M114_EM122.all,27558.0,28219392,https://hs.pangaea.de/bathy/m114/0023_20150225_004253_M114_EM122.all,2015-02-25 00:42:53+00:00,wkt_track,True,0.0
0024_20150225_011246_M114_EM122.all,15339.0,15707136,https://hs.pangaea.de/bathy/m114/0024_20150225_011246_M114_EM122.all,2015-02-25 01:12:46+00:00,wkt_track,True,0.0
0025_20150225_012848_M114_EM122.all,1032.0,1056768,https://hs.pangaea.de/bathy/m114/0025_20150225_012848_M114_EM122.all,2015-02-25 01:28:48+00:00,wkt_track,True,0.0
0000_20150225_133711_M114_EM122.all,27914.0,28583936,https://hs.pangaea.de/bathy/m114/0000_20150225_133711_M114_EM122.all,2015-02-25 13:37:11+00:00,wkt_track,True,0.0
0001_20150225_140711_M114_EM122.all,27287.0,27941888,https://hs.pangaea.de/bathy/m114/0001_20150225_140711_M114_EM122.all,2015-02-25 14:07:11+00:00,wkt_track,False,7730.8
0002_20150225_143715_M114_EM122.all,26039.0,26663936,https://hs.pangaea.de/bathy/m114/0002_20150225_143715_M114_EM122.all,2015-02-25 14:37:15+00:00,wkt_track,False,17987.8
0003_20150225_150717_M114_EM122.all,21795.0,22318080,https://hs.pangaea.de/bathy/m114/0003_20150225_150717_M114_EM122.all,2015-02-25 15:07:17+00:00,wkt_track,False,28306.4
0004_20150225_153718_M114_EM122.all,21689.0,22209536,https://hs.pangaea.de/bathy/m114/0004_20150225_153718_M114_EM122.all,2015-02-25 15:37:18+00:00,wkt_track,False,38593.7
0005_20150225_160707_M114_EM122.all,22537.0,23077888,https://hs.pangaea.de/bathy/m114/0005_20150225_160707_M114_EM122.all,2015-02-25 16:07:07+00:00,wkt_track,False,48593.0
0006_20150225_163708_M114_EM122.all,22586.0,23128064,https://hs.pangaea.de/bathy/m114/0006_20150225_163708_M114_EM122.all,2015-02-25 16:37:08+00:00,wkt_track,False,58483.4
0007_20150225_170718_M114_EM122.all,22144.0,22675456,https://hs.pangaea.de/bathy/m114/0007_20150225_170718_M114_EM122.all,2015-02-25 17:07:18+00:00,wkt_track,False,68381.8
0008_20150225_173716_M114_EM122.all,21629.0,22148096,https://hs.pangaea.de/bathy/m114/0008_20150225_173716_M114_EM122.all,2015-02-25 17:37:16+00:00,wkt_track,False,78190.0
0009_20150225_180707_M114_EM122.all,23271.0,23829504,https://hs.pangaea.de/bathy/m114/0009_20150225_180707_M114_EM122.all,2015-02-25 18:07:07+00:00,wkt_track,False,87949.1
0010_20150225_183716_M114_EM122.all,22744.0,23289856,https://hs.pangaea.de/bathy/m114/0010_20150225_183716_M114_EM122.all,2015-02-25 18:37:16+00:00,wkt_track,False,98003.4
0011_20150225_190714_M114_EM122.all,23203.0,23759872,https://hs.pangaea.de/bathy/m114/0011_20150225_190714_M114_EM122.all,2015-02-25 19:07:14+00:00,wkt_track,False,108058.0
0012_20150225_193712_M114_EM122.all,23500.0,24064000,https://hs.pangaea.de/bathy/m114/0012_20150225_193712_M114_EM122.all,2015-02-25 19:37:12+00:00,wkt_track,False,118083.4
0013_20150225_200709_M114_EM122.all,23617.0,24183808,https://hs.pangaea.de/bathy/m114/0013_20150225_200709_M114_EM122.all,2015-02-25 20:07:09+00:00,wkt_track,False,128169.6
0014_20150225_203714_M114_EM122.all,23261.0,23819264,https://hs.pangaea.de/bathy/m114/0014_20150225_203714_M114_EM122.all,2015-02-25 20:37:14+00:00,wkt_track,False,138219.7
0015_20150225_210718_M114_EM122.all,23702.0,24270848,https://hs.pangaea.de/bathy/m114/0015_20150225_210718_M114_EM122.all,2015-02-25 21:07:18+00:00,wkt_track,False,148342.2
0016_20150225_213710_M114_EM122.all,22417.0,22955008,https://hs.pangaea.de/bathy/m114/0016_20150225_213710_M114_EM122.all,2015-02-25 21:37:10+00:00,wkt_track,False,155405.8
0017_20150225_220115_M114_EM122.all,29179.0,29879296,https://hs.pangaea.de/bathy/m114/0017_20150225_220115_M114_EM122.all,2015-02-25 22:01:15+00:00,wkt_track,False,159113.1
0018_20150225_222623_M114_EM122.all,35756.0,36614144,https://hs.pangaea.de/bathy/m114/0018_20150225_222623_M114_EM122.all,2015-02-25 22:26:23+00:00,wkt_track,False,163127.0
0019_20150225_225630_M114_EM122.all,29375.0,30080000,https://hs.pangaea.de/bathy/m114/0019_20150225_225630_M114_EM122.all,2015-02-25 22:56:30+00:00,wkt_track,False,169098.4
0020_20150225_232625_M114_EM122.all,29190.0,29890560,https://hs.pangaea.de/bathy/m114/0020_20150225_232625_M114_EM122.all,2015-02-25 23:26:25+00:00,wkt_track,False,176213.9
0021_20150225_235621_M114_EM122.all,29419.0,30125056,https://hs.pangaea.de/bathy/m114/0021_20150225_235621_M114_EM122.all,2015-02-25 23:56:21+00:00,wkt_track,False,183144.7
0022_20150226_002625_M114_EM122.all,29843.0,30559232,https://hs.pangaea.de/bathy/m114/0022_20150226_002625_M114_EM122.all,2015-02-26 00:26:25+00:00,wkt_track,False,190095.9
0023_20150226_005625_M114_EM122.all,28602.0,29288448,https://hs.pangaea.de/bathy/m114/0023_20150226_005625_M114_EM122.all,2015-02-26 00:56:25+00:00,wkt_track,False,196993.1
0024_20150226_012624_M114_EM122.all,28512.0,29196288,https://hs.pangaea.de/bathy/m114/0024_20150226_012624_M114_EM122.all,2015-02-26 01:26:24+00:00,wkt_track,False,203787.4
0025_20150226_015622_M114_EM122.all,28839.0,29531136,https://hs.pangaea.de/bathy/m114/0025_20150226_015622_M114_EM122.all,2015-02-26 01:56:22+00:00,wkt_track,False,210714.4
0026_20150226_022622_M114_EM122.all,28686.0,29374464,https://hs.pangaea.de/bathy/m114/0026_20150226_022622_M114_EM122.all,2015-02-26 02:26:22+00:00,wkt_track,False,217518.5
0027_20150226_025621_M114_EM122.all,28632.0,29319168,https://hs.pangaea.de/bathy/m114/0027_20150226_025621_M114_EM122.all,2015-02-26 02:56:21+00:00,wkt_track,False,224254.8
0028_20150226_032621_M114_EM122.all,28735.0,29424640,https://hs.pangaea.de/bathy/m114/0028_20150226_032621_M114_EM122.all,2015-02-26 03:26:21+00:00,wkt_track,False,231222.0
0029_20150226_035630_M114_EM122.all,28511.0,29195264,https://hs.pangaea.de/bathy/m114/0029_20150226_035630_M114_EM122.all,2015-02-26 03:56:30+00:00,wkt_track,False,238363.2
0030_20150226_042625_M114_EM122.all,30577.0,31310848,https://hs.pangaea.de/bathy/m114/0030_20150226_042625_M114_EM122.all,2015-02-26 04:26:25+00:00,wkt_track,False,245586.5
0031_20150226_045626_M114_EM122.all,30935.0,31677440,https://hs.pangaea.de/bathy/m114/0031_20150226_045626_M114_EM122.all,2015-02-26 04:56:26+00:00,wkt_track,False,252898.7
0032_20150226_052629_M114_EM122.all,30924.0,31666176,https://hs.pangaea.de/bathy/m114/0032_20150226_052629_M114_EM122.all,2015-02-26 05:26:29+00:00,wkt_track,False,260269.1
0033_20150226_055627_M114_EM122.all,31185.0,31933440,https://hs.pangaea.de/bathy/m114/0033_20150226_055627_M114_EM122.all,2015-02-26 05:56:27+00:00,wkt_track,False,267623.6
0034_20150226_062629_M114_EM122.all,31090.0,31836160,https://hs.pangaea.de/bathy/m114/0034_20150226_062629_M114_EM122.all,2015-02-26 06:26:29+00:00,wkt_track,False,275198.5
0035_20150226_065629_M114_EM122.all,31074.0,31819776,https://hs.pangaea.de/bathy/m114/0035_20150226_065629_M114_EM122.all,2015-02-26 06:56:29+00:00,wkt_track,False,282828.4
0036_20150226_072621_M114_EM122.all,31843.0,32607232,https://hs.pangaea.de/bathy/m114/0036_20150226_072621_M114_EM122.all,2015-02-26 07:26:21+00:00,wkt_track,False,290382.8
0037_20150226_075626_M114_EM122.all,32450.0,33228800,https://hs.pangaea.de/bathy/m114/0037_20150226_075626_M114_EM122.all,2015-02-26 07:56:26+00:00,wkt_track,False,299225.1
0038_20150226_082626_M114_EM122.all,36722.0,37603328,https://hs.pangaea.de/bathy/m114/0038_20150226_082626_M114_EM122.all,2015-02-26 08:26:26+00:00,wkt_track,False,308716.4
0039_20150226_085624_M114_EM122.all,37356.0,38252544,https://hs.pangaea.de/bathy/m114/0039_20150226_085624_M114_EM122.all,2015-02-26 08:56:24+00:00,wkt_track,False,318109.3
0040_20150226_092626_M114_EM122.all,38091.0,39005184,https://hs.pangaea.de/bathy/m114/0040_20150226_092626_M114_EM122.all,2015-02-26 09:26:26+00:00,wkt_track,False,327634.9
0041_20150226_095623_M114_EM122.all,23955.0,24529920,https://hs.pangaea.de/bathy/m114/0041_20150226_095623_M114_EM122.all,2015-02-26 09:56:23+00:00,wkt_track,False,337163.8
