pair_id,set,unit,designation,status,hr_res_m,hr_tiles,overlap_km2,n_lr_valid,joint_km2,valid_tiles_256,coreg_offset_m,coreg_dz_m,coreg_pass,qa_pass,coreg_error,post_residual_mad_m,lr_native_m,k_status,max_k,v2_flags,v2_robust_sigma_m,v2_median_off_m,xcheck,xcheck_median_m,xcheck_sigma_m
2009_Amundsen__MGDS_30047,R01,lu18,development (joins existing unit),harmonized_development,1.485,4,263.294,93869698,29.896,201,27.95,-2.16,True,True,,0.909,4.87,ok,,registration_shift,0.5655,0.1115,,,
AT37-05__MGDS_24043,R01,vu05,development (joins existing unit),harmonized_development,1.001,12,14.679,14569248,4.261,71,18.41,-73.9,True,True,,20.773,55.99,ok,4.0,"vertical_offset,registration_shift",28.8933,46.3285,,,
AT42-06__MGDS_5174,H1,lu05,development (ruling H1),harmonized_development,4.987,2,23.598,928514,8.267,4,11.15,-9.63,True,True,,0.877,44.5,ok,2.0,registration_shift,0.9473,0.0353,no_processed_product_listed,,
EX0909__MGDS_24002,H1,lu07,development (ruling H1),harmonized_development,2.054,2,95.912,0,0.0,0,,,False,False,coregistration has only 0 valid samples,,34.91,ok,4.0,[Errno 2] No such file or directory: '/o,,,processed_product_not_a_float_grid (dtype uin,,
EX1202L2__MGDS_20815,H1,vu00,development (ruling H1),harmonized_development,1.047,3,33.278,26222716,3.644,53,20.32,-3.69,True,True,,1.292,23.7,no_curve,,registration_shift,0.6358,0.0768,processed_product_not_a_float_grid (dtype uin,,
EX1202L3__MGDS_31321,H1,vu00,development (ruling H1),harmonized_development,2.0,11,11.77,0,0.0,0,,,False,False,coregistration has only 0 valid samples,,34.91,ok,4.0,[Errno 2] No such file or directory: '/o,,,processed_product_not_a_float_grid (dtype uin,,
EX1206__MGDS_31831,H1,vu04,development (ruling H1),harmonized_development,1.18,3,17.351,0,0.0,0,,,False,False,coregistration has only 0 valid samples,,34.91,ok,8.0,[Errno 13] Permission denied: '/lscratch,,,processed_product_not_a_float_grid (dtype uin,,
EX1402L2__MGDS_31073,H1,vu02,development (ruling H1),harmonized_development,1.0,16,4.655,2890399,1.832,27,7.27,-0.78,True,True,,0.989,16.37,ok,4.0,registration_shift,0.3644,0.0499,processed_product_not_a_float_grid (dtype uin,,
FK151121__MGDS_22383,R01,nu00,development,harmonized_development,1.0,5,25.515,25106512,12.117,184,9.05,-6.22,True,True,,6.087,65.99,ok,16.0,registration_shift,3.2207,-0.0752,,,
FK171110__MGDS_24424,R01,lu01,development (joins existing unit),harmonized_development,1.001,2,11.831,11794167,0.012,0,6.43,-22.54,True,False,,5.684,47.92,ok,16.0,,1.1378,-0.027,,,
KM0923__MGDS_31429,R01,lu07,development (joins existing unit),harmonized_development,2.054,2,95.912,17687830,15.517,57,13.96,-15.72,True,True,,8.162,86.94,ok,16.0,registration_shift,4.7888,0.0591,,,
KN182L03__MGDS_30193,R01,nu01a,confirmatory,harmonized_confirmatory (s,1.0,40,52.9,49930948,10.408,166,48.08,-30.76,False,False,,,,,,,,,,,
NA080__MGDS_31289,R01,lu13,development (joins existing unit),harmonized_development,1.0,1,53.571,53473759,52.739,807,16.12,-8.81,True,True,,1.906,57.87,ok,16.0,,1.4169,0.1351,,,
NR07-1__MGDS_31813,H1,vu03,development (ruling H1),harmonized_development,1.503,5,11.212,3716911,0.996,4,41.57,223.23,False,False,,265.355,56.06,ok,8.0,registration_shift,3.2864,-0.2688,processed_product_is_xyz_points_not_gridded,,
NR07-1__MGDS_31814,H1,vu03,development (ruling H1),harmonized_development,1.516,4,32.862,10579395,2.101,6,50.86,409.5,False,False,,377.818,52.45,ok,8.0,registration_shift,3.0956,-0.1898,processed_product_is_xyz_points_not_gridded,,
RC2511__MGDS_32239,R01,nu01b,confirmatory,harmonized_confirmatory (s,1.037,3,184.922,114085120,55.007,800,25.16,0.02,True,True,,,,,,,,,,,
SUM1004__MGDS_33090,R01,nu03,confirmatory,harmonized_confirmatory (s,1.0,1,186.252,169995076,5.175,80,46.7,-11.56,False,False,,,,,,,,,,,
TN399__MGDS_33068,R01,lu05,development (joins existing unit),harmonized_development,1.0,48,15.437,15119540,3.088,46,8.01,0.44,True,True,,0.764,44.22,ok,16.0,registration_shift,0.6287,0.085,,,
lostcity2005__MGDS_21847,H1,vu01,development (ruling H1),harmonized_development,4.997,1,6.434,168736,2.716,2,50.98,6.7,False,False,,7.725,33.91,ok,2.0,registration_shift,5.116,0.1429,insufficient_common_cells (0),,
