pair_id,source,role,cruise,hr_id,lr_source,lr_native_m,max_k,uq_rms_m,uq_char_m,depth_m,morphology,deep_rescue,geo_cluster,leakage_unit,qa_status,psr,horiz_offset_m,overlap_km2,harmonized_hr,hr_res_provisional,f5_bucket,f5_joint_area_km2,f5_joint_fraction,f5_hr_interp_status,f5_n_valid_tiles,f5_recoreg_offset_m,f5_recoreg_psr,f5_recoreg_dz_m,f5_fill_corruption_cells,f5_stage_f_dz_m,f5_hr_vertical_suspect,repair_status,repair_dz_applied,repaired_hr_p50_m,repair_resid_lr_m,hr_orig_p50_m,raw_datum_broken,repair_depth_sane,advances_stage_g,source_type,has_float_elevation,reaudit_disposition,reaudit_retracts_plus255_flag,raw_datum_broken_RETRACTED
AT37-13__MGDS_31199,new_c5c,train_eligible,AT37-13,MGDS:31199,AT37-13,46.4,32.0,1.603,2.6,1176.0,continental_margin,True,1,1,needs_review,6.91,6.37,7.35,/scratch/groups/hilley/auv_ship_colocated_bathy/harmonized/AT37-13__MGDS_31199/hr.tif,False,clean,3.01,0.4138,tile_filtered_only,47.0,11.18,4.03,-7936.62,4300596.0,7930.22,True,repaired,-7936.428,-1651.731,0.0,-1645.523,,True,True,gmt_grd_float,True,advancing,True,False
AT42-03__MGDS_32007,new_c5c,train_eligible,AT42-03,MGDS:32007,AT42-03,28.9,16.0,1.724,1.8,948.0,continental_margin,False,1,1,needs_review,24.09,5.66,11.61,/scratch/groups/hilley/auv_ship_colocated_bathy/harmonized/AT42-03__MGDS_32007/hr.tif,False,clean,3.544,0.3313,tile_filtered_only,59.0,6.4,3.52,-8499.05,7875897.0,8493.15,True,repaired,-8498.732,-1451.402,-0.0,-1445.82,,True,True,gmt_grd_float,True,advancing,True,False
EW0207__MGDS_32558,new_c5c,train_eligible,EW0207,MGDS:32558,EW0207,87.8,32.0,0.0,3.9,2234.0,hydrothermal_vent,True,22,22,needs_review,-34.21,33.74,1034.0,/scratch/groups/hilley/auv_ship_colocated_bathy/harmonized/EW0207__MGDS_32558/hr.tif,False,inflated_exclude_candidate,783.75,0.7622,tile_filtered_only,8248.0,47.36,,152.45,19174898.0,-2665.13,True,repaired,143.504,-2266.631,0.0,254.995,,False,False,rgb_uint8,False,exclude_no_elevation,True,True
EW9801__MGDS_31425,new_c5c,train_eligible,EW9801,MGDS:31425,EW9801,160.6,,3.566,5.9,1255.0,hydrothermal_vent,True,3,3,needs_review,14.4,19.17,15.62,/scratch/groups/hilley/auv_ship_colocated_bathy/harmonized/EW9801__MGDS_31425/hr.tif,False,clean,9.702,0.7033,tile_filtered_only,36.0,10.59,12.59,-3.09,1127508.0,-10.99,False,repaired,0.0,-1181.318,2.857,-1170.328,,True,True,float_tif,True,advancing,True,False
EW9904__MGDS_30217,new_c5c,train_eligible,EW9904,MGDS:30217,EW9904,71.3,32.0,9.318,4.6,1793.0,hydrothermal_vent,True,22,22,needs_review,15.8,64.49,535.23,/scratch/groups/hilley/auv_ship_colocated_bathy/harmonized/EW9904__MGDS_30217/hr.tif,False,inflated_exclude_candidate,494.079,0.926,tile_filtered_only,106.0,65.64,,8.42,188075.0,-1973.66,True,repaired,8.63,-1784.512,-0.0,180.518,,False,False,rgb_uint8,False,exclude_no_elevation,True,True
FK006B__MGDS_20811,new_c5c,train_eligible,FK006B,MGDS:20811,FK006B,25.6,16.0,0.091,1.8,1636.0,continental_margin,True,5,5,needs_review,-0.97,49.65,4.28,/scratch/groups/hilley/auv_ship_colocated_bathy/harmonized/FK006B__MGDS_20811/hr.tif,False,genuine_coreg_fail,2.058,0.4814,tile_filtered_only,28.0,47.36,-8.97,-4.31,2227248.0,0.25,False,repaired,0.0,-1431.985,4.834,-1432.235,,True,False,gmt_grd_float,True,real_nonadvancing_qgis,True,False
FK160407__MGDS_7832,new_c5c,train_eligible,FK160407,MGDS:7832,FK160407,154.4,,0.971,5.8,2326.0,continental_margin,True,6,6,needs_review,4.12,0.0,11980.2,/scratch/groups/hilley/auv_ship_colocated_bathy/harmonized/FK160407__MGDS_7832/hr.tif,False,weak_exclude_candidate,6.233,0.0012,tile_filtered_only,0.0,738.61,4.09,-4264.4,0.0,0.0,False,untouched,,2136.272,4275.045,2136.272,,False,False,gmt_grd_float,True,real_nonadvancing_qgis,True,True
FK171110__MGDS_24485,new_c5c,train_eligible,FK171110,MGDS:24485,FK171110,106.9,32.0,4.522,6.4,2520.0,continental_margin,True,8,8,needs_review,-18.31,31.55,289.21,/scratch/groups/hilley/auv_ship_colocated_bathy/harmonized/FK171110__MGDS_24485/hr.tif,False,genuine_coreg_fail,67.588,0.2893,tile_filtered_only,11.0,68.7,-0.79,-9468.63,3504608.0,6724.1,True,repaired,-9467.181,-2488.077,0.0,255.004,,False,False,rgb_uint8,False,exclude_no_elevation,True,True
KIWI10RR__MGDS_24499,new_c5c,train_eligible,KIWI10RR,MGDS:24499,KIWI10RR,105.3,32.0,2.848,4.2,2068.0,continental_margin,True,8,8,needs_review,,41.05,241.88,/scratch/groups/hilley/auv_ship_colocated_bathy/harmonized/KIWI10RR__MGDS_24499/hr.tif,False,weak_exclude_candidate,14.369,0.1429,tile_filtered_only,3.0,11.25,,-1.56,0.0,0.0,False,untouched,,-2273.282,0.103,-2273.282,,True,False,float_tif,True,real_nonadvancing_qgis,True,False
KN204-01__MGDS_31675,new_c5c,train_eligible,KN204-01,MGDS:31675,KN204-01,105.0,32.0,0.509,3.9,893.0,continental_margin,True,9,9,needs_review,,38.47,11.87,/scratch/groups/hilley/auv_ship_colocated_bathy/harmonized/KN204-01__MGDS_31675/hr.tif,False,genuine_coreg_fail,1.523,0.223,tile_filtered_only,6.0,50.98,,-11.25,0.0,0.0,False,untouched,,-1584.499,15.446,-1584.499,,True,False,gmt_grd_float,True,real_nonadvancing_qgis,True,False
MGLN06MV__MGDS_17700,new_c5c,train_eligible,MGLN06MV,MGDS:17700,MGLN06MV,121.0,32.0,0.604,5.3,1930.0,continental_margin,True,10,10,needs_review,,17.84,10.39,/scratch/groups/hilley/auv_ship_colocated_bathy/harmonized/MGLN06MV__MGDS_17700/hr.tif,False,genuine_coreg_fail,5.808,0.5626,tile_filtered_only,3.0,9.88,,-10.47,184336.0,-8.55,False,repaired,0.0,-2616.631,10.002,-2608.081,,True,False,gmt_grd_float,True,real_nonadvancing_qgis,True,False
NA076__MGDS_32321,new_c5c,train_eligible,NA076,MGDS:32321,NA076,221.0,32.0,5.084,6.5,866.0,continental_margin,True,11,11,needs_review,-11.74,53.26,11.32,/scratch/groups/hilley/auv_ship_colocated_bathy/harmonized/NA076__MGDS_32321/hr.tif,False,genuine_coreg_fail,5.038,0.4532,tile_filtered_only,61.0,52.51,3.73,9132.32,329722.0,-10047.23,True,repaired,9130.394,-809.874,-0.0,106.961,,False,False,rgb_uint8,False,exclude_no_elevation,True,True
NA080__MGDS_31290,new_c5c,train_eligible,NA080,MGDS:31290,NA080,57.5,16.0,0.24,3.9,3221.0,seamount,True,12,12,needs_review,17.48,0.0,53.57,/scratch/groups/hilley/auv_ship_colocated_bathy/harmonized/NA080__MGDS_31290/hr.tif,False,clean,53.569,0.2796,tile_filtered_only,814.0,16.16,17.48,-8.88,0.0,0.0,False,untouched,,-3308.938,8.396,-3308.938,,True,True,float_tif,True,advancing,True,False
NA090__MGDS_31212,new_c5c,eval_only,NA090,MGDS:31212,NA090,112.3,,0.588,4.5,1832.0,continental_margin,True,13,13,needs_review,1.12,14.48,6.42,/scratch/groups/hilley/auv_ship_colocated_bathy/harmonized/NA090__MGDS_31212/hr.tif,False,clean,3.279,0.512,tile_filtered_only,47.0,7.3,5.92,-3.13,2824089.0,-1.89,False,repaired,0.0,-1851.712,3.154,-1849.822,,True,True,gmt_grd_float,True,advancing,True,False
RC2511__MGDS_32241,new_c5c,train_eligible,RC2511,MGDS:32241,RC2511,132.1,32.0,3.862,5.3,2548.0,continental_margin,True,15,15,needs_review,,50.7,184.92,/scratch/groups/hilley/auv_ship_colocated_bathy/harmonized/RC2511__MGDS_32241/hr.tif,False,genuine_coreg_fail,102.165,0.5528,tile_filtered_only,1545.0,47.56,74.34,3181.32,195225.0,-5462.93,True,repaired,2968.579,-2239.349,0.0,255.003,,False,False,rgb_uint8,False,exclude_no_elevation,True,True
RC2511__MGDS_32240,new_c5c,train_eligible,RC2511,MGDS:32240,RC2511,143.8,,0.967,5.4,2732.0,continental_margin,True,15,15,needs_review,58.84,0.0,36433.38,/scratch/groups/hilley/auv_ship_colocated_bathy/harmonized/RC2511__MGDS_32240/hr.tif,False,weak_exclude_candidate,69.096,0.0124,tile_filtered_only,0.0,42.43,58.45,0.43,0.0,0.0,False,untouched,,-2621.217,2.74,-2621.217,,True,False,float_tif,True,real_nonadvancing_qgis,True,False
RR1506__MGDS_29779,new_c5c,train_eligible,RR1506,MGDS:29779,RR1506,133.9,32.0,4.068,5.2,1063.0,continental_margin,True,16,16,needs_review,11.34,13.04,92.54,/scratch/groups/hilley/auv_ship_colocated_bathy/harmonized/RR1506__MGDS_29779/hr.tif,False,clean,42.353,0.5038,tile_filtered_only,649.0,12.65,9.96,-6.92,49761287.0,2.13,False,repaired,0.0,-1006.946,7.14,-1009.076,,True,True,float_tif,True,advancing,True,False
SKQ201705S__MGDS_31255,new_c5c,train_eligible,SKQ201705S,MGDS:31255,SKQ201705S,18.5,8.0,0.169,1.6,937.0,continental_margin,True,27,27,needs_review,5.17,49.6,14.3,/scratch/groups/hilley/auv_ship_colocated_bathy/harmonized/SKQ201705S__MGDS_31255/hr.tif,True,genuine_coreg_fail,6.231,0.4888,tile_filtered_only,46.0,48.42,7.48,-70.19,3953442.0,66.59,True,repaired,-69.628,-1056.964,-0.0,-1053.925,,True,False,float_tif,True,real_nonadvancing_qgis,True,False
SKQ201705S__MGDS_31254,new_c5c,train_eligible,SKQ201705S,MGDS:31254,SKQ201705S,18.5,8.0,0.168,1.5,771.0,shelf_slope,True,27,27,needs_review,5.05,52.44,14.3,/scratch/groups/hilley/auv_ship_colocated_bathy/harmonized/SKQ201705S__MGDS_31254/hr.tif,True,genuine_coreg_fail,6.234,0.4887,tile_filtered_only,46.0,49.43,7.34,-83.52,3955320.0,80.11,True,repaired,-82.972,-1056.745,0.0,-1053.883,,True,False,float_tif,True,real_nonadvancing_qgis,True,False
TN159__MGDS_21981,new_c5c,eval_only,TN159,MGDS:21981,TN159,317.5,,1.381,8.8,2179.0,hydrothermal_vent,True,19,19,needs_review,0.38,29.01,62.2,/scratch/groups/hilley/auv_ship_colocated_bathy/harmonized/TN159__MGDS_21981/hr.tif,False,genuine_coreg_fail,18.682,0.3146,tile_filtered_only,28.0,44.79,5.2,-7655.16,4011237.0,7654.44,True,repaired,-7654.386,-2137.026,-0.0,-2137.08,,True,False,float_tif,True,real_nonadvancing_qgis,True,False
TN268__MGDS_30219,new_c5c,train_eligible,TN268,MGDS:30219,TN268,31.3,16.0,0.058,2.4,1845.0,hydrothermal_vent,False,22,22,needs_review,18.14,16.03,535.23,/scratch/groups/hilley/auv_ship_colocated_bathy/harmonized/TN268__MGDS_30219/hr.tif,False,inflated_exclude_candidate,398.133,0.7564,tile_filtered_only,84.0,0.0,11.34,1.28,270486.0,-1.31,False,repaired,0.0,-1758.873,-1.348,-1757.563,,True,False,float_tif,True,real_nonadvancing_qgis,True,False
TN268__MGDS_30466,new_c5c,train_eligible,TN268,MGDS:30466,TN268,247.2,32.0,1.348,8.1,2160.0,hydrothermal_vent,True,22,22,needs_review,8.36,28.93,320.25,/scratch/groups/hilley/auv_ship_colocated_bathy/harmonized/TN268__MGDS_30466/hr.tif,False,clean,78.993,0.4488,tile_filtered_only,825.0,2.7,6.92,-1.46,0.0,0.0,False,untouched,,-2294.888,1.458,-2294.888,,True,True,float_tif,True,advancing,True,False
TN268__MGDS_24470,new_c5c,train_eligible,TN268,MGDS:24470,TN268,34.2,16.0,0.076,2.3,1994.0,continental_margin,True,22,22,needs_review,-1.77,0.0,28707.76,/scratch/groups/hilley/auv_ship_colocated_bathy/harmonized/TN268__MGDS_24470/hr.tif,True,weak_exclude_candidate,0.341,0.002,tile_filtered_only,0.0,,,,0.0,0.0,False,untouched,,-1540.773,-3.124,-1540.773,,True,False,float_tif,True,real_nonadvancing_qgis,True,False
TN383__MGDS_29694,new_c5c,train_eligible,TN383,MGDS:29694,TN383,31.2,16.0,5.891,2.8,1781.0,hydrothermal_vent,False,22,22,needs_review,9.72,59.27,22.35,/scratch/groups/hilley/auv_ship_colocated_bathy/harmonized/TN383__MGDS_29694/hr.tif,False,genuine_coreg_fail,21.354,0.9594,tile_filtered_only,71.0,41.81,4.89,0.12,166491.0,-1984.14,True,repaired,-0.156,-1760.023,0.0,224.274,,False,False,rgb_uint8,False,exclude_no_elevation,True,True
TN399__MGDS_30373,new_c5c,train_eligible,TN399,MGDS:30373,TN399,246.4,,0.567,11.6,2625.0,continental_margin,True,24,24,needs_review,26.94,10.18,216.23,/scratch/groups/hilley/auv_ship_colocated_bathy/harmonized/TN399__MGDS_30373/hr.tif,False,clean,102.837,0.5549,tile_filtered_only,1583.0,8.06,11.94,-0.77,104477126.0,1.76,False,repaired,0.0,-2560.572,0.82,-2562.332,,True,True,gmt_grd_float,True,advancing,True,False
AR26__MGDS_31838,new_c5c,train_eligible,AR26,MGDS:31838,AR26,32.3,16.0,0.038,2.1,1684.0,continental_margin,False,25,25,needs_review,4.55,39.18,13.27,/scratch/groups/hilley/auv_ship_colocated_bathy/harmonized/AR26__MGDS_31838/hr.tif,False,genuine_coreg_fail,3.068,0.266,tile_filtered_only,15.0,32.59,3.42,-8061.53,3040288.0,8055.46,True,repaired,-8065.885,-1681.527,0.0,-1671.102,,True,False,gmt_grd_float,True,real_nonadvancing_qgis,True,False
TN299__MGDS_27339,new_c5c,train_eligible,TN299,MGDS:27339,TN299,80.0,32.0,0.78,5.0,2938.0,continental_margin,True,27,27,needs_review,7.92,0.0,34.99,/scratch/groups/hilley/auv_ship_colocated_bathy/harmonized/TN299__MGDS_27339/hr.tif,False,weak_exclude_candidate,14.36,0.1863,tile_filtered_only,226.0,6.71,8.03,-4.77,0.0,0.0,False,untouched,,-3068.081,4.596,-3068.081,,True,False,float_tif,True,real_nonadvancing_qgis,True,False
TN299__MGDS_31256,new_c5c,train_eligible,TN299,MGDS:31256,TN299,38.5,32.0,12.533,2.2,1084.0,continental_margin,False,27,27,needs_review,13.96,53.26,12.93,/scratch/groups/hilley/auv_ship_colocated_bathy/harmonized/TN299__MGDS_31256/hr.tif,False,genuine_coreg_fail,11.339,0.8886,tile_filtered_only,95.0,53.26,4.48,9.51,345831.0,-1306.6,True,repaired,8.053,-1043.55,0.0,254.997,,False,False,rgb_uint8,False,exclude_no_elevation,True,True
FK181031__MGDS_24367,new_c5c,train_eligible,FK181031,MGDS:24367,FK181031,44.8,32.0,0.431,2.5,2471.0,continental_margin,False,29,29,needs_review,9.95,0.0,1452.51,/scratch/groups/hilley/auv_ship_colocated_bathy/harmonized/FK181031__MGDS_24367/hr.tif,False,clean,151.202,0.3178,tile_filtered_only,5.0,16.73,8.61,-7.01,0.0,0.0,False,untouched,,-2392.53,7.114,-2392.53,,True,True,float_tif,True,advancing,True,False
FK181031__MGDS_24620,new_c5c,train_eligible,FK181031,MGDS:24620,FK181031,65.8,32.0,0.503,3.3,3788.0,abyssal_plain,False,29,29,needs_review,14.21,59.67,36.09,/scratch/groups/hilley/auv_ship_colocated_bathy/harmonized/FK181031__MGDS_24620/hr.tif,False,genuine_coreg_fail,34.967,0.9704,tile_filtered_only,96.0,59.67,13.17,-0.38,219742.0,-3842.11,True,repaired,-0.394,-3771.972,-0.0,70.532,,False,False,rgb_uint8,False,exclude_no_elevation,True,True
KN210-05__MGDS_22436,new_c5c,train_eligible,KN210-05,MGDS:22436,KN210-05,87.5,32.0,1.256,3.9,3341.0,continental_margin,True,30,30,needs_review,,144.64,1180.9,/scratch/groups/hilley/auv_ship_colocated_bathy/harmonized/KN210-05__MGDS_22436/hr.tif,False,weak_exclude_candidate,84.365,0.075,tile_filtered_only,4.0,151.34,,-6547.59,6406729.0,6530.11,True,repaired,-6559.151,-3452.014,-0.0,-3422.973,,True,False,gmt_grd_float,True,real_nonadvancing_qgis,True,False
2009_Amundsen__MGDS_30045,new_c5c,train_eligible,2009_Amundsen,MGDS:30045,2009_Amundsen,42.0,8.0,,,586.0,shelf_slope,False,31,31,needs_review,22.02,54.15,1886.35,/scratch/groups/hilley/auv_ship_colocated_bathy/harmonized/2009_Amundsen__MGDS_30045/hr.tif,False,genuine_coreg_fail,288.255,0.2788,tile_filtered_only,8.0,148.6,10.6,-818.72,0.0,0.0,False,untouched,,255.0,819.331,255.0,,False,False,rgb_uint8,False,exclude_no_elevation,True,True
cal_dig_morro_bay__20190318m2_Transect601060m,validated_21,train_eligible,Cal DIG I,,Cal DIG I,10.0,,,,850.0,continental_margin,False,48,48,validated_21_existing,,,,,False,,,,,,,,,,,,,,,,,,,,,,validated_21,,
cal_dig_morro_bay__20190510m1_BankFlankHoles,validated_21,train_eligible,Cal DIG I,,Cal DIG I,10.0,,,,850.0,continental_margin,False,48,48,validated_21_existing,,,,,False,,,,,,,,,,,,,,,,,,,,,,validated_21,,
cal_dig_morro_bay__20190510m2_BankFlankIncipCh,validated_21,train_eligible,Cal DIG I,,Cal DIG I,10.0,,,,850.0,continental_margin,False,48,48,validated_21_existing,,,,,False,,,,,,,,,,,,,,,,,,,,,,validated_21,,
cal_dig_morro_bay__20190511m1_6thHeadlessCany,validated_21,train_eligible,Cal DIG I,,Cal DIG I,10.0,,,,850.0,continental_margin,False,48,48,validated_21_existing,,,,,False,,,,,,,,,,,,,,,,,,,,,,validated_21,,
cal_dig_morro_bay__20190511m2_BankTopEofCanyon3,validated_21,train_eligible,Cal DIG I,,Cal DIG I,10.0,,,,850.0,continental_margin,False,48,48,validated_21_existing,,,,,False,,,,,,,,,,,,,,,,,,,,,,validated_21,,
cal_dig_morro_bay__luciachica_2007,validated_21,train_eligible,Cal DIG I,,Cal DIG I,10.0,,,,,continental_margin,False,48,48,validated_21_existing,,,,,False,,,,,,,,,,,,,,,,,,,,,,validated_21,,
cal_dig_morro_bay__pockmark_south,validated_21,train_eligible,Cal DIG I,,Cal DIG I,10.0,,,,,continental_margin,False,48,48,validated_21_existing,,,,,False,,,,,,,,,,,,,,,,,,,,,,validated_21,,
cal_dig_morro_bay__basin_flank,validated_21,train_eligible,Cal DIG I,,Cal DIG I,10.0,,,,,continental_margin,False,48,48,validated_21_existing,,,,,False,,,,,,,,,,,,,,,,,,,,,,validated_21,,
ccz_so268_1,validated_21,train_eligible,SO268/1,,SO268/1,50.0,,,,4100.0,nodule_plain,False,40,40,validated_21_existing,,,,,False,,,,,,,,,,,,,,,,,,,,,,validated_21,,
discol_so242_1,validated_21,train_eligible,SO242/1,,SO242/1,38.0,,,,4150.0,abyssal_plain,False,41,41,validated_21_existing,,,,,False,,,,,,,,,,,,,,,,,,,,,,validated_21,,
cal_dig_morro_bay__20180426m2_Channel1000,validated_21,train_eligible,Cal DIG I,,Cal DIG I,10.0,,,,850.0,continental_margin,False,48,48,validated_21_existing,,,,,False,,,,,,,,,,,,,,,,,,,,,,validated_21,,
cal_dig_morro_bay__20180427m1_Channel700,validated_21,train_eligible,Cal DIG I,,Cal DIG I,10.0,,,,850.0,continental_margin,False,48,48,validated_21_existing,,,,,False,,,,,,,,,,,,,,,,,,,,,,validated_21,,
cal_dig_morro_bay__20180427m3_PockmarkNorth,validated_21,train_eligible,Cal DIG I,,Cal DIG I,10.0,,,,850.0,continental_margin,False,48,48,validated_21_existing,,,,,False,,,,,,,,,,,,,,,,,,,,,,validated_21,,
cal_dig_morro_bay__20180428m1_Cable,validated_21,train_eligible,Cal DIG I,,Cal DIG I,10.0,,,,850.0,continental_margin,False,48,48,validated_21_existing,,,,,False,,,,,,,,,,,,,,,,,,,,,,validated_21,,
cal_dig_morro_bay__20190314m4_LuciaChica970m,validated_21,train_eligible,Cal DIG I,,Cal DIG I,10.0,,,,850.0,continental_margin,False,48,48,validated_21_existing,,,,,False,,,,,,,,,,,,,,,,,,,,,,validated_21,,
cal_dig_morro_bay__20190315m1_HeadlessCanyon,validated_21,train_eligible,Cal DIG I,,Cal DIG I,10.0,,,,850.0,continental_margin,False,48,48,validated_21_existing,,,,,False,,,,,,,,,,,,,,,,,,,,,,validated_21,,
cal_dig_morro_bay__20190316m1_BankTop,validated_21,train_eligible,Cal DIG I,,Cal DIG I,10.0,,,,850.0,continental_margin,False,48,48,validated_21_existing,,,,,False,,,,,,,,,,,,,,,,,,,,,,validated_21,,
cal_dig_morro_bay__20190317m1_1000mGully,validated_21,train_eligible,Cal DIG I,,Cal DIG I,10.0,,,,850.0,continental_margin,False,48,48,validated_21_existing,,,,,False,,,,,,,,,,,,,,,,,,,,,,validated_21,,
cal_dig_morro_bay__20190317m2_600mGully,validated_21,train_eligible,Cal DIG I,,Cal DIG I,10.0,,,,850.0,continental_margin,False,48,48,validated_21_existing,,,,,False,,,,,,,,,,,,,,,,,,,,,,validated_21,,
cal_dig_morro_bay__201804_LuciaChica2m,validated_21,train_eligible,Cal DIG I,,Cal DIG I,10.0,,,,850.0,continental_margin,False,48,48,validated_21_existing,,,,,False,,,,,,,,,,,,,,,,,,,,,,validated_21,,
tag_m127,validated_21,train_eligible,M127,,M127,30.0,,,,3600.0,hydrothermal_vent,False,52,52,validated_21_existing,,,,,False,,,,,,,,,,,,,,,,,,,,,,validated_21,,
