cruise,live_HR,n_live_HR,fetch_mode,whole_GB,subset_GB,footprint_bbox,reason
2009_Amundsen,MGDS:30045,1,subset,253.68,24.751,,reuse A.5 subset (live HR unchanged)
2010_Amundsen,MGDS:31753;MGDS:31755;MGDS:30270,3,subset,246.83,20.142,,reuse A.5 subset (live HR unchanged)
FK160407,MGDS:7832,1,whole,9.46,9.46,,small cruise (<10 GB)
KN210-05,MGDS:22436,1,whole,8.27,8.27,,small cruise (<10 GB)
AT18-11,MGDS:21462;MGDS:21454,2,whole,8.01,8.01,,small cruise (<10 GB)
Channel,MGDS:31949,1,whole,7.0,7.0,,small cruise (<10 GB)
MV1209,MGDS:21415,1,whole,6.19,6.19,,small cruise (<10 GB)
EX1103,MGDS:31811;MGDS:18210,2,whole,5.0,5.0,,small cruise (<10 GB)
AT42-03,MGDS:32007,1,whole,4.32,4.32,,small cruise (<10 GB)
RR1506,MGDS:29779,1,whole,3.82,3.82,,small cruise (<10 GB)
FK006B,MGDS:20811,1,whole,3.44,3.44,,small cruise (<10 GB)
KN204-01,MGDS:31675,1,whole,3.23,3.23,,small cruise (<10 GB)
FK181031,MGDS:24367;MGDS:24620,2,subset,10.8,2.846,,reuse A.5 subset (live HR unchanged)
SKQ201705S,MGDS:31255;MGDS:31254,2,whole,2.65,2.65,,small cruise (<10 GB)
AT37-13,MGDS:31199,1,whole,2.56,2.56,,small cruise (<10 GB)
FK171110,MGDS:24485,1,subset,20.04,2.241,,reuse A.5 subset (live HR unchanged)
TN313,MGDS:31253;MGDS:24467,2,subset,47.47,2.203,,reuse A.5 subset (live HR unchanged)
NA076,MGDS:32321,1,whole,2.1,2.1,,small cruise (<10 GB)
AT42-06,MGDS:5174,1,whole,1.8,1.8,,small cruise (<10 GB)
TN268,MGDS:31188;MGDS:30219;MGDS:30466;MGDS:32556;MGDS:24470,5,subset,10.14,1.694,,reuse A.5 subset (live HR unchanged)
TN365,MGDS:31193,1,subset,17.01,1.339,,reuse A.5 subset (live HR unchanged)
EW0207,MGDS:32558,1,whole,1.3,1.3,,small cruise (<10 GB)
RB1604,MGDS:24756,1,subset,19.15,1.148,,reuse A.5 subset (live HR unchanged)
TN383,MGDS:29694,1,subset,10.09,0.952,,reuse A.5 subset (live HR unchanged)
KIWI10RR,MGDS:24499,1,whole,0.88,0.88,,small cruise (<10 GB)
TN159,MGDS:21986;MGDS:21998;MGDS:21981,3,whole,0.8,0.8,,small cruise (<10 GB)
NA090,MGDS:31212,1,whole,0.62,0.62,,small cruise (<10 GB)
NA080,MGDS:31290;MGDS:31291,2,subset,35.38,0.489,,reuse A.5 subset (live HR unchanged)
Escanaba,MGDS:30369,1,whole,0.41,0.41,,small cruise (<10 GB)
TN299,MGDS:27339;MGDS:31256,2,subset,38.17,0.409,,reuse A.5 subset (live HR unchanged)
AR26,MGDS:31838,1,whole,0.2,0.2,,small cruise (<10 GB)
TN157,MGDS:21996,1,whole,0.19,0.19,,small cruise (<10 GB)
TN399,MGDS:30373;MGDS:31181,2,subset,20.63,0.161,,reuse A.5 subset (live HR unchanged)
EW9801,MGDS:31425,1,whole,0.07,0.07,,small cruise (<10 GB)
EW9904,MGDS:30217,1,whole,0.07,0.07,,small cruise (<10 GB)
TN234,MGDS:24489,1,whole,0.05,0.05,,small cruise (<10 GB)
RC2511,MGDS:32241;MGDS:32240,2,whole,0.05,0.05,,small cruise (<10 GB)
MGLN06MV,MGDS:17700,1,whole,0.04,0.04,,small cruise (<10 GB)
AII8L11,MGDS:31430,1,whole,0.0,0.0,,small cruise (<10 GB)
KIWI01RR,,0,DROP,0.57,0.0,,no live HR (all dropped/dup/quarantined)
EX1101,,0,DROP,5.54,0.0,,no live HR (all dropped/dup/quarantined)
EW0407,,0,DROP,1.15,0.0,,no live HR (all dropped/dup/quarantined)
EW9914,MGDS:7833,1,whole,0.0,0.0,,small cruise (<10 GB)
DRFT01RR,,0,DROP,1.8,0.0,,no live HR (all dropped/dup/quarantined)
KN180L02,,0,DROP,0.86,0.0,,no live HR (all dropped/dup/quarantined)
MV1405,,0,DROP,35.09,0.0,,no live HR (all dropped/dup/quarantined)
NA073,,0,DROP,4.61,0.0,,no live HR (all dropped/dup/quarantined)
RC2901,MGDS:31860,1,whole,0.0,0.0,,small cruise (<10 GB)
PASC04WT,MGDS:31824,1,whole,0.0,0.0,,small cruise (<10 GB)
PASC02WT,MGDS:31059,1,whole,0.0,0.0,,small cruise (<10 GB)
RR0916,,0,DROP,12.32,0.0,,no live HR (all dropped/dup/quarantined)
SR1903,,0,DROP,1.28,0.0,,no live HR (all dropped/dup/quarantined)
RNDB18WT,,0,DROP,0.0,0.0,,no live HR (all dropped/dup/quarantined)
RP11SU81,MGDS:30467;MGDS:27340,2,whole,0.0,0.0,,small cruise (<10 GB)
TUNE04WT,MGDS:31427,1,whole,0.0,0.0,,small cruise (<10 GB)
