cruise,whole_GB,subset_GB,n_files_total,n_files_intersect,n_nav_missing,fraction_kept,buffer_km,footprint_bbox_flag,hr_used,hr_dropped,verdict,note
2009_Amundsen,253.68,24.75,3198,377,35,0.098,1.0,False,MGDS:30045,,keep_subset,
2010_Amundsen,246.83,20.14,3022,111,16,0.082,1.0,False,MGDS:30270;MGDS:31753;MGDS:31755,MGDS:30272,keep_subset,
TN313,47.47,2.2,407,36,7,0.046,3.1,False,MGDS:24467;MGDS:31253,,keep_subset,MGDS:24467: sentry271_20140718_2036_tide_1x1.grd:gmt convert: no valid pixels;sentry271_20140718_2036_tide_equal_1x1.grd:gmt convert;
TN299,38.17,0.41,658,12,5,0.011,6.1,False,MGDS:27339;MGDS:31256,,keep_subset,
NA080,35.38,0.49,1033,51,1,0.014,6.6,False,MGDS:31290;MGDS:31291,,keep_subset,
MV1405,35.09,0.03,1090,1,0,0.001,1.7,True,MANIFEST:cal_dig_morro_bay__20180427m3_PockmarkNorth,,keep_subset,MANIFEST:cal_dig_morro_bay__20180427m3_PockmarkNorth: no raster; catalog geom (bbox?) used;
TN399,20.63,0.16,923,10,4,0.008,5.2,False,MGDS:30373;MGDS:31181,,keep_subset,
FK171110,20.04,2.24,324,40,2,0.112,1.0,False,MGDS:24485,,keep_subset,
RB1604,19.15,1.15,75,7,4,0.06,1.0,False,MGDS:24756,,keep_subset,
TN365,17.01,1.34,410,34,0,0.079,6.7,False,MGDS:31193,,keep_subset,
RR0916,12.32,0.0,0,0,0,0.0,0.0,False,,MGDS:24425,exclude_no_valid_hr,no valid HR footprint to test against;
FK181031,10.8,2.85,176,50,0,0.264,4.8,False,MGDS:24367;MGDS:24620,,keep_subset,
TN268,10.14,1.69,229,87,1,0.167,4.6,False,MGDS:24470;MGDS:30219;MGDS:30466;MGDS:31188;MGDS:32556,,keep_subset,MGDS:24470: sentry271_20140718_2036_tide_equal_1x1.asc:Cannot convert fill_value nan to dtype int32;
TN383,10.09,0.95,237,28,2,0.094,1.0,False,MGDS:29694,,keep_subset,
