cruise,hr_id,lr_native_m,hr_res_m,prior_ratio,hr_bucket,status,edge_coh,max_recoverable_k,k2_slope,k2_verdict,k2_uq,k4_slope,k4_verdict,k4_uq,k8_slope,k8_verdict,k8_uq,k16_slope,k16_verdict,k16_uq,k32_slope,k32_verdict,k32_uq
2010_Amundsen,MGDS:31753,1.9,0.0,0.97,ok,ok,0.0,,,NR,,,NR,,,NR,,,NR,,,NR,
2010_Amundsen,MGDS:31755,2.0,0.0,1.0,ok,ok,0.0,,,NR,,,NR,,,NR,,,NR,,,NR,
2010_Amundsen,MGDS:30270,2.0,4.0,0.49,ok,ok,0.0,,,NR,,,NR,,,NR,,,NR,,,NR,
AT37-13,MGDS:31199,46.4,0.0,46.8,ok,ok,0.035,32,-3.55,recoverable_signal,0.0,-2.0,recoverable_signal,0.0,-1.63,recoverable_signal,0.0,-3.02,recoverable_signal,0.0,-9.13,recoverable_signal,0.0
AT42-03,MGDS:32007,28.9,0.0,29.17,ok,ok,0.004,16,-2.98,recoverable_signal,0.0001,-1.99,recoverable_signal,0.0,-0.99,recoverable_signal,0.0,-1.49,recoverable_signal,0.0,,NR,
AT42-06,MGDS:5174,44.3,4.98,8.94,ok,ok,0.0,2,-2.66,recoverable_signal,0.0,,NR,,,NR,,,NR,,,NR,
Channel,MGDS:31949,,,50.39,ok,empty_overlap,,,,NR,,,NR,,,NR,,,NR,,,NR,
EW0207,MGDS:32558,87.8,0.0,88.72,ok,ok,0.046,32,-6.66,recoverable_signal,0.0,-6.86,recoverable_signal,0.0,-7.17,recoverable_signal,0.0,-7.17,recoverable_signal,0.0,-5.45,recoverable_signal,0.0
EW9801,MGDS:31425,160.6,0.0,81.03,ok,ok,0.225,,-3.41,circular_leak,0.0008,-5.15,circular_leak,0.0,-5.42,circular_leak,0.0,-4.35,circular_leak,0.0,-5.57,circular_leak,0.0
EW9904,MGDS:30217,71.3,0.0,71.95,ok,ok,0.022,32,-1.97,recoverable_signal,0.0091,-1.66,recoverable_signal,0.0026,-1.93,recoverable_signal,0.0007,-2.81,recoverable_signal,0.0001,-4.16,recoverable_signal,0.0
EX1103,MGDS:31811,,,30.31,ok,empty_overlap,,,,NR,,,NR,,,NR,,,NR,,,NR,
EX1103,MGDS:18210,,,73.1,ok,empty_overlap,,,,NR,,,NR,,,NR,,,NR,,,NR,
Escanaba,MGDS:30369,,,58.17,ok,empty_overlap,,,,NR,,,NR,,,NR,,,NR,,,NR,
FK006B,MGDS:20811,25.6,0.0,51.5,ok,ok,0.003,16,-1.91,recoverable_signal,0.0,-0.91,marginal,0.0,-1.92,recoverable_signal,0.0,-2.53,recoverable_signal,0.0,,NR,
FK160407,MGDS:7832,154.4,0.0,155.59,ok,ok,0.782,,-1.83,circular_leak,0.0069,-3.67,circular_leak,0.0007,-3.43,circular_leak,0.0001,-4.0,circular_leak,0.0,-2.46,circular_leak,0.0
FK171110,MGDS:24485,106.9,0.0,81.77,ok,ok,0.114,32,-3.72,recoverable_signal,0.0013,-2.6,recoverable_signal,0.0002,-2.97,recoverable_signal,0.0,-3.5,recoverable_signal,0.0,-5.29,recoverable_signal,0.0
KIWI10RR,MGDS:24499,105.3,0.0,106.12,ok,ok,0.075,32,-3.19,recoverable_signal,0.0005,-2.59,recoverable_signal,0.0001,-3.06,recoverable_signal,0.0,-3.18,recoverable_signal,0.0,-1.99,recoverable_signal,0.0
KN204-01,MGDS:31675,105.0,0.0,105.93,ok,ok,0.062,32,-3.45,recoverable_signal,0.0003,-2.74,recoverable_signal,0.0,-3.23,recoverable_signal,0.0,-3.06,recoverable_signal,0.0,-2.42,recoverable_signal,0.0
MGLN06MV,MGDS:17700,121.0,0.0,61.11,ok,ok,0.05,32,-3.0,recoverable_signal,0.1331,-4.9,recoverable_signal,0.0113,-4.02,recoverable_signal,0.0012,-3.55,recoverable_signal,0.0002,-2.6,recoverable_signal,0.0
MV1209,MGDS:21415,,,9.72,ok_finer_verify,empty_overlap,,,,NR,,,NR,,,NR,,,NR,,,NR,
NA076,MGDS:32321,221.0,0.0,222.75,ok,ok,0.057,32,-3.46,recoverable_signal,0.0012,-2.49,recoverable_signal,0.0002,-2.63,recoverable_signal,0.0,-1.55,recoverable_signal,0.0,-1.07,recoverable_signal,0.0
NA080,MGDS:31290,57.5,1.0,57.45,ok,ok,0.007,16,-3.17,recoverable_signal,0.0,-2.85,recoverable_signal,0.0,-2.89,recoverable_signal,0.0,-2.46,recoverable_signal,0.0,,NR,
NA080,MGDS:31291,57.5,1.0,57.45,ok,ok,0.006,16,-1.68,recoverable_signal,0.0001,-0.99,recoverable_signal,0.0,-0.76,roughness_only,0.0,-1.57,recoverable_signal,0.0,,NR,
NA090,MGDS:31212,112.3,0.0,113.22,ok,ok,0.232,,-5.38,circular_leak,0.0,-3.33,circular_leak,0.0,-2.47,circular_leak,0.0,-2.11,circular_leak,0.0,-2.61,circular_leak,0.0
RB1604,MGDS:24756,,,100.97,ok,empty_overlap,,,,NR,,,NR,,,NR,,,NR,,,NR,
RC2511,MGDS:32241,132.1,0.0,266.05,ok,ok,0.068,32,-3.64,recoverable_signal,0.0065,-2.48,recoverable_signal,0.0016,-1.95,recoverable_signal,0.0004,-1.84,recoverable_signal,0.0001,-2.55,recoverable_signal,0.0
RC2511,MGDS:32240,143.8,0.0,289.7,ok,ok,0.169,,-4.89,circular_leak,0.0002,-4.25,circular_leak,0.0,-3.43,circular_leak,0.0,-3.49,circular_leak,0.0,-3.21,circular_leak,0.0
RR1506,MGDS:29779,133.9,0.0,134.92,ok,ok,0.065,32,-4.52,recoverable_signal,0.005,-2.31,recoverable_signal,0.0007,-3.41,recoverable_signal,0.0001,-2.24,recoverable_signal,0.0,-2.59,recoverable_signal,0.0
SKQ201705S,MGDS:31255,18.5,0.0,87.45,ok_finer_verify,ok,0.001,8,-3.58,recoverable_signal,0.0,-0.96,marginal,0.0,-1.78,recoverable_signal,0.0,,NR,,,NR,
SKQ201705S,MGDS:31254,18.5,0.0,86.12,ok_finer_verify,ok,0.001,8,-3.76,recoverable_signal,0.0,-1.15,recoverable_signal,0.0,-1.55,recoverable_signal,0.0,,NR,,,NR,
TN157,MGDS:21996,,,50.44,ok,empty_overlap,,,,NR,,,NR,,,NR,,,NR,,,NR,
TN159,MGDS:21986,281.3,0.0,283.68,ok,ok,0.94,,-2.82,circular_leak,0.1787,-3.08,circular_leak,0.0614,-0.09,roughness_only,0.0189,-2.51,circular_leak,0.0035,-3.8,circular_leak,0.0003
TN159,MGDS:21998,,,283.61,ok,no_data_overlap,,,,NR,,,NR,,,NR,,,NR,,,NR,
TN159,MGDS:21981,317.5,0.0,320.26,ok,ok,0.318,,-3.38,circular_leak,0.0878,-2.82,circular_leak,0.0115,-2.05,circular_leak,0.0019,-2.72,circular_leak,0.0003,-2.83,circular_leak,0.0
TN268,MGDS:31188,,,66.65,ok,empty_overlap,,,,NR,,,NR,,,NR,,,NR,,,NR,
TN268,MGDS:30219,31.3,0.0,31.58,ok,ok,0.01,16,-2.89,recoverable_signal,0.0001,-2.9,recoverable_signal,0.0,-3.45,recoverable_signal,0.0,-5.95,recoverable_signal,0.0,,NR,
TN268,MGDS:30466,247.2,0.0,248.95,ok,ok,0.079,32,-3.09,recoverable_signal,0.0441,-2.23,recoverable_signal,0.0047,-3.58,recoverable_signal,0.0004,-3.14,recoverable_signal,0.0001,-3.19,recoverable_signal,0.0
TN268,MGDS:32556,,,278.94,ok,empty_overlap,,,,NR,,,NR,,,NR,,,NR,,,NR,
TN268,MGDS:24470,34.2,0.0,344.7,ok_finer_verify,ok,0.004,16,-2.35,recoverable_signal,0.0024,-2.54,recoverable_signal,0.0005,-3.31,recoverable_signal,0.0,-3.13,recoverable_signal,0.0,,NR,
TN365,MGDS:31193,,,95.4,ok,empty_overlap,,,,NR,,,NR,,,NR,,,NR,,,NR,
TN383,MGDS:29694,31.2,0.0,31.46,ok,ok,0.017,16,-1.78,recoverable_signal,0.0014,-1.63,recoverable_signal,0.0004,-3.7,recoverable_signal,0.0,-5.43,recoverable_signal,0.0,,NR,
TN399,MGDS:30373,246.4,0.0,248.08,ok,ok,0.817,,-1.55,circular_leak,0.1333,-3.46,circular_leak,0.0191,-1.92,circular_leak,0.0025,-2.65,circular_leak,0.0004,-3.77,circular_leak,0.0
TN399,MGDS:31181,,,50.23,ok,empty_overlap,,,,NR,,,NR,,,NR,,,NR,,,NR,
AR26,MGDS:31838,32.3,0.0,32.32,,ok,0.001,16,-2.03,recoverable_signal,0.0381,-3.08,recoverable_signal,0.007,-2.39,recoverable_signal,0.0014,-2.76,recoverable_signal,0.0001,,NR,
TN299,MGDS:27339,80.0,1.0,79.95,,ok,0.012,32,-3.72,recoverable_signal,0.0023,-3.08,recoverable_signal,0.0003,-3.18,recoverable_signal,0.0,-2.72,recoverable_signal,0.0,-1.73,recoverable_signal,0.0
TN299,MGDS:31256,38.5,0.0,,,ok,0.013,32,-2.3,recoverable_signal,0.0005,-1.77,recoverable_signal,0.0001,-1.13,recoverable_signal,0.0001,-1.31,recoverable_signal,0.0,-6.53,recoverable_signal,0.0
FK181031,MGDS:24367,44.8,0.0,22.41,,ok,0.002,32,-3.29,recoverable_signal,0.0001,-3.8,recoverable_signal,0.0,-5.29,recoverable_signal,0.0,-6.67,recoverable_signal,0.0,-4.27,recoverable_signal,0.0
FK181031,MGDS:24620,65.8,0.0,,,ok,0.033,32,-2.46,recoverable_signal,0.0336,-1.69,recoverable_signal,0.0086,-1.38,recoverable_signal,0.0024,-2.54,recoverable_signal,0.0005,-3.26,recoverable_signal,0.0001
2009_Amundsen,MGDS:30045,,,,ok,empty_overlap,,,,NR,,,NR,,,NR,,,NR,,,NR,
KN210-05,MGDS:22436,87.5,0.0,43.75,ok,ok,0.021,32,-2.63,recoverable_signal,0.0,-4.8,recoverable_signal,0.0,-4.14,recoverable_signal,0.0,-3.45,recoverable_signal,0.0,-8.89,recoverable_signal,0.0
