hr_id,gate_tier_2026-06-05,gate_lr,gate_res_ratio,hr_title,in_corpus_as,leakage_unit,fate,reason_source
MANIFEST:cal_dig_morro_bay__20190317m2_600mGully,eval_only,EX1101,35.0,Cal DIG I / Morro Bay — Cal DIG I,cal_dig_morro_bay__20190317m2_600mGully,lu12,in corpus,manifest/pairs.parquet
MGDS:21454,eval_only,AT18-11,36.284219726366025,Processed Gridded Submersible Multibeam Sonar Data from the Pacific Ocean acquired during ,,,"AT18-11 gridding failed: HR footprint (2 deg wide, inflated) has no ship coverage -> false pair (stage C full report §4)",stage_c_full_report_2026-06-23.md
MGDS:24002,eval_only,EX0909,30.010245774517305,"Loihi Seamount (Hawaii), Shinkai Deep and FeMO hydrothermal sites, Sentry AUV near-bottom ",,,"REASON UNRECORDED: phase-1 'truly processed LR' pair (LR NCEI_MBBDB:EX0909 processed grid staged); stage A dry-run said these skip gridding and go to Stage F directly, but Stage F only harmonized the 32 C.5c pairs; never harmonized, never ruled on",stage_a_gate1_raw_lr_dryrun_20260622.md §truly_processed vs stage_f_harmonization_2026-06-23.md
MGDS:24367,eval_only,FK181031,30.015747072168388,Processed Gridded Near-Bottom Bathymetry Data (ArcASCII format) from the Alarcon Rise Spre,FK181031__MGDS_24367,lu08,in corpus,manifest/pairs.parquet
MGDS:24467,eval_only,TN313,31.140772519415574,"Processed Gridded Near-Bottom AUV Bathymetry Data from the Juan de Fuca Spreading Center, ",,,REASON UNRECORDED: LR cruise fetched (TN313) but the HR never appears in stage C/C.5 results,stage_b_fetch_list_2026-06-22.csv
MGDS:24470,eval_only,TN268,28.622587173363215,Processed Gridded Near-Bottom AUV Bathymetry Data (ASCII:ESRI) from the Juan de Fuca Sprea,,,excluded: 0 valid tiles after F5 real-data masks (f5_bucket=weak_exclude_candidate) -> R6 zero-tile drop,stage_reaudit_moveforward_report_2026-06-26.md
MGDS:29779,eval_only,RR1506,25.022019647719688,AUV Sentry near-bottom bathymetry data at the Havre Volcano Caldera in the Kermadec Arc (R,RR1506__MGDS_29779,lu00,in corpus,manifest/pairs.parquet
MGDS:30373,eval_only,TN399,35.00237866714601,"Processed bathymetric data (netCDF grid) from 9°50'N, East Pacific Rise, acquired in 2018,",TN399__MGDS_30373,lu05,in corpus,manifest/pairs.parquet
MGDS:31181,eval_only,TN399,35.0045287295003,Processed Gridded Near-Bottom Bathymetry Data (EM2040) acquired during R/V Roger Revelle e,,,excluded: HR and gridded LR have no real data overlap on the AUV-native grid (C.5b status=empty_overlap),stage_c5b_sweep.json
MGDS:31193,eval_only,TN365,32.51062328933775,Processed Gridded Near-Bottom Bathymetry Data acquired during R/V Thomas G. Thompson exped,,,"excluded: inflated (degree-wide bbox) HR footprint -> false pair, no real HR/LR overlap (C.5b Track C; discovery footprint-bbox bug)",stage_c5b_consolidation_report_2026-06-23.md
MGDS:31212,eval_only,NA090,35.027469914892,Processed Gridded Near-Bottom Bathymetry Data (EM2040) acquired during R/V Roger Revelle e,NA090__MGDS_31212,lu10,in corpus,manifest/pairs.parquet
MGDS:31290,eval_only,NA080,35.0,Near-bottom AUV multibeam bathymetry grid (ESRI ASCII format) from the Octopus Garden hydr,NA080__MGDS_31290,lu13,in corpus,manifest/pairs.parquet
MGDS:31321,eval_only,EX1202L3,26.2360088774226,Processed Gridded Near-Bottom Bathymetry Data acquired during R/V McArthur II expedition M,,,"REASON UNRECORDED: phase-1 'truly processed LR' pair (LR NCEI_MBBDB:EX1202L3 processed grid staged); stage A dry-run said these skip gridding and go to Stage F directly, but Stage F only harmonized the 32 C.5c pairs; never harmonized, never ruled on",stage_a_gate1_raw_lr_dryrun_20260622.md §truly_processed vs stage_f_harmonization_2026-06-23.md
MGDS:31753,eval_only,2010_Amundsen,30.089836844329373,Processed bathymetry data (netCDF grids) from the continental slope of the Canadian Beaufo,,,excluded: float re-harvest has 0 joint cells with the 2009_Amundsen LR (false co-location by footprint; C1 step 2 L2),stage_c1_reharvest_step2_rulings_2026-06-26.md
MGDS:31813,eval_only,NR07-1,28.7668962754084,"Processed Gridded Near-Bottom AUV Bathymetry Data from the Gulf of Mexico, acquired during",,,"REASON UNRECORDED: phase-1 'truly processed LR' pair (LR NCEI_MBBDB:NR07-1 processed grid staged); stage A dry-run said these skip gridding and go to Stage F directly, but Stage F only harmonized the 32 C.5c pairs; never harmonized, never ruled on",stage_a_gate1_raw_lr_dryrun_20260622.md §truly_processed vs stage_f_harmonization_2026-06-23.md
MGDS:31814,eval_only,NR07-1,28.224647338290563,"Processed Gridded Near-Bottom AUV Bathymetry Data (ASCII:ESRI) from the Gulf of Mexico, ac",,,"REASON UNRECORDED: phase-1 'truly processed LR' pair (LR NCEI_MBBDB:NR07-1 processed grid staged); stage A dry-run said these skip gridding and go to Stage F directly, but Stage F only harmonized the 32 C.5c pairs; never harmonized, never ruled on",stage_a_gate1_raw_lr_dryrun_20260622.md §truly_processed vs stage_f_harmonization_2026-06-23.md
MGDS:31831,eval_only,EX1206,35.03172543202919,"Processed Gridded Near-Bottom AUV Bathymetry Data from the Eastern North American Margin, ",,,"REASON UNRECORDED: phase-1 'truly processed LR' pair (LR NCEI_MBBDB:EX1206 processed grid staged); stage A dry-run said these skip gridding and go to Stage F directly, but Stage F only harmonized the 32 C.5c pairs; never harmonized, never ruled on",stage_a_gate1_raw_lr_dryrun_20260622.md §truly_processed vs stage_f_harmonization_2026-06-23.md
MGDS:32007,eval_only,AT42-03,25.003871888758326,Processed Gridded Near-Bottom AUV Bathymetry Data from the Central America Subduction Zone,AT42-03__MGDS_32007,lu03,in corpus,manifest/pairs.parquet
MGDS:7832,eval_only,FK160407,36.52298990650322,Processed Near-bottom Bathymetry Grids (NetCDF:GMT format) derived from Multibeam Sonar Da,,,excluded: 0 valid tiles after F5 real-data masks (f5_bucket=weak_exclude_candidate) -> R6 zero-tile drop,stage_reaudit_moveforward_report_2026-06-26.md
MANIFEST:cal_dig_morro_bay__201804_LuciaChica2m,raw_lr_to_grid,KIWI01RR,,Cal DIG I / Morro Bay — Cal DIG I,cal_dig_morro_bay__201804_LuciaChica2m,lu12,in corpus,manifest/pairs.parquet
MANIFEST:cal_dig_morro_bay__20190314m4_LuciaChica970m,raw_lr_to_grid,EW0407,,Cal DIG I / Morro Bay — Cal DIG I,cal_dig_morro_bay__20190314m4_LuciaChica970m,lu12,in corpus,manifest/pairs.parquet
MANIFEST:cal_dig_morro_bay__20190511m1_6thHeadlessCany,raw_lr_to_grid,RNDB18WT,,Cal DIG I / Morro Bay — Cal DIG I,cal_dig_morro_bay__20190511m1_6thHeadlessCany,lu12,in corpus,manifest/pairs.parquet
MGDS:20836,raw_lr_to_grid,FK006B,,Processed near bottom Multibeam Sonar Images from the Gulf of Mexico acquired during the R,,,"dropped: the MGDS 'grid' file is a PDF, not bathymetry (phase 1 rev3 escalated recover_or_drop)",staging_state.phase1_rev3
MGDS:21981,raw_lr_to_grid,TN159,,Processed Near-bottom Multibeam Sonar Bathymetry Grids from the Juan de Fuca Spreading Cen,TN159__MGDS_21981,lu17,in corpus,manifest/pairs.parquet
MGDS:21986,raw_lr_to_grid,TN159,,Processed Near-bottom Multibeam Sonar Data from the Juan de Fuca Spreading Center - Endeav,,,excluded: no recoverable SR signal at any k on the AUV-native grid (C.5b max_recoverable_k=null),stage_c5b_sweep.json
MGDS:21996,raw_lr_to_grid,TN157,,Processed Near-bottom Multibeam Sonar Bathymetry Grids from the Juan de Fuca Spreading Cen,,,"excluded: residual co-registration failure (LR coverage / CRS edge case), recommended manual pass, never done (C.5c)",stage_c5c_consolidation_report_2026-06-23.md
MGDS:21998,raw_lr_to_grid,TN159,,Processed Near-bottom Multibeam Sonar Bathymetry Grids from the Juan de Fuca Spreading Cen,,,"excluded: residual co-registration failure (LR coverage / CRS edge case), recommended manual pass, never done (C.5c)",stage_c5c_consolidation_report_2026-06-23.md
MGDS:22436,raw_lr_to_grid,KN210-05,,"Processed Sentry AUV bathymetry data from the Mid-Atlantic Ridge at 16.5N, Knorr cruise KN",,,"dropped at manifest append: 151 m offset, no interior NCC peak (unconfirmed_coregistration_eligible_for_manual_recoreg; not data-quality, eligible for manual re-coreg)",stage_append_exclusions_2026-06-26.csv
MGDS:24425,raw_lr_to_grid,RR0916,,Image Files of Processed Near-Bottom AUV Sentry Bathymetry Data from the Tonga Volcanic Ar,,,"dropped: the MGDS 'grid' file is a PDF, not bathymetry (phase 1 rev3 escalated recover_or_drop)",staging_state.phase1_rev3
MGDS:24485,raw_lr_to_grid,FK171110,,Processed Near-Bottom AUV Sentry Bathymetric Sonar Maps (GeoTIFF format) from the NE Lau B,,,excluded: HR source is a 3-band RGB render (no elevation band); float companion MGDS:24499 acquired instead as KIWI10RR__MGDS_24499,stage_reaudit_report_2026-06-26.md + stage_reaudit_c1_float_recovery.csv
MGDS:24489,raw_lr_to_grid,TN234,,Processed Gridded Near-Bottom AUV Sentry Bathymetric Sonar Data from the NE Lau Basin acqu,,,TN234 EM300 vendor files read 0 good beams -> LR has no usable bathymetry (stage C full report §4),stage_c_full_report_2026-06-23.md
MGDS:24499,raw_lr_to_grid,KIWI10RR,,Processed Gridded Near-Bottom AUV Sentry Bathymetric Sonar Data (NetCDF:GMT format) from t,KIWI10RR__MGDS_24499,lu01,in corpus,manifest/pairs.parquet
MGDS:24620,raw_lr_to_grid,FK181031,,Near-Bottom Bathymetry Data (GeoTIFF images) from missions 20150305m1 and 20150306m2 in th,,,excluded: HR source is a 3-band RGB render (no elevation band); float companion MGDS:24618 acquired instead as FK181031__MGDS_24618 (C1 float recovery),stage_reaudit_report_2026-06-26.md + stage_reaudit_c1_float_recovery.csv
MGDS:27340,raw_lr_to_grid,RP11SU81,,North Gorda near-bottom processed swath bathymetry gridded data in GeoTIFF image format (2,,,not fetched: only LR cruise (RP11SU81) is a legacy SeaBeam-classic format the swath classifier does not recognise (stage B needs_format_review); no later ruling recorded,stage_b_fetch_report_2026-06-22.md
MGDS:29694,raw_lr_to_grid,TN383,,GeoTIFF images of gridded near-bottom bathymetry from the north rift zone of Axial Seamoun,,,excluded: HR source is a 3-band RGB render (no elevation band); float companion MGDS:32556 acquired instead as EW0207__MGDS_32556 (NRift) + supersedes HR of TN268__MGDS_30466 (SRift ver2025),stage_reaudit_report_2026-06-26.md + stage_reaudit_c1_float_recovery.csv
MGDS:30045,raw_lr_to_grid,2009_Amundsen,,Processed bathymetry data (GeoTIFF images) acquired near-bottom in 2013 and 2016 on the co,,,excluded: HR source is a 3-band RGB render (no elevation band); float companion MGDS:30046 acquired instead as 2009_Amundsen__MGDS_30046 (C1 float recovery),stage_reaudit_report_2026-06-26.md + stage_reaudit_c1_float_recovery.csv
MGDS:30217,raw_lr_to_grid,EW9904,,Preliminary 1-meter resolution bathymetric model (GeoTIFF images) for the summit region of,,,excluded: HR source is a 3-band RGB render (no elevation band); float companion MGDS:32556 acquired instead as EW0207__MGDS_32556 (NRift) + supersedes HR of TN268__MGDS_30466 (SRift ver2025),stage_reaudit_report_2026-06-26.md + stage_reaudit_c1_float_recovery.csv
MGDS:30270,raw_lr_to_grid,2010_Amundsen,,Processed bathymetry data (GeoTIFF images) acquired near-bottom in 2013 on the continental,,,"excluded: degenerate shallow 2010_Amundsen pair, no spectrum / not recoverable at any k (C.5/C.5b)",stage_c5b_sweep.json
MGDS:30369,raw_lr_to_grid,Escanaba,,Escanaba Trough (Gorda Ridge) AUV near-bottom processed swath bathymetry gridded data in E,,,excluded: HR and gridded LR have no real data overlap on the AUV-native grid (C.5b status=empty_overlap),stage_c5b_sweep.json
MGDS:30467,raw_lr_to_grid,RP11SU81,,Preliminary 1-meter resolution bathymetric model (GeoTIFF image format) for the distal Sou,,,not fetched: only LR cruise (RP11SU81) is a legacy SeaBeam-classic format the swath classifier does not recognise (stage B needs_format_review); no later ruling recorded,stage_b_fetch_report_2026-06-22.md
MGDS:31059,raw_lr_to_grid,PASC02WT,,Sentry processed EM2040 near-bottom bathymetry grids (netCDF format) from the East Pacific,,,not fetched: only LR cruise (PASC02WT) is a legacy SeaBeam-classic format the swath classifier does not recognise (stage B needs_format_review); no later ruling recorded,stage_b_fetch_report_2026-06-22.md
MGDS:31256,raw_lr_to_grid,TN299,,Near-bottom AUV Sentry processed bathymetry images (GeoTIFF format) from the Pythia's Oasi,,,excluded: HR source is a 3-band RGB render (no elevation band); float companion MGDS:31253 acquired instead as TN299__MGDS_31253 (C1 float recovery; catalog listed it under TN313),stage_reaudit_report_2026-06-26.md + stage_reaudit_c1_float_recovery.csv
MGDS:31291,raw_lr_to_grid,NA080,,Near-bottom AUV multibeam bathymetry image (GeoTIFF format) from the Octopus Garden hydrot,,,REASON UNRECORDED: C.5b scored it recoverable (max_k=16) but it is absent from the stage-E corpus and from every exclusion record,stage_c5b_sweep.json vs combined_corpus.csv
MGDS:31427,raw_lr_to_grid,TUNE04WT,,"Loihi Seamount (Hawaii), summit and Pele's Pit, Sentry AUV near-bottom processed bathymetr",,,not fetched: only LR cruise (TUNE04WT) is a legacy SeaBeam-classic format the swath classifier does not recognise (stage B needs_format_review); no later ruling recorded,stage_b_fetch_report_2026-06-22.md
MGDS:31430,raw_lr_to_grid,AII8L11,,"Loihi Seamount (Hawaii), Shinkai Deep and FeMO hydrothermal sites, Sentry AUV near-bottom ",,,not fetched: only LR cruise (AII8L11) is a legacy SeaBeam-classic format the swath classifier does not recognise (stage B needs_format_review); no later ruling recorded,stage_b_fetch_report_2026-06-22.md
MGDS:31675,raw_lr_to_grid,KN204-01,,Processed Gridded Near-Bottom AUV Bathymetry Data acquired during R/V Atlantic Explorer ex,,,"dropped at manifest append: 51 m offset, no interior NCC peak (unconfirmed_coregistration_eligible_for_manual_recoreg; not data-quality, eligible for manual re-coreg)",stage_append_exclusions_2026-06-26.csv
MGDS:31755,raw_lr_to_grid,2010_Amundsen,,Processed bathymetry data (GeoTIFF images) from the continental slope of the Canadian Beau,,,"excluded: degenerate shallow 2010_Amundsen pair, no spectrum / not recoverable at any k (C.5/C.5b)",stage_c5b_sweep.json
MGDS:31824,raw_lr_to_grid,PASC04WT,,"Processed Gridded Near-Bottom AUV Bathymetry Data from the Pito Deep Spreading Center, acq",,,not fetched: only LR cruise (PASC04WT) is a legacy SeaBeam-classic format the swath classifier does not recognise (stage B needs_format_review); no later ruling recorded,stage_b_fetch_report_2026-06-22.md
MGDS:31860,raw_lr_to_grid,RC2901,,Processed Gridded Near-Bottom Bathymetry Data acquired during R/V Melville expedition MV12,,,not fetched: only LR cruise (RC2901) is a legacy SeaBeam-classic format the swath classifier does not recognise (stage B needs_format_review); no later ruling recorded,stage_b_fetch_report_2026-06-22.md
MGDS:31949,raw_lr_to_grid,Channel,,Processed Gridded Near-Bottom AUV Bathymetry Data (ASCII:ESRI) from the Southern Californi,,,"excluded: inflated (degree-wide bbox) HR footprint -> false pair, no real HR/LR overlap (C.5b Track C; discovery footprint-bbox bug)",stage_c5b_consolidation_report_2026-06-23.md
MGDS:32240,raw_lr_to_grid,RC2511,,MBARI Mapping AUV near-bottom processed swath bathymetry gridded data (ESRI ASCII format) ,,,excluded: 0 valid tiles after F5 real-data masks (f5_bucket=weak_exclude_candidate) -> R6 zero-tile drop,stage_reaudit_moveforward_report_2026-06-26.md
MGDS:32241,raw_lr_to_grid,RC2511,,MBARI Mapping AUV near-bottom processed swath bathymetry gridded data (GeoTIFF image forma,,,excluded: HR source is a 3-band RGB render (no elevation band); float companion MGDS:32240 not in corpus (companion had 0 valid tiles after F5 masks -> R6 zero-tile drop),stage_reaudit_report_2026-06-26.md + stage_reaudit_c1_float_recovery.csv
MGDS:32558,raw_lr_to_grid,EW0207,,GeoTIFF images of gridded near-bottom bathymetry data for the distal rift zones of Axial S,,,excluded: HR source is a 3-band RGB render (no elevation band); float companion MGDS:32556 acquired instead as EW0207__MGDS_32556 (NRift) + supersedes HR of TN268__MGDS_30466 (SRift ver2025),stage_reaudit_report_2026-06-26.md + stage_reaudit_c1_float_recovery.csv
MGDS:7833,raw_lr_to_grid,EW9914,,Processed near bottom Multibeam Sonar Images from the Lau Back-arc Basin acquired during t,,,not fetched: only LR cruise (EW9914) is a legacy SeaBeam-classic format the swath classifier does not recognise (stage B needs_format_review); no later ruling recorded,stage_b_fetch_report_2026-06-22.md
MANIFEST:cal_dig_morro_bay__20180427m1_Channel700,training,NA073,17.498085295756972,Cal DIG I / Morro Bay — Cal DIG I,cal_dig_morro_bay__20180427m1_Channel700,lu12,in corpus,manifest/pairs.parquet
MANIFEST:cal_dig_morro_bay__20180427m3_PockmarkNorth,training,MV1405,25.0,Cal DIG I / Morro Bay — Cal DIG I,cal_dig_morro_bay__20180427m3_PockmarkNorth,lu12,in corpus,manifest/pairs.parquet
MANIFEST:cal_dig_morro_bay__20190317m1_1000mGully,training,SR1903,25.0,Cal DIG I / Morro Bay — Cal DIG I,cal_dig_morro_bay__20190317m1_1000mGully,lu12,in corpus,manifest/pairs.parquet
MANIFEST:cal_dig_morro_bay__20190510m2_BankFlankIncipCh,training,SR1903,12.501849763485291,Cal DIG I / Morro Bay — Cal DIG I,cal_dig_morro_bay__20190510m2_BankFlankIncipCh,lu12,in corpus,manifest/pairs.parquet
MANIFEST:cal_dig_morro_bay__20190511m2_BankTopEofCanyon3,training,DRFT01RR,24.998842764567517,Cal DIG I / Morro Bay — Cal DIG I,cal_dig_morro_bay__20190511m2_BankTopEofCanyon3,lu12,in corpus,manifest/pairs.parquet
MGDS:17700,training,MGLN06MV,19.52780384094419,Processed Near-bottom Bathymetry Grids (NetCDF:GMT format) derived from Multibeam Sonar Da,,,declined by Steve at the R3 QC adjudication (2026-06-26),stage_provenance_gate_report_2026-06-26.md
MGDS:18210,training,EX1103,15.012674002118745,Processed Near-bottom Grids (NetCDF:GMT format) derived from Multibeam Sonar Data acquired,,,"excluded: inflated (degree-wide bbox) HR footprint -> false pair, no real HR/LR overlap (C.5b Track C; discovery footprint-bbox bug)",stage_c5b_consolidation_report_2026-06-23.md
MGDS:20811,training,FK006B,15.94245910657551,Processed Near-bottom Grids (NetCDF:GMT format) derived from Multibeam Sonar Data from the,,,"dropped at manifest append: PSR=-8.97, degenerate peak (unconfirmed_coregistration_eligible_for_manual_recoreg; not data-quality, eligible for manual re-coreg)",stage_append_exclusions_2026-06-26.csv
MGDS:20815,training,EX1202L2,18.76438525536323,Processed Gridded (ESRI ASCII format) Submersible Bathymetry Data from the Gulf of Mexico ,,,"REASON UNRECORDED: phase-1 'truly processed LR' pair (LR NCEI_MBBDB:EX1202L2 processed grid staged); stage A dry-run said these skip gridding and go to Stage F directly, but Stage F only harmonized the 32 C.5c pairs; never harmonized, never ruled on",stage_a_gate1_raw_lr_dryrun_20260622.md §truly_processed vs stage_f_harmonization_2026-06-23.md
MGDS:21415,training,MV1209,6.07245481165777,"Processed Near-bottom Bathymetry, Acoustic Backscatter, and Sidescan Grids (NetCDF:GMT for",,,excluded: HR and gridded LR have no real data overlap on the AUV-native grid (C.5b status=empty_overlap),stage_c5b_sweep.json
MGDS:21462,training,AT18-11,24.7612906801232,"Processed Gridded Near-Bottom AUV Bathymetry Data from the Santa Barbara Channel, acquired",,,"AT18-11 gridding failed: HR footprint (2 deg wide, inflated) has no ship coverage -> false pair (stage C full report §4)",stage_c_full_report_2026-06-23.md
MGDS:21847,training,lostcity2005,10.002793588941586,Bathymetry Grid from the Atlantis Massif acquired in 2003 with the AUV ABE during the Lost,,,"REASON UNRECORDED: phase-1 'truly processed LR' pair (LR NCEI_MBBDB:lostcity2005 processed grid staged); stage A dry-run said these skip gridding and go to Stage F directly, but Stage F only harmonized the 32 C.5c pairs; never harmonized, never ruled on",stage_a_gate1_raw_lr_dryrun_20260622.md §truly_processed vs stage_f_harmonization_2026-06-23.md
MGDS:24756,training,RB1604,25.0,"High-resolution (1m) bathymetric data from Monterey Canyon, offshore California",,,"excluded: residual co-registration failure (LR coverage / CRS edge case), recommended manual pass, never done (C.5c)",stage_c5c_consolidation_report_2026-06-23.md
MGDS:27339,training,TN299,15.0,North Gorda near-bottom processed swath bathymetry gridded data in ESRI ASCII format (2009,TN299__MGDS_27339,lu15,in corpus,manifest/pairs.parquet
MGDS:30219,training,TN268,15.025914947342054,Preliminary 1-meter resolution bathymetric model (ESRI ASCII grids) for the summit region ,,,declined by Steve at the R3 QC adjudication (2026-06-26),stage_provenance_gate_report_2026-06-26.md
MGDS:30272,training,2010_Amundsen,15.0,Processed bathymetry data (ESRI ASCII grids) acquired near-bottom in 2013 on the continent,,,dropped: MGDS download returns an HTML error page on both endpoints (phase 1 rev3 escalated recover_or_drop),staging_state.phase1_rev3
MGDS:30466,training,TN268,15.007203069276855,Preliminary 1-meter resolution bathymetric model (ASCII grid format) for the distal South ,TN268__MGDS_30466,lu16,in corpus,manifest/pairs.parquet
MGDS:31073,training,EX1402L2,15.007357164470553,Processed Gridded Near-Bottom Bathymetry Data acquired during R/V Atlantis expedition AT26,,,"REASON UNRECORDED: phase-1 'truly processed LR' pair (LR NCEI_MBBDB:EX1402L2 processed grid staged); stage A dry-run said these skip gridding and go to Stage F directly, but Stage F only harmonized the 32 C.5c pairs; never harmonized, never ruled on",stage_a_gate1_raw_lr_dryrun_20260622.md §truly_processed vs stage_f_harmonization_2026-06-23.md
MGDS:31188,training,TN268,15.025930599235428,"Processed Gridded Near-Bottom AUV Bathymetry Data (EM2040) from Axial Seamount, acquired d",,,excluded: HR and gridded LR have no real data overlap on the AUV-native grid (C.5b status=empty_overlap),stage_c5b_sweep.json
MGDS:31199,training,AT37-13,24.999028036414394,Processed Gridded Near-Bottom AUV Bathymetry Data from the Costa Rica Rift Spreading Cente,AT37-13__MGDS_31199,lu04,in corpus,manifest/pairs.parquet
MGDS:31253,training,TN313,24.03984128490437,Near-bottom AUV Sentry processed bathymetry grids (netCDF format) from the Pythia's Oasis ,TN299__MGDS_31253 (C1 float recovery; catalog listed it under TN313),lu15,in corpus,manifest/pairs.parquet
MGDS:31254,training,SKQ201705S,18.48511812466932,Near-bottom AUV Sentry processed bathymetry grids (ESRI ASCII format) from the Pythia's Oa,,,declined by Steve at the R3 QC adjudication (2026-06-26),stage_provenance_gate_report_2026-06-26.md
MGDS:31255,training,SKQ201705S,18.770492979404185,Near-bottom AUV Sentry processed bathymetry grids (GeoTIFF grid format) from the Pythia's ,,,declined by Steve at the R3 QC adjudication (2026-06-26),stage_provenance_gate_report_2026-06-26.md
MGDS:31425,training,EW9801,17.148801324593936,"Loihi Seamount (Hawaii), summit and Pele's Pit, Sentry AUV near-bottom processed bathymetr",EW9801__MGDS_31425,lu07,in corpus,manifest/pairs.parquet
MGDS:31600,training,KN180L02,10.20681875933709,"ABE AUV near-bottom processed bathymetry data (netCDF grids), Kane Megamullion area, Mid-A",,,quarantined: declared 9.8 m grid measures 2.8 m cells -> coarse_or_composite (phase 1 rev2),staging_state.phase1_rev2
MGDS:31811,training,EX1103,7.5034866690457,"Processed Gridded Near-Bottom AUV Bathymetry Data from the Galapagos Spreading Center, acq",,,"excluded: inflated (degree-wide bbox) HR footprint -> false pair, no real HR/LR overlap (C.5b Track C; discovery footprint-bbox bug)",stage_c5b_consolidation_report_2026-06-23.md
MGDS:31838,training,AR26,20.019460955110453,Processed Gridded Near-Bottom Bathymetry Data acquired during R/V Pisces expedition PC1704,AR26__MGDS_31838,lu14,in corpus,manifest/pairs.parquet
MGDS:32321,training,NA076,15.0,Santa Monica 800 m Mound MBARI Mapping AUV near-bottom processed swath bathymetry gridded ,,,excluded: HR source is a 3-band RGB render (no elevation band); float companion MGDS:32317 acquired instead as NA076__MGDS_32317 (C1 float recovery),stage_reaudit_report_2026-06-26.md + stage_reaudit_c1_float_recovery.csv
MGDS:32556,training,TN268,15.025889047865235,"Gridded near-bottom bathymetry data (netCDF format, 1-m resolution) for the distal rift zo",EW0207__MGDS_32556 (NRift) + supersedes HR of TN268__MGDS_30466 (SRift ver2025),lu16,in corpus,manifest/pairs.parquet
MGDS:5174,training,AT42-06,10.022333197971173,AUV ABE near-bottom scanning sonar bathymetry grids from East Pacific Rise (EPR) 9&deg;N,,,REASON UNRECORDED: C.5b scored it recoverable (max_k=2) but it is absent from the stage-E corpus and from every exclusion record,stage_c5b_sweep.json vs combined_corpus.csv
PANGAEA:tag_m127,training,EX2206,17.5,TAG Hydrothermal Field — M127,tag_m127,lu09,in corpus,manifest/pairs.parquet
