cruise,filename,url,advertised,kind,head_content_length,http_status,status,received,sha256,gzip_ok
M127_EM122,0183_20160531_021211_M127_EM122.all,https://hs.pangaea.de/bathy/m127/M127_working_area/0183_20160531_021211_M127_EM122.all,23000064,swath,23000828,200,skip_present,23000828,f1aea368d2c1164129bfaf9ac688871790b52eb9053da5a8a4c55e6b5af5964a,True
M127_EM122,0184_20160531_024205_M127_EM122.all,https://hs.pangaea.de/bathy/m127/M127_working_area/0184_20160531_024205_M127_EM122.all,22862848,swath,22863102,200,skip_present,22863102,192f4d1c563c52a67d17d44de89861a425454849d67d9ff1bbd88ca01060146e,True
M127_EM122,0185_20160531_031201_M127_EM122.all,https://hs.pangaea.de/bathy/m127/M127_working_area/0185_20160531_031201_M127_EM122.all,23392256,swath,23392902,200,skip_present,23392902,61252951604b29c6e1e727e0bc6612dc46df44124222f12addace6cd1e7f577c,True
M127_EM122,0186_20160531_034202_M127_EM122.all,https://hs.pangaea.de/bathy/m127/M127_working_area/0186_20160531_034202_M127_EM122.all,23389184,swath,23389722,200,skip_present,23389722,323f365d6609d69697cccc30b7934734ab44dfe6c498c0b5e7aa8609e9d4e569,True
M127_EM122,0187_20160531_041202_M127_EM122.all,https://hs.pangaea.de/bathy/m127/M127_working_area/0187_20160531_041202_M127_EM122.all,22867968,swath,22868872,200,skip_present,22868872,1b5c80e50563acf6e2fde5bb1bf32e244b22c5ec4b8f115f2556ac9f6f8ba25b,True
M127_EM122,0188_20160531_044208_M127_EM122.all,https://hs.pangaea.de/bathy/m127/M127_working_area/0188_20160531_044208_M127_EM122.all,22797312,swath,22797806,200,skip_present,22797806,5676cc60273dd625a850ad1c6b5619ff049faebd5252c82fa0e1195f7ad3a4d9,True
M127_EM122,0189_20160531_051204_M127_EM122.all,https://hs.pangaea.de/bathy/m127/M127_working_area/0189_20160531_051204_M127_EM122.all,23392256,swath,23392806,200,skip_present,23392806,6117ce8b725c978025f87c40534402d280713addd4f7ef55757e9a4d6d231c07,True
M127_EM122,0190_20160531_054211_M127_EM122.all,https://hs.pangaea.de/bathy/m127/M127_working_area/0190_20160531_054211_M127_EM122.all,23773184,swath,23774206,200,skip_present,23774206,fbdd167643567925151564b03f3a84e6bd9c3e277ee6ebdba28e83f13fb8e0f0,True
M127_EM122,0191_20160531_061207_M127_EM122.all,https://hs.pangaea.de/bathy/m127/M127_working_area/0191_20160531_061207_M127_EM122.all,23767040,swath,23768052,200,skip_present,23768052,546bf2584fc6924475f26654f43015abf9ca07474b9419ff70e5c1e6df51b6c6,True
M127_EM122,0192_20160531_064210_M127_EM122.all,https://hs.pangaea.de/bathy/m127/M127_working_area/0192_20160531_064210_M127_EM122.all,22766592,swath,22767586,200,skip_present,22767586,5d35301ccd426719341c0f214c12842f480d0a4f41e15dfdc00f6ca83b15769d,True
M127_EM122,0193_20160531_071202_M127_EM122.all,https://hs.pangaea.de/bathy/m127/M127_working_area/0193_20160531_071202_M127_EM122.all,22910976,swath,22911930,200,skip_present,22911930,37589dfd9b07f8524123af7e507c2099f11efa891f6a711008fe6de6df6bf767,True
M127_EM122,0194_20160531_074205_M127_EM122.all,https://hs.pangaea.de/bathy/m127/M127_working_area/0194_20160531_074205_M127_EM122.all,23355392,swath,23355414,200,skip_present,23355414,4e1cd2b7f759aaffb35430424d7da28e7a1ad1abe03db4fd95f219feed786c84,True
M127_EM122,0195_20160531_081204_M127_EM122.all,https://hs.pangaea.de/bathy/m127/M127_working_area/0195_20160531_081204_M127_EM122.all,23190528,swath,23190824,200,skip_present,23190824,56a3bb1e08b754d39cbc8af26624ce77f927e991c3f815ce58aff15c772bb7f6,True
M127_EM122,0196_20160531_084207_M127_EM122.all,https://hs.pangaea.de/bathy/m127/M127_working_area/0196_20160531_084207_M127_EM122.all,23391232,swath,23391992,200,skip_present,23391992,65d7392c9c8bb0f6c8ae626a4a5d5bd5586eb0454d30eca7bd5b558a6fc22d50,True
M127_EM122,0197_20160531_091206_M127_EM122.all,https://hs.pangaea.de/bathy/m127/M127_working_area/0197_20160531_091206_M127_EM122.all,6798336,swath,6799238,200,skip_present,6799238,b29e45b102cca823ac67f8185dbde04eca43b1dd37ff55f1e2acaea0a56890af,True
M127_EM122,0000_20160531_220747_M127_EM122.all,https://hs.pangaea.de/bathy/m127/M127_working_area/0000_20160531_220747_M127_EM122.all,25383936,swath,25384544,200,skip_present,25384544,604322bae5424af29eb60d7b7efecab80a67973ea7d11d5f25dd57784c77f442,True
M127_EM122,0001_20160531_223744_M127_EM122.all,https://hs.pangaea.de/bathy/m127/M127_working_area/0001_20160531_223744_M127_EM122.all,16775168,swath,16775894,200,skip_present,16775894,75a7bf5f2a2a4f6f625883cf666fabecae3c45bfea57586db5be02d73182c57a,True
M127_EM122,0002_20160531_225718_M127_EM122.all,https://hs.pangaea.de/bathy/m127/M127_working_area/0002_20160531_225718_M127_EM122.all,23896064,swath,23896428,200,skip_present,23896428,fc22f0548648a224f4dd4839206c17cb8478679358dcf4cde845465989d7ef6c,True
M127_EM122,0003_20160531_232725_M127_EM122.all,https://hs.pangaea.de/bathy/m127/M127_working_area/0003_20160531_232725_M127_EM122.all,23941120,swath,23941148,200,skip_present,23941148,1679e629f710f21260ad18f688206076146528f29ef807bffc482747849a2c52,True
M127_EM122,0004_20160531_235721_M127_EM122.all,https://hs.pangaea.de/bathy/m127/M127_working_area/0004_20160531_235721_M127_EM122.all,23535616,swath,23535800,200,skip_present,23535800,aa3a943cfccff0a641a51dc5aaf34394b3f56258d33609b86fd55718817c7b72,True
M127_EM122,0005_20160601_002724_M127_EM122.all,https://hs.pangaea.de/bathy/m127/M127_working_area/0005_20160601_002724_M127_EM122.all,23369728,swath,23370270,200,skip_present,23370270,3794acb82cda219349759bd3d2f689bd865e7aaab02a442cc8dd742cf4727ee1,True
M127_EM122,0006_20160601_005722_M127_EM122.all,https://hs.pangaea.de/bathy/m127/M127_working_area/0006_20160601_005722_M127_EM122.all,23119872,swath,23120612,200,skip_present,23120612,269599a76c699eba1b1766c33087a5224b379f150bf77a2a1d0cc60a92ff8b87,True
M127_EM122,0007_20160601_012726_M127_EM122.all,https://hs.pangaea.de/bathy/m127/M127_working_area/0007_20160601_012726_M127_EM122.all,22952960,swath,22953196,200,skip_present,22953196,15901f5ac5118a7b225955ee5b92adbb0529ec883be29123a233295142f891e6,True
M127_EM122,0008_20160601_015720_M127_EM122.all,https://hs.pangaea.de/bathy/m127/M127_working_area/0008_20160601_015720_M127_EM122.all,23666688,swath,23666894,200,skip_present,23666894,cbdfcbac1c7c82ec2d5e13f81727f4fdc6fedee86496a7a87680443f14529d52,True
M127_EM122,0009_20160601_022726_M127_EM122.all,https://hs.pangaea.de/bathy/m127/M127_working_area/0009_20160601_022726_M127_EM122.all,25144320,swath,25144884,200,skip_present,25144884,19163f92b82fc9a86e698acdbcc0dedde228d498db3ed343612ce34c811b648a,True
M127_EM122,0010_20160601_025720_M127_EM122.all,https://hs.pangaea.de/bathy/m127/M127_working_area/0010_20160601_025720_M127_EM122.all,24338432,swath,24338728,200,skip_present,24338728,58c87971359eb346e4117322ea08f57a0da9c76a0b811f5708c68d81534a1cfb,True
M127_EM122,0011_20160601_032723_M127_EM122.all,https://hs.pangaea.de/bathy/m127/M127_working_area/0011_20160601_032723_M127_EM122.all,23581696,swath,23582330,200,skip_present,23582330,31b77a247eb14f343e68ad6f5f7fdf14683bb1db22ea0614f097fc15b46b857c,True
M127_EM122,0012_20160601_035724_M127_EM122.all,https://hs.pangaea.de/bathy/m127/M127_working_area/0012_20160601_035724_M127_EM122.all,23115776,swath,23116230,200,skip_present,23116230,d723a3087d56d9b5d99a787422026874db2d9463d46a1b9aeb682791691310f5,True
M127_EM122,0013_20160601_042721_M127_EM122.all,https://hs.pangaea.de/bathy/m127/M127_working_area/0013_20160601_042721_M127_EM122.all,23226368,swath,23227386,200,skip_present,23227386,2f9f809e5bd3d79e433ddf7d489d1a0bf00e3c07c33e1df671b9912e2ed50e4f,True
M127_EM122,0014_20160601_045723_M127_EM122.all,https://hs.pangaea.de/bathy/m127/M127_working_area/0014_20160601_045723_M127_EM122.all,22924288,swath,22925128,200,skip_present,22925128,3d16aa8e80b1c2d9149a36eaccd366e99b379b84036e6cb4f02105a7d009d284,True
M127_EM122,0015_20160601_052722_M127_EM122.all,https://hs.pangaea.de/bathy/m127/M127_working_area/0015_20160601_052722_M127_EM122.all,23017472,swath,23018160,200,skip_present,23018160,e84a5b34c90b0479ab53d3d42a0e55c790781632ece3d8b9266b472aa1f4eea4,True
M127_EM122,0016_20160601_055720_M127_EM122.all,https://hs.pangaea.de/bathy/m127/M127_working_area/0016_20160601_055720_M127_EM122.all,22788096,swath,22788850,200,skip_present,22788850,fe63e6bc4f6862c0ae52cd9925499aa7b4b25d18d92554edfa226f42aec30b9a,True
M127_EM122,0017_20160601_062718_M127_EM122.all,https://hs.pangaea.de/bathy/m127/M127_working_area/0017_20160601_062718_M127_EM122.all,23946240,swath,23946792,200,skip_present,23946792,5e17a0fcb4b756ab21ff2b5fc60abb45d5b878613e92e07459668d5b0cfa2039,True
M127_EM122,0018_20160601_065722_M127_EM122.all,https://hs.pangaea.de/bathy/m127/M127_working_area/0018_20160601_065722_M127_EM122.all,25773056,swath,25774020,200,skip_present,25774020,dc098c2e7a635f169cb6ada5c3d48dd00759798f93d5327a4eea8d7cbaac6798,True
M127_EM122,0019_20160601_072718_M127_EM122.all,https://hs.pangaea.de/bathy/m127/M127_working_area/0019_20160601_072718_M127_EM122.all,23840768,swath,23841646,200,skip_present,23841646,8e78aba523984f339ad10ae235fa7e8fba07865351509988b249a09cc5d36238,True
M127_EM122,0020_20160601_075722_M127_EM122.all,https://hs.pangaea.de/bathy/m127/M127_working_area/0020_20160601_075722_M127_EM122.all,4076544,swath,4077386,200,skip_present,4077386,9c2c6e58cc39b8458ca02f3d748a97c3f69c3ef9b0e88404f8606c5604960afe,True
M127_EM122,0000_20160602_072325_M127_EM122.all,https://hs.pangaea.de/bathy/m127/M127_working_area/0000_20160602_072325_M127_EM122.all,24184832,swath,24184898,200,skip_present,24184898,b65648cb59de389bd81468181aafc9e9be1a164fe3def7fe9148d1417ace9684,True
M127_EM122,0001_20160602_075331_M127_EM122.all,https://hs.pangaea.de/bathy/m127/M127_working_area/0001_20160602_075331_M127_EM122.all,2682880,swath,2683522,200,skip_present,2683522,35dea55eddbef0bf79acde84ec77f160ca442fe14939468a7d59fe68db6e5440,True
M127_EM122,0002_20160602_075836_M127_EM122.all,https://hs.pangaea.de/bathy/m127/M127_working_area/0002_20160602_075836_M127_EM122.all,26816512,swath,26816948,200,skip_present,26816948,f498e04c3c4fd150cb0f203ff98eacc3aeff6cdbd160c0000af9142d62c4d61b,True
M127_EM122,0003_20160602_082833_M127_EM122.all,https://hs.pangaea.de/bathy/m127/M127_working_area/0003_20160602_082833_M127_EM122.all,27013120,swath,27013284,200,skip_present,27013284,978c78c3c6f2fd5cc4f5ab1f3dd434baca5e126c2c7922655c97c17b7561b94e,True
M127_EM122,0004_20160602_085832_M127_EM122.all,https://hs.pangaea.de/bathy/m127/M127_working_area/0004_20160602_085832_M127_EM122.all,21295104,swath,21295846,200,skip_present,21295846,95779596bd4c54515838d99761e426631a3d578b39e9d3f47b596716be5e18fb,True
M127_EM122,0005_20160602_163402_M127_EM122.all,https://hs.pangaea.de/bathy/m127/M127_working_area/0005_20160602_163402_M127_EM122.all,19419136,swath,19420152,200,skip_present,19420152,c118d644215711e032560917c94e42341207ca1b9bab452be3fd30171cec1703,True
M127_EM122,0006_20160602_170408_M127_EM122.all,https://hs.pangaea.de/bathy/m127/M127_working_area/0006_20160602_170408_M127_EM122.all,13468672,swath,13468768,200,skip_present,13468768,0fa66da2c12fe0e5dce5760fc2a2c2d0732fa2d7f3f06126ab7db042ac484f1b,True
M127_EM122,0000_20160603_031251_M127_EM122.all,https://hs.pangaea.de/bathy/m127/M127_working_area/0000_20160603_031251_M127_EM122.all,23776256,swath,23776510,200,skip_present,23776510,c0f2fb6273ffedecff5b2df34412ccf00abd69c949125a61cf22e68a684b51aa,True
M127_EM122,0001_20160603_034253_M127_EM122.all,https://hs.pangaea.de/bathy/m127/M127_working_area/0001_20160603_034253_M127_EM122.all,23948288,swath,23948486,200,skip_present,23948486,d5c6cff8583a63443ab6583ff66c4e0538068b30549024e07a49c94ead83bf82,True
M127_EM122,0002_20160603_041248_M127_EM122.all,https://hs.pangaea.de/bathy/m127/M127_working_area/0002_20160603_041248_M127_EM122.all,23437312,swath,23437598,200,skip_present,23437598,e82b3a7932444f027fa0e0ca536ed1b5708f086ee06600d9dc9731e50d394ebe,True
M127_EM122,0003_20160603_044252_M127_EM122.all,https://hs.pangaea.de/bathy/m127/M127_working_area/0003_20160603_044252_M127_EM122.all,24118272,swath,24118302,200,skip_present,24118302,c5ddc72ae4bdce75598f2d7a8096513eb27215687160739340c606b63c932861,True
M127_EM122,0004_20160603_051252_M127_EM122.all,https://hs.pangaea.de/bathy/m127/M127_working_area/0004_20160603_051252_M127_EM122.all,25805824,swath,25806036,200,skip_present,25806036,5068d5de2dbd8a10fa8ec821439780cce6e667aadff0018458ab20d22fd42d01,True
M127_EM122,0005_20160603_054252_M127_EM122.all,https://hs.pangaea.de/bathy/m127/M127_working_area/0005_20160603_054252_M127_EM122.all,35262464,swath,35263196,200,skip_present,35263196,db24371880e91dc9c9217d58bf5b268bf5b54859f94b5a5f54ec6c60b22117b7,True
M127_EM122,0006_20160603_061249_M127_EM122.all,https://hs.pangaea.de/bathy/m127/M127_working_area/0006_20160603_061249_M127_EM122.all,38777856,swath,38778606,200,skip_present,38778606,f86307c0b8731d84b19cb19e3dc8fc1adea579d8f6107e41965cc2bb1d84d438,True
M127_EM122,0007_20160603_064249_M127_EM122.all,https://hs.pangaea.de/bathy/m127/M127_working_area/0007_20160603_064249_M127_EM122.all,26918912,swath,26919074,200,skip_present,26919074,6f4764cceab30ae88d7b516dfb1711c74233b39d7fde851aa19fcd1a9e1653f6,True
M127_EM122,0008_20160603_071250_M127_EM122.all,https://hs.pangaea.de/bathy/m127/M127_working_area/0008_20160603_071250_M127_EM122.all,25153536,swath,25154472,200,skip_present,25154472,03980982ba91381fb3c6436d928f6937eba6c5dfa95e9e9705ad70a12f1123fb,True
M127_EM122,0009_20160603_074257_M127_EM122.all,https://hs.pangaea.de/bathy/m127/M127_working_area/0009_20160603_074257_M127_EM122.all,5676032,swath,5676112,200,skip_present,5676112,655fa4fa5984113dbabafecb0e0ea53ca29e1071ab5dbab6d609f40d614ff1b3,True
M127_EM122,0010_20160603_075000_M127_EM122.all,https://hs.pangaea.de/bathy/m127/M127_working_area/0010_20160603_075000_M127_EM122.all,23398400,swath,23398990,200,skip_present,23398990,7fb975d1c9760f42b3f21d9c0efb4344e98b44257b70c2123d7f6a9fd0a37c99,True
M127_EM122,0011_20160603_082000_M127_EM122.all,https://hs.pangaea.de/bathy/m127/M127_working_area/0011_20160603_082000_M127_EM122.all,22910976,swath,22911548,200,skip_present,22911548,88754dec0bb67685aa310d54084665b695f4303b7cf9451bfc765d09e59a77d4,True
M127_EM122,0012_20160603_084957_M127_EM122.all,https://hs.pangaea.de/bathy/m127/M127_working_area/0012_20160603_084957_M127_EM122.all,5011456,swath,5012250,200,skip_present,5012250,b0434af0a5ff129939c07faec7da42d773d9f51a84e91ffebb4798e904a7b246,True
M127_EM122,0000_20160606_211544_M127_EM122.all,https://hs.pangaea.de/bathy/m127/M127_working_area/0000_20160606_211544_M127_EM122.all,23407616,swath,23407628,200,skip_present,23407628,7f5925b50587b65e5f63e98f8d250559401f55dd0c5f946e11400d15b37322f9,True
M127_EM122,0001_20160606_214542_M127_EM122.all,https://hs.pangaea.de/bathy/m127/M127_working_area/0001_20160606_214542_M127_EM122.all,23656448,swath,23657204,200,skip_present,23657204,867bee58e3b8e03af2b9738b79d6b31665b01674207eaef41f52cdb536a50e4d,True
M127_EM122,0002_20160606_221546_M127_EM122.all,https://hs.pangaea.de/bathy/m127/M127_working_area/0002_20160606_221546_M127_EM122.all,23605248,swath,23606224,200,skip_present,23606224,e28434b715d182fc425606052117b251ad1ffd31dcdd7dd537247b1b692ba827,True
M127_EM122,0003_20160606_224547_M127_EM122.all,https://hs.pangaea.de/bathy/m127/M127_working_area/0003_20160606_224547_M127_EM122.all,23236608,swath,23236632,200,skip_present,23236632,0658401333b2bc33a4343465e9478c1cdc71d556eaaeb8bb2f081f58cb37021c,True
M127_EM122,0004_20160606_231541_M127_EM122.all,https://hs.pangaea.de/bathy/m127/M127_working_area/0004_20160606_231541_M127_EM122.all,23546880,swath,23547490,200,skip_present,23547490,2fef90c981400f21848393edb3ec037ec94da8753df4f0ab74c6d673dc2b01b0,True
M127_EM122,0005_20160606_234539_M127_EM122.all,https://hs.pangaea.de/bathy/m127/M127_working_area/0005_20160606_234539_M127_EM122.all,23148544,swath,23148784,200,skip_present,23148784,b803c49122de246d023bf002b61c889987e4dd65369620773ed3763d4483287d,True
M127_EM122,0006_20160607_001547_M127_EM122.all,https://hs.pangaea.de/bathy/m127/M127_working_area/0006_20160607_001547_M127_EM122.all,24141824,swath,24141888,200,skip_present,24141888,5edf92a65cef9df276b6bd5b47c9b504052bc9bd77c7f1c8fb117ec0311b7617,True
M127_EM122,0007_20160607_004540_M127_EM122.all,https://hs.pangaea.de/bathy/m127/M127_working_area/0007_20160607_004540_M127_EM122.all,24458240,swath,24458894,200,skip_present,24458894,3158ff183d28fa6fb197f882842a7979b4c61ae80da0fabe900dcf2c2911fdb2,True
M127_EM122,0008_20160607_011545_M127_EM122.all,https://hs.pangaea.de/bathy/m127/M127_working_area/0008_20160607_011545_M127_EM122.all,23810048,swath,23810450,200,skip_present,23810450,9f80f7b39e96f81329c59cbcd0dbc3d5f2a634a403e5338225318f68782a83f3,True
M127_EM122,0009_20160607_014542_M127_EM122.all,https://hs.pangaea.de/bathy/m127/M127_working_area/0009_20160607_014542_M127_EM122.all,23888896,swath,23889776,200,skip_present,23889776,e505d00224071f78580fd0776f87049578e31ff5bd54a9f4bfea55132129dc5e,True
M127_EM122,0010_20160607_021546_M127_EM122.all,https://hs.pangaea.de/bathy/m127/M127_working_area/0010_20160607_021546_M127_EM122.all,23689216,swath,23689558,200,skip_present,23689558,6e19c5bf608c3cf42654de0c2e09abbbb45b82d078ebb486814e7b74025702d2,True
M127_EM122,0011_20160607_024545_M127_EM122.all,https://hs.pangaea.de/bathy/m127/M127_working_area/0011_20160607_024545_M127_EM122.all,23446528,swath,23446732,200,skip_present,23446732,cd4cab150e5332f433146ba8a39cc674f8a01c2c42de49cdf0bdb1c8aa1d9ae0,True
M127_EM122,0012_20160607_031541_M127_EM122.all,https://hs.pangaea.de/bathy/m127/M127_working_area/0012_20160607_031541_M127_EM122.all,24079360,swath,24079772,200,skip_present,24079772,01b69d1634d6441d79f0bb1aa143d6cac5d931db41fb8b2cfcd4a6fc3bbc09e2,True
M127_EM122,0013_20160607_034546_M127_EM122.all,https://hs.pangaea.de/bathy/m127/M127_working_area/0013_20160607_034546_M127_EM122.all,22919168,swath,22919402,200,skip_present,22919402,2e713f411240d221c44a5b4abe5df234eaeaf2041a22db0db833488741a89ec3,True
M127_EM122,0014_20160607_041545_M127_EM122.all,https://hs.pangaea.de/bathy/m127/M127_working_area/0014_20160607_041545_M127_EM122.all,23351296,swath,23351682,200,skip_present,23351682,a8b8113fa76f6fb15db5895ae4692c750c0c108d5b371f8d426d0a7d257c8f85,True
M127_EM122,0015_20160607_044541_M127_EM122.all,https://hs.pangaea.de/bathy/m127/M127_working_area/0015_20160607_044541_M127_EM122.all,24573952,swath,24573964,200,skip_present,24573964,dc9535b5c525351d92765fd26c45ff55a3d783f21713bd01cd450099d86b7966,True
M127_EM122,0016_20160607_051545_M127_EM122.all,https://hs.pangaea.de/bathy/m127/M127_working_area/0016_20160607_051545_M127_EM122.all,25090048,swath,25090688,200,skip_present,25090688,3b2770e342e464bdf5a58fc5437566e559340e98cec60200e42528713630ec7d,True
M127_EM122,0017_20160607_054543_M127_EM122.all,https://hs.pangaea.de/bathy/m127/M127_working_area/0017_20160607_054543_M127_EM122.all,24205312,swath,24205344,200,skip_present,24205344,3fdb1abbcc80dc3a1506f8d0b515eb9ee37806122936df539360138ddc337cf9,True
M127_EM122,0018_20160607_061540_M127_EM122.all,https://hs.pangaea.de/bathy/m127/M127_working_area/0018_20160607_061540_M127_EM122.all,23074816,swath,23074980,200,skip_present,23074980,2f68590966df8e4c9a37d6668d387ed988df484a47ba273c156083e30daa1ed4,True
M127_EM122,0019_20160607_064543_M127_EM122.all,https://hs.pangaea.de/bathy/m127/M127_working_area/0019_20160607_064543_M127_EM122.all,23279616,swath,23280622,200,skip_present,23280622,9409eab7e05dd0572db8840925a13e44262af2ccffacd27cdad07b6da6f9ab6a,True
M127_EM122,0020_20160607_071540_M127_EM122.all,https://hs.pangaea.de/bathy/m127/M127_working_area/0020_20160607_071540_M127_EM122.all,24268800,swath,24269280,200,skip_present,24269280,5fbe81575141e55fdc0291122fd19caaae162d8a9c250de792e929aaec21c648,True
M127_EM122,0021_20160607_074544_M127_EM122.all,https://hs.pangaea.de/bathy/m127/M127_working_area/0021_20160607_074544_M127_EM122.all,24402944,swath,24403066,200,skip_present,24403066,938aaa113eb749bed1ef29fa4c9440bec2284a5b9fae85f56a7dd6d69cdde0de,True
M127_EM122,0022_20160607_081539_M127_EM122.all,https://hs.pangaea.de/bathy/m127/M127_working_area/0022_20160607_081539_M127_EM122.all,23904256,swath,23904988,200,skip_present,23904988,5d650f7546c5256d848229bcaca5746aa5cb4d45262c9e9e51733a5c88ffe37e,True
M127_EM122,0023_20160607_084548_M127_EM122.all,https://hs.pangaea.de/bathy/m127/M127_working_area/0023_20160607_084548_M127_EM122.all,24134656,swath,24135442,200,skip_present,24135442,e1fae4963209105390de21c4223b1a8193be173e0d722ccf092425ff77265ce7,True
M127_EM122,0024_20160607_091542_M127_EM122.all,https://hs.pangaea.de/bathy/m127/M127_working_area/0024_20160607_091542_M127_EM122.all,24100864,swath,24101818,200,skip_present,24101818,337e0727e9b3054fc9bad56f73d67027f1d7b6958909ccc5e51f2ff34a489db5,True
M127_EM122,0025_20160607_094542_M127_EM122.all,https://hs.pangaea.de/bathy/m127/M127_working_area/0025_20160607_094542_M127_EM122.all,8785920,swath,8786512,200,skip_present,8786512,126f3cd4ae809e68d9e0a3ea3f690156f9d80438e2727a59495b7f9e6c3d1d6a,True
M127_EM122,0026_20160607_103340_M127_EM122.all,https://hs.pangaea.de/bathy/m127/M127_working_area/0026_20160607_103340_M127_EM122.all,23075840,swath,23076506,200,skip_present,23076506,89cef58d4eddc8d8e3d9d325adaa6975155412667d3a871d7506456d2de378c5,True
M127_EM122,0027_20160607_110345_M127_EM122.all,https://hs.pangaea.de/bathy/m127/M127_working_area/0027_20160607_110345_M127_EM122.all,2111488,swath,2112096,200,skip_present,2112096,16004bc5562f2437335de04eee958015b15d495df88ac7c11a91c89870751419,True
M127_EM122,0000_20160610_151115_M127_EM122.all,https://hs.pangaea.de/bathy/m127/M127_working_area/0000_20160610_151115_M127_EM122.all,24142848,swath,24143538,200,skip_present,24143538,28aaec8ab041e03b24c750a3e70bd90841673a537346d3d55b21498d6dfa83d0,True
M127_EM122,0001_20160610_154111_M127_EM122.all,https://hs.pangaea.de/bathy/m127/M127_working_area/0001_20160610_154111_M127_EM122.all,24078336,swath,24079086,200,skip_present,24079086,327fd9fab51d93b338fe3ef3a262bb9ac18da3590124cbb2f31964b52837842c,True
M127_EM122,0002_20160610_161120_M127_EM122.all,https://hs.pangaea.de/bathy/m127/M127_working_area/0002_20160610_161120_M127_EM122.all,5653504,swath,5654256,200,skip_present,5654256,7ec2fc8ffedc6bb7a749b980093a12a1cd20953e983cfc6c9c6468f386a5418a,True
M127_EM122,0003_20160610_163615_M127_EM122.all,https://hs.pangaea.de/bathy/m127/M127_working_area/0003_20160610_163615_M127_EM122.all,23464960,swath,23465010,200,skip_present,23465010,3f6774d21aa2397229adcde7baa4f1b6f695e3ed24b1b02c197a1360156bf886,True
M127_EM122,0004_20160610_170618_M127_EM122.all,https://hs.pangaea.de/bathy/m127/M127_working_area/0004_20160610_170618_M127_EM122.all,24517632,swath,24518192,200,skip_present,24518192,0381930c7c75ea4ff7641f13a06bbd6f5e543cb2cb961f945f1e3ff60988827c,True
M127_EM122,0005_20160610_173616_M127_EM122.all,https://hs.pangaea.de/bathy/m127/M127_working_area/0005_20160610_173616_M127_EM122.all,23775232,swath,23776080,200,skip_present,23776080,6c9c63f446795f7cc1df03c4335142104cd3a40d6a55b724fd0119da12fc5b30,True
M127_EM122,0006_20160610_180616_M127_EM122.all,https://hs.pangaea.de/bathy/m127/M127_working_area/0006_20160610_180616_M127_EM122.all,24627200,swath,24627906,200,skip_present,24627906,a4cde91ae0d295933b2c1bfcd2957c70995cae728c246042528dacc0953548cd,True
M127_EM122,0007_20160610_183614_M127_EM122.all,https://hs.pangaea.de/bathy/m127/M127_working_area/0007_20160610_183614_M127_EM122.all,24345600,swath,24345604,200,skip_present,24345604,c5f4a3689eb109c3e78c171a6e91f2c7d5c3743abae0e076d4ba20bc4333eac7,True
M127_EM122,0008_20160610_190612_M127_EM122.all,https://hs.pangaea.de/bathy/m127/M127_working_area/0008_20160610_190612_M127_EM122.all,24783872,swath,24784798,200,skip_present,24784798,f147b098231b759c94a2e4af2a66b2ecba121e8e8dc770cc818ffa3c2d52f4f5,True
M127_EM122,0009_20160610_193612_M127_EM122.all,https://hs.pangaea.de/bathy/m127/M127_working_area/0009_20160610_193612_M127_EM122.all,25706496,swath,25707082,200,skip_present,25707082,6bf82943615303aff1871f9c53761df1b46dc8c5253ff254334b855942ffdccd,True
M127_EM122,0010_20160610_200614_M127_EM122.all,https://hs.pangaea.de/bathy/m127/M127_working_area/0010_20160610_200614_M127_EM122.all,27056128,swath,27056838,200,skip_present,27056838,152be326264ac90bb95e13ede3554fa5c2d40691e141c42d53b99ec5244185a7,True
M127_EM122,0011_20160610_203611_M127_EM122.all,https://hs.pangaea.de/bathy/m127/M127_working_area/0011_20160610_203611_M127_EM122.all,26442752,swath,26443290,200,skip_present,26443290,442a3b393b416418bb726e80ef15c2d186d115f2eb385888630d00aea69e1029,True
M127_EM122,0012_20160610_210613_M127_EM122.all,https://hs.pangaea.de/bathy/m127/M127_working_area/0012_20160610_210613_M127_EM122.all,25381888,swath,25382040,200,skip_present,25382040,a0f9274291060f93daffdb9f12d2c7331d86c062b9a3e95cb1728df6eae46807,True
M127_EM122,0013_20160610_213614_M127_EM122.all,https://hs.pangaea.de/bathy/m127/M127_working_area/0013_20160610_213614_M127_EM122.all,25167872,swath,25168402,200,skip_present,25168402,4cab2903b2aa692cfcbbf2910759755c43a33a5951e92c15bd58bd50a401f2dc,True
M127_EM122,0014_20160610_220612_M127_EM122.all,https://hs.pangaea.de/bathy/m127/M127_working_area/0014_20160610_220612_M127_EM122.all,20686848,swath,20687270,200,skip_present,20687270,1d0e3b1dd47e28c84ddfe0344d543255ab4fa8a5092e62924d5eac867b2a7fe2,True
M127_EM122,0000_20160611_153059_M127_EM122.all,https://hs.pangaea.de/bathy/m127/M127_working_area/0000_20160611_153059_M127_EM122.all,23980032,swath,23981052,200,skip_present,23981052,d2aeae010a00ed0172ca4feb0da4f93858ad914d497f4d063700206fb6d9e06a,True
M127_EM122,0001_20160611_160057_M127_EM122.all,https://hs.pangaea.de/bathy/m127/M127_working_area/0001_20160611_160057_M127_EM122.all,24581120,swath,24581140,200,skip_present,24581140,d463f37fcda8f5216c8b3636e09517337eef1b0fc549f6337c577e2881945667,True
M127_EM122,0002_20160611_163054_M127_EM122.all,https://hs.pangaea.de/bathy/m127/M127_working_area/0002_20160611_163054_M127_EM122.all,25399296,swath,25399336,200,skip_present,25399336,f79f2edeb61e8168787cab785b264d8ff0275136ab22e7d3dfd76f74c7a2c25e,True
M127_EM122,0003_20160611_170051_M127_EM122.all,https://hs.pangaea.de/bathy/m127/M127_working_area/0003_20160611_170051_M127_EM122.all,25586688,swath,25586694,200,skip_present,25586694,2b720887a766b71ccb2d29450f32ec81185a3730a4ceb2c4a4c57c2f33f8c9c6,True
M127_EM122,0004_20160611_173054_M127_EM122.all,https://hs.pangaea.de/bathy/m127/M127_working_area/0004_20160611_173054_M127_EM122.all,24109056,swath,24109426,200,skip_present,24109426,7d9a489eecdaa5767cb4d72b1b22f0230490904ae34ea7d77d5d9a3ed89be702,True
M127_EM122,0005_20160611_180053_M127_EM122.all,https://hs.pangaea.de/bathy/m127/M127_working_area/0005_20160611_180053_M127_EM122.all,24280064,swath,24280066,200,skip_present,24280066,191c13130c12a3b86c941a1a88f03f44c305ee01621e6d2451aac6ea0a2ddbcb,True
M127_EM122,0006_20160611_183054_M127_EM122.all,https://hs.pangaea.de/bathy/m127/M127_working_area/0006_20160611_183054_M127_EM122.all,24244224,swath,24244672,200,fetched,24244672,e8ea445326c6b95f915960326ce67346b19ec54b645dc186262c830e1b6a7d1c,True
M127_EM122,0007_20160611_190058_M127_EM122.all,https://hs.pangaea.de/bathy/m127/M127_working_area/0007_20160611_190058_M127_EM122.all,24863744,swath,24864240,200,skip_present,24864240,ba8da18e9d631714a245675d64b5786cd9bff504fadb7d13d229ac78ceab27a9,True
M127_EM122,0008_20160611_193054_M127_EM122.all,https://hs.pangaea.de/bathy/m127/M127_working_area/0008_20160611_193054_M127_EM122.all,24984576,swath,24985182,200,skip_present,24985182,21fb4c54b566a65ab58f2280ba058fefa7bf16c4decbdecd6106cc0e95992c34,True
M127_EM122,0009_20160611_200057_M127_EM122.all,https://hs.pangaea.de/bathy/m127/M127_working_area/0009_20160611_200057_M127_EM122.all,25156608,swath,25156758,200,skip_present,25156758,34717e39ed73fbb528c74e870fa4f4914e3fd14aacb46d399eaecd172a1c1006,True
M127_EM122,0010_20160611_203051_M127_EM122.all,https://hs.pangaea.de/bathy/m127/M127_working_area/0010_20160611_203051_M127_EM122.all,25459712,swath,25460164,200,skip_present,25460164,8b5d8e3c549dd747336ca710bab0fea860f7ea8daad37a42888f0a95cd1f438a,True
M127_EM122,0011_20160611_210057_M127_EM122.all,https://hs.pangaea.de/bathy/m127/M127_working_area/0011_20160611_210057_M127_EM122.all,24750080,swath,24750614,200,skip_present,24750614,1abf89e88f5c3fbb2d4c38b103745b712196fdeb41106a6c7c38410527d24ec1,True
M127_EM122,0012_20160611_213056_M127_EM122.all,https://hs.pangaea.de/bathy/m127/M127_working_area/0012_20160611_213056_M127_EM122.all,25544704,swath,25545066,200,skip_present,25545066,4949ca6352bdfaa578e6dcc63d92ac8c14976dd42bf0b59335a7570eab4360f3,True
M127_EM122,0013_20160611_220058_M127_EM122.all,https://hs.pangaea.de/bathy/m127/M127_working_area/0013_20160611_220058_M127_EM122.all,23426048,swath,23426854,200,skip_present,23426854,6939ea05f60d8b142d18b61a98f89325c08c5ef9a1ac398bf355a839302cef16,True
M127_EM122,0014_20160611_223055_M127_EM122.all,https://hs.pangaea.de/bathy/m127/M127_working_area/0014_20160611_223055_M127_EM122.all,23337984,swath,23338078,200,skip_present,23338078,7749eab68ca2a26764283728f92292ab578960914fb590cefa5503adc1ceb06c,True
M127_EM122,0015_20160611_230058_M127_EM122.all,https://hs.pangaea.de/bathy/m127/M127_working_area/0015_20160611_230058_M127_EM122.all,23510016,swath,23510580,200,skip_present,23510580,6599ad9244e775de1ce94aed21925a0430c625f756ed45313ca991e53a95814d,True
M127_EM122,0016_20160611_233057_M127_EM122.all,https://hs.pangaea.de/bathy/m127/M127_working_area/0016_20160611_233057_M127_EM122.all,24544256,swath,24544764,200,skip_present,24544764,e9fbf729fd2ea3b155cb8775bea700d36c6e2e0dd3ba6e6374fde1920bc32bbb,True
M127_EM122,0017_20160612_000056_M127_EM122.all,https://hs.pangaea.de/bathy/m127/M127_working_area/0017_20160612_000056_M127_EM122.all,24629248,swath,24629640,200,skip_present,24629640,2f0ff298eb42de973a181540e993c2ec151c3151fab04e4918e54f21e65e97e5,True
M127_EM122,0018_20160612_003057_M127_EM122.all,https://hs.pangaea.de/bathy/m127/M127_working_area/0018_20160612_003057_M127_EM122.all,24297472,swath,24298066,200,skip_present,24298066,17b05121bd138077affbe8bd5119621ca579b2c2fbbe879e3d0cb8410e0364c1,True
M127_EM122,0019_20160612_010057_M127_EM122.all,https://hs.pangaea.de/bathy/m127/M127_working_area/0019_20160612_010057_M127_EM122.all,24388608,swath,24389068,200,skip_present,24389068,6e4101471d4fd131101eb509663b76d41480b1da69e5ce779f01027cc4a82742,True
M127_EM122,0020_20160612_013056_M127_EM122.all,https://hs.pangaea.de/bathy/m127/M127_working_area/0020_20160612_013056_M127_EM122.all,37621760,swath,37622034,200,skip_present,37622034,b51a9bf8ef526011beeeb33643831ee4f4ea5093e0e3495c45505e7783aac42e,True
M127_EM122,0021_20160612_020057_M127_EM122.all,https://hs.pangaea.de/bathy/m127/M127_working_area/0021_20160612_020057_M127_EM122.all,37505024,swath,37505402,200,skip_present,37505402,059c6318c725db0577cbd4d63229a0bfcac23da73c99d3830a17c8bfd349915d,True
M127_EM122,0022_20160612_023055_M127_EM122.all,https://hs.pangaea.de/bathy/m127/M127_working_area/0022_20160612_023055_M127_EM122.all,37484544,swath,37485466,200,skip_present,37485466,ace7805e1afdfd7e31998138d3b59e756ec156a621affb2a51f49fe863a688e0,True
M127_EM122,0023_20160612_030057_M127_EM122.all,https://hs.pangaea.de/bathy/m127/M127_working_area/0023_20160612_030057_M127_EM122.all,39905280,swath,39905750,200,skip_present,39905750,e883098131bacf73fa96fd67acad85cba3d579e3264a53a3e1d0ff607b2d2e3e,True
M127_EM122,0024_20160612_033059_M127_EM122.all,https://hs.pangaea.de/bathy/m127/M127_working_area/0024_20160612_033059_M127_EM122.all,33635328,swath,33635744,200,skip_present,33635744,0cbf01f5bb7183d0a13907dcee8f6109d92bffee7e6ae36cf631ed522661d629,True
M127_EM122,0025_20160612_040059_M127_EM122.all,https://hs.pangaea.de/bathy/m127/M127_working_area/0025_20160612_040059_M127_EM122.all,25446400,swath,25446588,200,skip_present,25446588,cbe881fec04e1a306004a2b0ad02a259bce10f2e43d393fa2880ebe49035f298,True
M127_EM122,0026_20160612_043056_M127_EM122.all,https://hs.pangaea.de/bathy/m127/M127_working_area/0026_20160612_043056_M127_EM122.all,24633344,swath,24634176,200,skip_present,24634176,bd5cb0759fa93fbc1fd0f388f51193163c824eda53d7c00e27d15dd6fcaa84e7,True
M127_EM122,0027_20160612_050100_M127_EM122.all,https://hs.pangaea.de/bathy/m127/M127_working_area/0027_20160612_050100_M127_EM122.all,23403520,swath,23404260,200,skip_present,23404260,6177a3ce7a224620c88f660f6aaafada48fa0313c0627cd21add873b48671629,True
M127_EM122,0028_20160612_053057_M127_EM122.all,https://hs.pangaea.de/bathy/m127/M127_working_area/0028_20160612_053057_M127_EM122.all,23573504,swath,23574392,200,skip_present,23574392,1fa73f091bd49b89b46512f8865f1bfff34322bf9d0458af1c9184375c1abf07,True
M127_EM122,0029_20160612_060055_M127_EM122.all,https://hs.pangaea.de/bathy/m127/M127_working_area/0029_20160612_060055_M127_EM122.all,24837120,swath,24837586,200,skip_present,24837586,5f8919aec7510a1d6abbd68c171394378d729b446eb1340791cad4a749f1f92a,True
M127_EM122,0030_20160612_063058_M127_EM122.all,https://hs.pangaea.de/bathy/m127/M127_working_area/0030_20160612_063058_M127_EM122.all,27323392,swath,27324078,200,skip_present,27324078,0527625f1177316ecc5a65e91b4d7f6cfcdcac5e5ebe0f53ba3259cf35897318,True
M127_EM122,0031_20160612_070053_M127_EM122.all,https://hs.pangaea.de/bathy/m127/M127_working_area/0031_20160612_070053_M127_EM122.all,31414272,swath,31415248,200,skip_present,31415248,dc4cb095dbe01568172469bd03c85b6c5dffeb78148f7209cecc609bb915bee1,True
M127_EM122,0032_20160612_073052_M127_EM122.all,https://hs.pangaea.de/bathy/m127/M127_working_area/0032_20160612_073052_M127_EM122.all,25330688,swath,25331300,200,skip_present,25331300,38bc5c66cbcb60843c43bf9ae39bd3004c4686090d9f8f73096966f0b7109958,True
M127_EM122,0033_20160612_080053_M127_EM122.all,https://hs.pangaea.de/bathy/m127/M127_working_area/0033_20160612_080053_M127_EM122.all,28368896,swath,28369740,200,skip_present,28369740,03ae0fc092c194c653b842741a1d90535ad56f3d08af16a19b826937ec6acece,True
M127_EM122,0034_20160612_083056_M127_EM122.all,https://hs.pangaea.de/bathy/m127/M127_working_area/0034_20160612_083056_M127_EM122.all,25715712,swath,25716358,200,skip_present,25716358,8c33c82f82b8b77026483ae33701374992bfcbe55f85a4c3fb42240b6b12cb66,True
M127_EM122,0035_20160612_090056_M127_EM122.all,https://hs.pangaea.de/bathy/m127/M127_working_area/0035_20160612_090056_M127_EM122.all,25829376,swath,25829882,200,skip_present,25829882,fcde146c3e34cdc8236830e3224f77a22ba745d9aa5c462459475fc0f99cb265,True
M127_EM122,0036_20160612_093059_M127_EM122.all,https://hs.pangaea.de/bathy/m127/M127_working_area/0036_20160612_093059_M127_EM122.all,36215808,swath,36216680,200,skip_present,36216680,e8b6d9031ca5dbc1b93655fb297336ba73b6224e1cc67927dc79d58a2e3e812f,True
M127_EM122,0037_20160612_100054_M127_EM122.all,https://hs.pangaea.de/bathy/m127/M127_working_area/0037_20160612_100054_M127_EM122.all,25271296,swath,25272126,200,skip_present,25272126,c68aa6d191ddf9877a06ab68e7528d5494fe76643fd77c8da1c3dd79e910fa4b,True
M127_EM122,0038_20160612_103059_M127_EM122.all,https://hs.pangaea.de/bathy/m127/M127_working_area/0038_20160612_103059_M127_EM122.all,31041536,swath,31042072,200,skip_present,31042072,9b0fdbdc7f0a327b50fe80d53c086c787b6004817ca282a9498f7ccfac3410a6,True
M127_EM122,0039_20160612_110057_M127_EM122.all,https://hs.pangaea.de/bathy/m127/M127_working_area/0039_20160612_110057_M127_EM122.all,25646080,swath,25646748,200,skip_present,25646748,11eb44cfb221dbeaacb378e9e21c608743451962e98beb0f78c21655dfa2124b,True
M127_EM122,0040_20160612_113057_M127_EM122.all,https://hs.pangaea.de/bathy/m127/M127_working_area/0040_20160612_113057_M127_EM122.all,33404928,swath,33405768,200,skip_present,33405768,73de120d63e665270eb312d500c07ccad9d2dd7bceec00973c446ca401a18a8f,True
M127_EM122,0041_20160612_120055_M127_EM122.all,https://hs.pangaea.de/bathy/m127/M127_working_area/0041_20160612_120055_M127_EM122.all,25104384,swath,25104530,200,skip_present,25104530,039c8ba780437fa27fbe3c98265d3781b85980eb33a7069379fe63ee05f2809f,True
M127_EM122,0042_20160612_123053_M127_EM122.all,https://hs.pangaea.de/bathy/m127/M127_working_area/0042_20160612_123053_M127_EM122.all,23760896,swath,23761430,200,skip_present,23761430,2596c397e3664a7e0316e62d4372514a1f52d28e8dc6fae74afb33d03baee80e,True
M127_EM122,0043_20160612_130100_M127_EM122.all,https://hs.pangaea.de/bathy/m127/M127_working_area/0043_20160612_130100_M127_EM122.all,23492608,swath,23493040,200,skip_present,23493040,5b0d17fe54f52803fdc531382896cd8f0cd47fb7f88f3e5a051cc94848794ae6,True
M127_EM122,0044_20160612_133101_M127_EM122.all,https://hs.pangaea.de/bathy/m127/M127_working_area/0044_20160612_133101_M127_EM122.all,24140800,swath,24141502,200,skip_present,24141502,a3eae4535cb5a5963ad086d680409f7b5afb7829480b118c7d0620463a516d7f,True
M127_EM122,0045_20160612_140053_M127_EM122.all,https://hs.pangaea.de/bathy/m127/M127_working_area/0045_20160612_140053_M127_EM122.all,25150464,swath,25151280,200,skip_present,25151280,7906fbec6101853452892ff6fce9a5948a5d04b240ee234108217bad1fbbe3d0,True
M127_EM122,0046_20160612_143057_M127_EM122.all,https://hs.pangaea.de/bathy/m127/M127_working_area/0046_20160612_143057_M127_EM122.all,23327744,swath,23328072,200,skip_present,23328072,51007b25153ee20db38e2920debb62e3353e4f17b3ecc0dbb443a98816d04f14,True
M127_EM122,0047_20160612_150053_M127_EM122.all,https://hs.pangaea.de/bathy/m127/M127_working_area/0047_20160612_150053_M127_EM122.all,13135872,swath,13136342,200,skip_present,13136342,ffd515fdf0d87b780d3362dffb25055fb70d89cd45165e2c6d32d0e0236d8c79,True
M127_EM122,0000_20160614_004847_M127_EM122.all,https://hs.pangaea.de/bathy/m127/M127_working_area/0000_20160614_004847_M127_EM122.all,28452864,swath,28453110,200,skip_present,28453110,8ddc3f21c5f5ea0e9d30f1328d3cb934899951d462114cf8780fe4cfc4375fd6,True
M127_EM122,0001_20160614_011852_M127_EM122.all,https://hs.pangaea.de/bathy/m127/M127_working_area/0001_20160614_011852_M127_EM122.all,28356608,swath,28357074,200,skip_present,28357074,4ebc730dce1b7920e89b2d945f70a867d3781b41109a4de73cd20deb328c9907,True
M127_EM122,0002_20160614_014851_M127_EM122.all,https://hs.pangaea.de/bathy/m127/M127_working_area/0002_20160614_014851_M127_EM122.all,25063424,swath,25063834,200,skip_present,25063834,5578d637984aa5521ea9f7099ee37ad7cca8151bd3134f88161e7f3bba4d714f,True
M127_EM122,0003_20160614_021852_M127_EM122.all,https://hs.pangaea.de/bathy/m127/M127_working_area/0003_20160614_021852_M127_EM122.all,25040896,swath,25040914,200,skip_present,25040914,a12512a3c30d9ba9fb77874c5f63e7b93951c70011e13f9c722ad51772ecb6c5,True
M127_EM122,0004_20160614_024852_M127_EM122.all,https://hs.pangaea.de/bathy/m127/M127_working_area/0004_20160614_024852_M127_EM122.all,25040896,swath,25041394,200,skip_present,25041394,6b7cf6ca4cf8f56c47b8de5b9d3bc22ff4df23eaac9f0e8e2ed31aec00c8bf40,True
M127_EM122,0005_20160614_031849_M127_EM122.all,https://hs.pangaea.de/bathy/m127/M127_working_area/0005_20160614_031849_M127_EM122.all,24657920,swath,24658442,200,skip_present,24658442,39941904195629fac01471936cbfcb9d4d172f22a931df7215ef8b7264e41068,True
M127_EM122,0006_20160614_034850_M127_EM122.all,https://hs.pangaea.de/bathy/m127/M127_working_area/0006_20160614_034850_M127_EM122.all,23484416,swath,23485040,200,skip_present,23485040,11bd41373c610960b9e3f260b89f3f2d90ac22ac8c6c3a53b1e02bdf2cb3067b,True
M127_EM122,0007_20160614_041849_M127_EM122.all,https://hs.pangaea.de/bathy/m127/M127_working_area/0007_20160614_041849_M127_EM122.all,23500800,swath,23500914,200,skip_present,23500914,ec1f590d88a095d1b37a0c719bd5233b3a55df382e971c932c8da5cac971b226,True
M127_EM122,0008_20160614_044853_M127_EM122.all,https://hs.pangaea.de/bathy/m127/M127_working_area/0008_20160614_044853_M127_EM122.all,24204288,swath,24204948,200,skip_present,24204948,317608fadaf67e1f4678d6ea15edcfd3f202f21fcf59572db3ac8d11de3a13ca,True
M127_EM122,0009_20160614_051850_M127_EM122.all,https://hs.pangaea.de/bathy/m127/M127_working_area/0009_20160614_051850_M127_EM122.all,25566208,swath,25566490,200,skip_present,25566490,e042074de83a226d39021236e118503cbc0dfc4069f1a556576b0d84bc9d8c92,True
M127_EM122,0010_20160614_054850_M127_EM122.all,https://hs.pangaea.de/bathy/m127/M127_working_area/0010_20160614_054850_M127_EM122.all,26183680,swath,26184362,200,skip_present,26184362,d818cf9113936a25e52888765ef3f13faed5d8167615d4f3333e0ac92b8609d8,True
M127_EM122,0011_20160614_061854_M127_EM122.all,https://hs.pangaea.de/bathy/m127/M127_working_area/0011_20160614_061854_M127_EM122.all,25356288,swath,25357210,200,skip_present,25357210,49a0079a4bd0c8b83f3a6205d7b7537afb90ce25ceebbd484b1e40953a5cf32a,True
M127_EM122,0012_20160614_064856_M127_EM122.all,https://hs.pangaea.de/bathy/m127/M127_working_area/0012_20160614_064856_M127_EM122.all,24008704,swath,24009542,200,skip_present,24009542,91cb9fa151c8c38ab4fefa4d87ac1a76794703d68dc8873ad5f5f4d1a06ee181,True
M127_EM122,0013_20160614_071850_M127_EM122.all,https://hs.pangaea.de/bathy/m127/M127_working_area/0013_20160614_071850_M127_EM122.all,23588864,swath,23589616,200,skip_present,23589616,41a3c2633e7a1976d37e070499d27b2e5b236f4883d0a27d3253025f1490c93a,True
M127_EM122,0014_20160614_074856_M127_EM122.all,https://hs.pangaea.de/bathy/m127/M127_working_area/0014_20160614_074856_M127_EM122.all,23959552,swath,23959970,200,skip_present,23959970,180585223ab7b72bbac62afacfac364b227378c20f58f80e507efb00d115a2b3,True
M127_EM122,0015_20160614_081854_M127_EM122.all,https://hs.pangaea.de/bathy/m127/M127_working_area/0015_20160614_081854_M127_EM122.all,23590912,swath,23591750,200,skip_present,23591750,991f2af1c0500ff3772da35f880515584b1e00ec7c106839dcdf9589dc73e04c,True
M127_EM122,0016_20160614_084854_M127_EM122.all,https://hs.pangaea.de/bathy/m127/M127_working_area/0016_20160614_084854_M127_EM122.all,22906880,swath,22907860,200,skip_present,22907860,96164440a58be9268830b75cf198677d2c0b9d4c52c690e17274d967d187ed0a,True
M127_EM122,0017_20160614_091851_M127_EM122.all,https://hs.pangaea.de/bathy/m127/M127_working_area/0017_20160614_091851_M127_EM122.all,23431168,swath,23431180,200,skip_present,23431180,697afb8e7597ebdc0cc434c1221c8738607c0d77fb526580ec0ef5bbcc4261f1,True
M127_EM122,0018_20160614_094852_M127_EM122.all,https://hs.pangaea.de/bathy/m127/M127_working_area/0018_20160614_094852_M127_EM122.all,8338432,swath,8339294,200,skip_present,8339294,d7664e44bd2e5c6af7db28f89f5342068d643598d6d5beb86d46d11e7211dc02,True
M127_EM122,0019_20160615_161116_M127_EM122.all,https://hs.pangaea.de/bathy/m127/M127_working_area/0019_20160615_161116_M127_EM122.all,26214400,swath,26215296,200,skip_present,26215296,e3af97793549ec1e8a9fd0409987d2c51b55b5129c02a05b92a2ff0274bdd5ad,True
M127_EM122,0020_20160615_164113_M127_EM122.all,https://hs.pangaea.de/bathy/m127/M127_working_area/0020_20160615_164113_M127_EM122.all,25821184,swath,25821204,200,skip_present,25821204,9fd0603d57843cc051a1bbd8a95c712deb7cd0941e497ef4b4ac354136a1ddfc,True
M127_EM122,0000_20160616_215204_M127_EM122.all,https://hs.pangaea.de/bathy/m127/M127_working_area/0000_20160616_215204_M127_EM122.all,25214976,swath,25215530,200,skip_present,25215530,3ff33e14c006238fa7cc9a10891e0d3dc56af0c40a639df468a450c02e6c7fee,True
M127_EM122,0001_20160616_222200_M127_EM122.all,https://hs.pangaea.de/bathy/m127/M127_working_area/0001_20160616_222200_M127_EM122.all,4647936,swath,4648460,200,skip_present,4648460,f5d526cf5aeb15d6119dfd9f949333a2a1dea0d1e94a3953321f79da9909bff3,True
M127_EM122,0002_20160616_223501_M127_EM122.all,https://hs.pangaea.de/bathy/m127/M127_working_area/0002_20160616_223501_M127_EM122.all,379904,swath,380714,200,skip_present,380714,3f46b964370b2be457735cce4bf08b848c1876cc4c07f1e0add97437ab446f99,True
M127_EM122,0003_20160616_223527_M127_EM122.all,https://hs.pangaea.de/bathy/m127/M127_working_area/0003_20160616_223527_M127_EM122.all,9708544,swath,9709558,200,skip_present,9709558,fb087df4f05649e4bb3d76a9b6c5d611614016de0eee30edd665e1078bfca495,True
M127_EM122,0004_20160616_224646_M127_EM122.all,https://hs.pangaea.de/bathy/m127/M127_working_area/0004_20160616_224646_M127_EM122.all,392192,swath,392292,200,skip_present,392292,9643cc8d95a7e66b27a72fb0f299d278b324a31a5f44c34fd829b640b08cc8e1,True
M127_EM122,0005_20160616_225221_M127_EM122.all,https://hs.pangaea.de/bathy/m127/M127_working_area/0005_20160616_225221_M127_EM122.all,965632,swath,965968,200,skip_present,965968,85d9726289b7deaf7ad0b89ae9f4d4169693d2101eb72d0ab32b9b81f817182b,True
M127_EM122,0006_20160616_225329_M127_EM122.all,https://hs.pangaea.de/bathy/m127/M127_working_area/0006_20160616_225329_M127_EM122.all,25073664,swath,25073832,200,skip_present,25073832,586633ae54ac743afeecf05d12f7b8183f7dda3cfdc9307024a3b913a657cb77,True
M127_EM122,0007_20160616_233056_M127_EM122.all,https://hs.pangaea.de/bathy/m127/M127_working_area/0007_20160616_233056_M127_EM122.all,13484032,swath,13484478,200,skip_present,13484478,4af079c3ad79e63794a32fcbd5f9484a9bb2ff30ebc8e9675ebee9a87a96b2a8,True
M127_EM122,0008_20160616_235335_M127_EM122.all,https://hs.pangaea.de/bathy/m127/M127_working_area/0008_20160616_235335_M127_EM122.all,9382912,swath,9383066,200,skip_present,9383066,30aa1cd40e19d09248c1ad1d1713d657218025fcb1c6f833806a84726451f40a,True
M127_EM122,0009_20160617_001119_M127_EM122.all,https://hs.pangaea.de/bathy/m127/M127_working_area/0009_20160617_001119_M127_EM122.all,25124864,swath,25124932,200,skip_present,25124932,1d90a554b8771cbfe70127678627d7b402b190af3e554d4a795d9eb0ddbcd119,True
M127_EM122,0010_20160617_004120_M127_EM122.all,https://hs.pangaea.de/bathy/m127/M127_working_area/0010_20160617_004120_M127_EM122.all,6609920,swath,6610108,200,skip_present,6610108,0a070bf922c01a907d28ddccb134e340eba76c78f708ff3711f4610ad9c7c0e5,True
M127_EM122,0011_20160617_005530_M127_EM122.all,https://hs.pangaea.de/bathy/m127/M127_working_area/0011_20160617_005530_M127_EM122.all,8411136,swath,8411772,200,skip_present,8411772,49c79847d8c2193388e5fe351e40373e0dfc05f76d221491012e104ee6181c1c,True
M127_EM122,0012_20160617_011204_M127_EM122.all,https://hs.pangaea.de/bathy/m127/M127_working_area/0012_20160617_011204_M127_EM122.all,25432064,swath,25432694,200,skip_present,25432694,483e31fcf031929dad15b9a077e170d3f40ba40bc56aceb305b015579e6616dd,True
M127_EM122,0013_20160617_014203_M127_EM122.all,https://hs.pangaea.de/bathy/m127/M127_working_area/0013_20160617_014203_M127_EM122.all,6403072,swath,6403152,200,skip_present,6403152,6d906554ca3bf148d9c6423446080a849f609ac99c97493f9928445adab6fe50,True
M127_EM122,0014_20160617_015650_M127_EM122.all,https://hs.pangaea.de/bathy/m127/M127_working_area/0014_20160617_015650_M127_EM122.all,8669184,swath,8669210,200,skip_present,8669210,10489320e0f25c5106caa625ffd1e42d9ea1dbc0872d82d2e7a7e2c77ac5289a,True
M127_EM122,0015_20160617_021416_M127_EM122.all,https://hs.pangaea.de/bathy/m127/M127_working_area/0015_20160617_021416_M127_EM122.all,13134848,swath,13135134,200,skip_present,13135134,c1d07b72924ee8e96253f5677e5e96ba1d2707034ebee67fbe23e98d143422d3,True
M127_EM122,0000_20160617_221249_M127_EM122.all,https://hs.pangaea.de/bathy/m127/M127_working_area/0000_20160617_221249_M127_EM122.all,22815744,swath,22816100,200,skip_present,22816100,671e96d0f5338b23e09c40f44b2a07bf302f97d36d80d46b7c285fa5fb0b1e0d,True
M127_EM122,0001_20160617_224251_M127_EM122.all,https://hs.pangaea.de/bathy/m127/M127_working_area/0001_20160617_224251_M127_EM122.all,23305216,swath,23305622,200,skip_present,23305622,716c81b9131220f9978d1945944ed4adfba15aced335bbd25c1c564edf2944b6,True
M127_EM122,0002_20160617_231252_M127_EM122.all,https://hs.pangaea.de/bathy/m127/M127_working_area/0002_20160617_231252_M127_EM122.all,23383040,swath,23383158,200,skip_present,23383158,4237cf85ed1f436378be571e6db465a6dc456748ae77331ced489804d49498dc,True
M127_EM122,0003_20160617_234254_M127_EM122.all,https://hs.pangaea.de/bathy/m127/M127_working_area/0003_20160617_234254_M127_EM122.all,24100864,swath,24100952,200,skip_present,24100952,580b09e64b0c1749a013c11f5b1837a2a79a8b96dc88f6260ee7704b79a36473,True
M127_EM122,0004_20160618_001252_M127_EM122.all,https://hs.pangaea.de/bathy/m127/M127_working_area/0004_20160618_001252_M127_EM122.all,24788992,swath,24789674,200,skip_present,24789674,365ef6d36c5fcda352e36ede352c73914042485363b347f6b50dabda6f41a9ba,True
M127_EM122,0005_20160618_004254_M127_EM122.all,https://hs.pangaea.de/bathy/m127/M127_working_area/0005_20160618_004254_M127_EM122.all,24613888,swath,24614330,200,skip_present,24614330,e6b92f0e68d4ce006c29ac5e973194dfaae024a602143023d1392838aaacc087,True
M127_EM122,0006_20160618_011252_M127_EM122.all,https://hs.pangaea.de/bathy/m127/M127_working_area/0006_20160618_011252_M127_EM122.all,25284608,swath,25285336,200,skip_present,25285336,20830cdef43cd15c6c12b5d326a565664e55eba40ef20ce582e5a7afa2ac393a,True
M127_EM122,0007_20160618_014254_M127_EM122.all,https://hs.pangaea.de/bathy/m127/M127_working_area/0007_20160618_014254_M127_EM122.all,25413632,swath,25414546,200,skip_present,25414546,21f3ee474d3999c4be56d68953dfa6073e2dfbd18f4abcaa5acb865009c3d6e5,True
M127_EM122,0008_20160618_021252_M127_EM122.all,https://hs.pangaea.de/bathy/m127/M127_working_area/0008_20160618_021252_M127_EM122.all,27982848,swath,27983660,200,skip_present,27983660,287ff6da325bb7ad0f9fb4bf099605bb4137580f514893da20c54f4e16caae04,True
M127_EM122,0009_20160618_024251_M127_EM122.all,https://hs.pangaea.de/bathy/m127/M127_working_area/0009_20160618_024251_M127_EM122.all,29683712,swath,29684180,200,skip_present,29684180,ca8bf0820f8db0ca6120e190ed87b95a6f1b785ed02920c87f8d2a17ee271399,True
M127_EM122,0010_20160618_031256_M127_EM122.all,https://hs.pangaea.de/bathy/m127/M127_working_area/0010_20160618_031256_M127_EM122.all,26370048,swath,26370778,200,skip_present,26370778,8c64f2950a0430ddcec5603897886fa5fbe7130eb8c1b99e24a47be54b24dc23,True
M127_EM122,0011_20160618_034252_M127_EM122.all,https://hs.pangaea.de/bathy/m127/M127_working_area/0011_20160618_034252_M127_EM122.all,25010176,swath,25010568,200,skip_present,25010568,f1a8edc4a4b062f3b02625bc6cf11e9a058f9bad0bf0e3b26b1b5d7c195e58df,True
M127_EM122,0012_20160618_041256_M127_EM122.all,https://hs.pangaea.de/bathy/m127/M127_working_area/0012_20160618_041256_M127_EM122.all,24638464,swath,24638552,200,skip_present,24638552,f37a9d94f95e7e9b713db5fd00dc8ed56a04a678e5f143e7e9d2976ce16b4769,True
M127_EM122,0013_20160618_044250_M127_EM122.all,https://hs.pangaea.de/bathy/m127/M127_working_area/0013_20160618_044250_M127_EM122.all,24298496,swath,24299358,200,skip_present,24299358,43dd26a28363008d6179e36f27e26cd4cfdb9ee4a7ee37647dd5467b2ec589dd,True
M127_EM122,0014_20160618_051257_M127_EM122.all,https://hs.pangaea.de/bathy/m127/M127_working_area/0014_20160618_051257_M127_EM122.all,24065024,swath,24065548,200,skip_present,24065548,1261e96f833031e9cce68a916055687c70a819a8f5e91b50ab5ccd08c605d66f,True
M127_EM122,0015_20160618_054253_M127_EM122.all,https://hs.pangaea.de/bathy/m127/M127_working_area/0015_20160618_054253_M127_EM122.all,24408064,swath,24409002,200,skip_present,24409002,c7e20cd73f390cbaa02efd843072e9d5724a55f73c72043b3e0991488f30da0c,True
M127_EM122,0016_20160618_061256_M127_EM122.all,https://hs.pangaea.de/bathy/m127/M127_working_area/0016_20160618_061256_M127_EM122.all,23158784,swath,23159252,200,skip_present,23159252,a85c054926a58f9f0c47bff5526c86efee3c63ac853a66cc6fa712c36aa41bfb,True
M127_EM122,0017_20160618_064255_M127_EM122.all,https://hs.pangaea.de/bathy/m127/M127_working_area/0017_20160618_064255_M127_EM122.all,23651328,swath,23651724,200,skip_present,23651724,7cdf482e0b1d08fab768c75c109c274a5201ab0d303bc161145ae6eb57a27a38,True
M127_EM122,0018_20160618_071255_M127_EM122.all,https://hs.pangaea.de/bathy/m127/M127_working_area/0018_20160618_071255_M127_EM122.all,27504640,swath,27505490,200,skip_present,27505490,c1b978685e08e30807347a9dcd84786fde420980b81ae4c436e364c430f0cb7c,True
M127_EM122,0019_20160618_074255_M127_EM122.all,https://hs.pangaea.de/bathy/m127/M127_working_area/0019_20160618_074255_M127_EM122.all,30782464,swath,30783396,200,skip_present,30783396,ca295e321e14fb4c44a0b1989e9bc4630bf2afe3c5742a61fe489539c2f7181c,True
M127_EM122,0020_20160618_081253_M127_EM122.all,https://hs.pangaea.de/bathy/m127/M127_working_area/0020_20160618_081253_M127_EM122.all,25612288,swath,25612652,200,skip_present,25612652,29a2ad8345e73707ae19c569e76da7e1b30248efe08e37f5ad3aa612ced33622,True
M127_EM122,0021_20160618_084251_M127_EM122.all,https://hs.pangaea.de/bathy/m127/M127_working_area/0021_20160618_084251_M127_EM122.all,24988672,swath,24988966,200,skip_present,24988966,5532669e69e03d136e4d31437c6eb8a01a7de6d732bbace8156f008fb1f2d59a,True
M127_EM122,0022_20160618_091253_M127_EM122.all,https://hs.pangaea.de/bathy/m127/M127_working_area/0022_20160618_091253_M127_EM122.all,23176192,swath,23176344,200,fetched,23176344,bd95dc7f5bd138f7fba930f17fdd92d2b4eeb503fd74db824242e092dfa10694,True
M127_EM122,0023_20160618_094250_M127_EM122.all,https://hs.pangaea.de/bathy/m127/M127_working_area/0023_20160618_094250_M127_EM122.all,23246848,swath,23247624,200,skip_present,23247624,9cab5867388de58432aab1e830dc55a8007dcad1642a969e1ee3574323d69272,True
M127_EM122,0024_20160618_101252_M127_EM122.all,https://hs.pangaea.de/bathy/m127/M127_working_area/0024_20160618_101252_M127_EM122.all,22841344,swath,22841612,200,fetched,22841612,08d116c36d1acf16572fde19c21333b208a8d78985b8484ed73b60a7e7a2f2fb,True
M127_EM122,0029_20160619_194501_M127_EM122.all,https://hs.pangaea.de/bathy/m127/M127_working_area/0029_20160619_194501_M127_EM122.all,15744000,swath,15744470,200,fetched,15744470,7d0a7a6f113fafbe3b43675418d0aeebe11f90ea3927b3b948ab34846623e786,True
M127_EM122,0030_20160620_012643_M127_EM122.all,https://hs.pangaea.de/bathy/m127/M127_working_area/0030_20160620_012643_M127_EM122.all,25184256,swath,25184818,200,fetched,25184818,7a8ef30ebb61b1a0751a852a426d553be4f92b2f1a260252690da6ed87521f26,True
M127_EM122,0031_20160620_015643_M127_EM122.all,https://hs.pangaea.de/bathy/m127/M127_working_area/0031_20160620_015643_M127_EM122.all,24826880,swath,24827706,200,fetched,24827706,84457d2c6ef4a89e2403f556ac6996bc57dbd89185788d462ceb03f5afd16069,True
M127_EM122,0032_20160620_022640_M127_EM122.all,https://hs.pangaea.de/bathy/m127/M127_working_area/0032_20160620_022640_M127_EM122.all,24054784,swath,24055254,200,skip_present,24055254,e7035d14e954a75cc09ede0acb07279e417c45fbb97d75a6d949b8c5a68c9c84,True
M127_EM122,0033_20160620_025638_M127_EM122.all,https://hs.pangaea.de/bathy/m127/M127_working_area/0033_20160620_025638_M127_EM122.all,23075840,swath,23076172,200,fetched,23076172,ebcd4875b9e23d5582ae78eac3185f50509e1e4125d79f3bcfd0577524f6f916,True
M127_EM122,0034_20160620_032638_M127_EM122.all,https://hs.pangaea.de/bathy/m127/M127_working_area/0034_20160620_032638_M127_EM122.all,23402496,swath,23403374,200,fetched,23403374,d14089fdacd0f7cd1de7fae5aae9ff5508c1b41edd7f19e44eb8ffd49628bc7e,True
M127_EM122,0035_20160620_035642_M127_EM122.all,https://hs.pangaea.de/bathy/m127/M127_working_area/0035_20160620_035642_M127_EM122.all,23139328,swath,23139960,200,skip_present,23139960,7eee2d0bfe6a74499dca03d66297c66c50063cdb60f74fb7018b67f038712e03,True
M127_EM122,0036_20160620_042638_M127_EM122.all,https://hs.pangaea.de/bathy/m127/M127_working_area/0036_20160620_042638_M127_EM122.all,22804480,swath,22805404,200,fetched,22805404,0a13dfc401c4451fc9907dc43b23e18dafd3dc8f8080ecef9dcd01793d420040,True
M127_EM122,0037_20160620_045639_M127_EM122.all,https://hs.pangaea.de/bathy/m127/M127_working_area/0037_20160620_045639_M127_EM122.all,22916096,swath,22916834,200,skip_present,22916834,42a1c89ded9e08cc7c24db568c3b4c40da97f393ab38c57f0f4b83c21fe87d69,True
M127_EM122,0038_20160620_052647_M127_EM122.all,https://hs.pangaea.de/bathy/m127/M127_working_area/0038_20160620_052647_M127_EM122.all,22971392,swath,22971846,200,skip_present,22971846,8af1312f0a59dfbd34356f85fd4a11b341e550c5827ace43bfa9d46905b99d11,True
M127_EM122,0039_20160620_055642_M127_EM122.all,https://hs.pangaea.de/bathy/m127/M127_working_area/0039_20160620_055642_M127_EM122.all,23054336,swath,23054854,200,skip_present,23054854,3a0faf621da7804531859507482f4bfe00b6cd0f2d0bba3c1418d26ee4c38881,True
M127_EM122,0040_20160620_062639_M127_EM122.all,https://hs.pangaea.de/bathy/m127/M127_working_area/0040_20160620_062639_M127_EM122.all,24240128,swath,24240796,200,skip_present,24240796,1ea62bdc8ddfc2b61b366d01e9f6665babea17d1c3995c2df970388239b7202c,True
M127_EM122,0041_20160620_065643_M127_EM122.all,https://hs.pangaea.de/bathy/m127/M127_working_area/0041_20160620_065643_M127_EM122.all,24578048,swath,24578140,200,skip_present,24578140,792542ba7c66e55b99ed87b4049f179071f4840c964dbcb2ff8bc3ea61a7fe4c,True
M127_EM122,0042_20160620_072639_M127_EM122.all,https://hs.pangaea.de/bathy/m127/M127_working_area/0042_20160620_072639_M127_EM122.all,24527872,swath,24528244,200,skip_present,24528244,059b46c432cfa13932cbc2257a50299fbb9298751530394898390306af8f9edb,True
M127_EM122,0043_20160620_075640_M127_EM122.all,https://hs.pangaea.de/bathy/m127/M127_working_area/0043_20160620_075640_M127_EM122.all,25594880,swath,25595784,200,skip_present,25595784,56874f9c4ff9185375c42b69cc42c42b997bdaac5016e97f6f749a1c5b46f80e,True
M127_EM122,0044_20160620_082641_M127_EM122.all,https://hs.pangaea.de/bathy/m127/M127_working_area/0044_20160620_082641_M127_EM122.all,25802752,swath,25802878,200,skip_present,25802878,bffdfb5807f0ce57f4a9da837e36c264d59ac96b24f58bfbb2d4273e5d0c57a4,True
M127_EM122,0045_20160620_085646_M127_EM122.all,https://hs.pangaea.de/bathy/m127/M127_working_area/0045_20160620_085646_M127_EM122.all,25899008,swath,25899972,200,skip_present,25899972,1c33dc364ccd54810d348e927bc24ac199d3eba1fa98d73e7b5b6cba540dd54f,True
M127_EM122,0046_20160620_092643_M127_EM122.all,https://hs.pangaea.de/bathy/m127/M127_working_area/0046_20160620_092643_M127_EM122.all,24431616,swath,24432530,200,skip_present,24432530,6766a8306d854e5ae5a1b29c4a1e12c97b03b56f86881c04a5c335f0275594b3,True
M127_EM122,0047_20160620_095642_M127_EM122.all,https://hs.pangaea.de/bathy/m127/M127_working_area/0047_20160620_095642_M127_EM122.all,24616960,swath,24616990,200,skip_present,24616990,095445f6db6306429aeee4ae6d75bb4e2204d8a4c1ea1784cef42251680636bd,True
M127_EM122,0048_20160620_102645_M127_EM122.all,https://hs.pangaea.de/bathy/m127/M127_working_area/0048_20160620_102645_M127_EM122.all,24919040,swath,24919872,200,skip_present,24919872,6f31f2022ec7d0fa75beaa806f446371a010e0f6f3bf3d22b8debaeb0a7f7bfa,True
M127_EM122,0049_20160620_105647_M127_EM122.all,https://hs.pangaea.de/bathy/m127/M127_working_area/0049_20160620_105647_M127_EM122.all,23799808,swath,23800352,200,skip_present,23800352,be6996be4298f3cdae342dca45e0b729e4f466337a9ca6e3e87d518b18cdd1e5,True
M127_EM122,0050_20160620_112645_M127_EM122.all,https://hs.pangaea.de/bathy/m127/M127_working_area/0050_20160620_112645_M127_EM122.all,14899200,swath,14899256,200,skip_present,14899256,a915d1cc08a492f87649f8620c2d6c803e9bcf93d9488a4d8301c9dfb8467f79,True
M127_EM122,0051_20160620_121540_M127_EM122.all,https://hs.pangaea.de/bathy/m127/M127_working_area/0051_20160620_121540_M127_EM122.all,23884800,swath,23885554,200,skip_present,23885554,4278e32a9e3b124e615bfa38ff8cfbd506b43d4b732dec8f5368efaeb906bac1,True
M127_EM122,0052_20160620_124541_M127_EM122.all,https://hs.pangaea.de/bathy/m127/M127_working_area/0052_20160620_124541_M127_EM122.all,28621824,swath,28622432,200,skip_present,28622432,954000076e3e2c9dfb6275fd5f02fee8f4a246bfd6044a261e84b2ab94f4d287,True
M127_EM122,0053_20160620_131542_M127_EM122.all,https://hs.pangaea.de/bathy/m127/M127_working_area/0053_20160620_131542_M127_EM122.all,25089024,swath,25089824,200,skip_present,25089824,63ac917bf248579a54ce9766d3fccb71125b9e3fb9c5af481e27e27ba4fbd571,True
M127_EM122,0054_20160620_134540_M127_EM122.all,https://hs.pangaea.de/bathy/m127/M127_working_area/0054_20160620_134540_M127_EM122.all,24891392,swath,24892390,200,skip_present,24892390,7982d9344832c7dc1caee7dad38a472d4b81e64d528ba2780396d04047b69908,True
M127_EM122,0055_20160620_141542_M127_EM122.all,https://hs.pangaea.de/bathy/m127/M127_working_area/0055_20160620_141542_M127_EM122.all,24851456,swath,24852200,200,skip_present,24852200,119421eb21f16f6975631cb77b5ad4fc455082e76183b9b96988ac786377c291,True
M127_EM122,0056_20160620_144547_M127_EM122.all,https://hs.pangaea.de/bathy/m127/M127_working_area/0056_20160620_144547_M127_EM122.all,24817664,swath,24818112,200,skip_present,24818112,c5168b6295592725dafb61c6eaf836fb494c604856c97e8d616030ef5d40f06a,True
M127_EM122,0057_20160620_151546_M127_EM122.all,https://hs.pangaea.de/bathy/m127/M127_working_area/0057_20160620_151546_M127_EM122.all,25377792,swath,25378040,200,skip_present,25378040,09f5fe4170064e23c7d203eb918372d336d33bd34125cefbd8fb57616d537ca6,True
M127_EM122,0058_20160620_154544_M127_EM122.all,https://hs.pangaea.de/bathy/m127/M127_working_area/0058_20160620_154544_M127_EM122.all,25063424,swath,25064290,200,skip_present,25064290,c10c162790598d272f196e2700ee4b03b1e8358c67ce2aadc4d6da7f30832c32,True
M127_EM122,0059_20160620_161541_M127_EM122.all,https://hs.pangaea.de/bathy/m127/M127_working_area/0059_20160620_161541_M127_EM122.all,24680448,swath,24681458,200,skip_present,24681458,d7c3fe67d87479b902342a581a4d056d8c826165544bf8fc32a3ff0b4d1cfe14,True
M127_EM122,0060_20160620_164543_M127_EM122.all,https://hs.pangaea.de/bathy/m127/M127_working_area/0060_20160620_164543_M127_EM122.all,12725248,swath,12725554,200,skip_present,12725554,291011e8070fb856280729a30e1c2d6426e2542c069cd896ec810e99f2c21715,True
M127_EM122,0061_20160620_181410_M127_EM122.all,https://hs.pangaea.de/bathy/m127/M127_working_area/0061_20160620_181410_M127_EM122.all,25349120,swath,25349520,200,skip_present,25349520,e35fcfc748a6abe240349c4228fe7c2dcd0cc5ac48ce0adc68351c43ac7d142c,True
M127_EM122,0062_20160620_184410_M127_EM122.all,https://hs.pangaea.de/bathy/m127/M127_working_area/0062_20160620_184410_M127_EM122.all,25576448,swath,25577178,200,skip_present,25577178,15a376614bb4a5d830b42f3d989eb413f7ed75d5d73388e25ff2c3776e20382c,True
M127_EM122,0063_20160620_191413_M127_EM122.all,https://hs.pangaea.de/bathy/m127/M127_working_area/0063_20160620_191413_M127_EM122.all,28417024,swath,28417270,200,skip_present,28417270,e7932c5e0b15bacba02ced62959c75597dbb426d05edafc86ced78d29f646b3e,True
M127_EM122,0064_20160620_194410_M127_EM122.all,https://hs.pangaea.de/bathy/m127/M127_working_area/0064_20160620_194410_M127_EM122.all,31642624,swath,31643624,200,skip_present,31643624,7ad2bb023d4753d642088507f13afce0538c2ff0341bb0967a9412e7139b37f9,True
M127_EM122,0065_20160620_201411_M127_EM122.all,https://hs.pangaea.de/bathy/m127/M127_working_area/0065_20160620_201411_M127_EM122.all,25730048,swath,25730290,200,skip_present,25730290,1501697690f7c70116878f3dbd3f30883ba7064618e310a539e341f83559f2be,True
M127_EM122,0066_20160620_204413_M127_EM122.all,https://hs.pangaea.de/bathy/m127/M127_working_area/0066_20160620_204413_M127_EM122.all,23683072,swath,23683118,200,skip_present,23683118,bb5165365a7994e77fa84a1c03cba539302c7411d75b162142111a53d86010e4,True
M127_EM122,0067_20160620_211409_M127_EM122.all,https://hs.pangaea.de/bathy/m127/M127_working_area/0067_20160620_211409_M127_EM122.all,24026112,swath,24026630,200,skip_present,24026630,a95637e1638f65c587236bb682208b7b49d0380693897a76a8b73b80cf13f315,True
M127_EM122,0068_20160620_214410_M127_EM122.all,https://hs.pangaea.de/bathy/m127/M127_working_area/0068_20160620_214410_M127_EM122.all,23056384,swath,23057298,200,skip_present,23057298,b23a5ea473ae3c41e65c3c57cdfbaad6f47fe772a44b04c4a0a45c538ec4cae6,True
M127_EM122,0069_20160620_221414_M127_EM122.all,https://hs.pangaea.de/bathy/m127/M127_working_area/0069_20160620_221414_M127_EM122.all,22842368,swath,22842896,200,skip_present,22842896,ca7653d3cfff07d9b25a98c5340c07adb729670c2af19c70b4a3f4662550cdfc,True
M127_EM122,0070_20160620_224412_M127_EM122.all,https://hs.pangaea.de/bathy/m127/M127_working_area/0070_20160620_224412_M127_EM122.all,23234560,swath,23235490,200,skip_present,23235490,b01b70864e7450484d0fcb460d3d3653476d77dc12f7cb687172779709cf20bd,True
M127_EM122,0071_20160620_231414_M127_EM122.all,https://hs.pangaea.de/bathy/m127/M127_working_area/0071_20160620_231414_M127_EM122.all,23715840,swath,23716152,200,skip_present,23716152,b259c3a5c25f4521851498db28709ed6d3f21395f256400ccec5b5c88ca2fa77,True
M127_EM122,0072_20160620_234417_M127_EM122.all,https://hs.pangaea.de/bathy/m127/M127_working_area/0072_20160620_234417_M127_EM122.all,24612864,swath,24613302,200,skip_present,24613302,5ebd182678965c00812cf11595bee339fe452b7f709da007395b2b5b209bf3c8,True
M127_EM122,0073_20160621_001416_M127_EM122.all,https://hs.pangaea.de/bathy/m127/M127_working_area/0073_20160621_001416_M127_EM122.all,25327616,swath,25327716,200,skip_present,25327716,38ba0926cecf85f3e4ae06b8c4cee334e9ec3570a34c64061413fa63fffa914c,True
M127_EM122,0074_20160621_004412_M127_EM122.all,https://hs.pangaea.de/bathy/m127/M127_working_area/0074_20160621_004412_M127_EM122.all,25293824,swath,25293874,200,skip_present,25293874,10d9342369f997121fbbf66139cc0d7f3cf3775ae9741c4708115c0f70dc58f9,True
M127_EM122,0075_20160621_011411_M127_EM122.all,https://hs.pangaea.de/bathy/m127/M127_working_area/0075_20160621_011411_M127_EM122.all,24224768,swath,24224848,200,skip_present,24224848,908689588e11543f5562a9f14dfed74caea50567fd63f570ffdd205acfb4689d,True
M127_EM122,0076_20160621_014412_M127_EM122.all,https://hs.pangaea.de/bathy/m127/M127_working_area/0076_20160621_014412_M127_EM122.all,9688064,swath,9688540,200,skip_present,9688540,446b64db7931d2c799f0ac67826e3ebd2d643d2e7c1beee306b275588ca4698c,True
M127_EM122,0000_20160621_224450_M127_EM122.all,https://hs.pangaea.de/bathy/m127/M127_working_area/0000_20160621_224450_M127_EM122.all,29049856,swath,29050460,200,skip_present,29050460,60430c4d11367dbaa3d3b642bcba3ef65ba8f29bc220b992f476ec1e1f84ac01,True
M127_EM122,0001_20160621_231452_M127_EM122.all,https://hs.pangaea.de/bathy/m127/M127_working_area/0001_20160621_231452_M127_EM122.all,26578944,swath,26579074,200,skip_present,26579074,51e89c7dd044d3a58b07e74a175821ebe665f6ac89b51f4706d82ac497d35b29,True
M127_EM122,0002_20160621_234457_M127_EM122.all,https://hs.pangaea.de/bathy/m127/M127_working_area/0002_20160621_234457_M127_EM122.all,25311232,swath,25311584,200,skip_present,25311584,9aaefca09cf06f402b8520d185a98ca0f691cc9ea718f3de6c833fb5ad89ed61,True
M127_EM122,0003_20160622_001458_M127_EM122.all,https://hs.pangaea.de/bathy/m127/M127_working_area/0003_20160622_001458_M127_EM122.all,25736192,swath,25736492,200,skip_present,25736492,b640b72868bba81d23a1ff166f1ebcbd9f331d77f2df29e8279b931374757aa3,True
M127_EM122,0004_20160622_004456_M127_EM122.all,https://hs.pangaea.de/bathy/m127/M127_working_area/0004_20160622_004456_M127_EM122.all,25716736,swath,25717120,200,skip_present,25717120,85c8aa7cc1b93db16e74260b1c7559b4f139c2f8c6195c462c8824320d815955,True
M127_EM122,0005_20160622_011454_M127_EM122.all,https://hs.pangaea.de/bathy/m127/M127_working_area/0005_20160622_011454_M127_EM122.all,25796608,swath,25796806,200,skip_present,25796806,a96bbeb811f37088c6f8dd98e6baf1381c374fa0cd0dffb9850042178847c516,True
M127_EM122,0006_20160622_014454_M127_EM122.all,https://hs.pangaea.de/bathy/m127/M127_working_area/0006_20160622_014454_M127_EM122.all,25569280,swath,25569316,200,skip_present,25569316,f5d169bb786dd777de20ae118039c891bcc1ddba9de7f583e4d87eea643c159d,True
M127_EM122,0007_20160622_021451_M127_EM122.all,https://hs.pangaea.de/bathy/m127/M127_working_area/0007_20160622_021451_M127_EM122.all,24641536,swath,24642098,200,skip_present,24642098,53ee5ecedee9a0d76c80553d57062331d305a21ce6bbec98f26c8464873a231d,True
M127_EM122,0008_20160622_024458_M127_EM122.all,https://hs.pangaea.de/bathy/m127/M127_working_area/0008_20160622_024458_M127_EM122.all,23602176,swath,23602538,200,skip_present,23602538,61c132cb9aa8e137a8f6b2d376342148d2c5bac79fb2c01036cbff2d813337b3,True
M127_EM122,0009_20160622_031452_M127_EM122.all,https://hs.pangaea.de/bathy/m127/M127_working_area/0009_20160622_031452_M127_EM122.all,24412160,swath,24412924,200,skip_present,24412924,0490b64e41953ef37fadef5523e9434a96ba2cbff94576cac9305d50baa1adf3,True
M127_EM122,0010_20160622_034456_M127_EM122.all,https://hs.pangaea.de/bathy/m127/M127_working_area/0010_20160622_034456_M127_EM122.all,25175040,swath,25176036,200,skip_present,25176036,8ff991171093287bd2dc464a64de2876e095794cbec2d420680eb23fc828796d,True
M127_EM122,0011_20160622_041454_M127_EM122.all,https://hs.pangaea.de/bathy/m127/M127_working_area/0011_20160622_041454_M127_EM122.all,24462336,swath,24462602,200,skip_present,24462602,ab5d243dfb929ea8a002b6bce61e78be333c8132b9e3987912aca38552ba6572,True
M127_EM122,0012_20160622_044451_M127_EM122.all,https://hs.pangaea.de/bathy/m127/M127_working_area/0012_20160622_044451_M127_EM122.all,24345600,swath,24346306,200,skip_present,24346306,4193a551738e8b8219384956d5c7faaee4047cc5bed293aa987c1df72394802e,True
M127_EM122,0013_20160622_051456_M127_EM122.all,https://hs.pangaea.de/bathy/m127/M127_working_area/0013_20160622_051456_M127_EM122.all,25115648,swath,25115862,200,skip_present,25115862,4b3cd3d52e7798635f31c75a8c7da42d0f81cd47137ca2a5af131214c2e0a0ef,True
M127_EM122,0014_20160622_054451_M127_EM122.all,https://hs.pangaea.de/bathy/m127/M127_working_area/0014_20160622_054451_M127_EM122.all,26028032,swath,26028364,200,skip_present,26028364,287de439681f40ff943dc89a4085cf49aaad2b7cc296c24eb5538a275dee615c,True
M127_EM122,0015_20160622_061456_M127_EM122.all,https://hs.pangaea.de/bathy/m127/M127_working_area/0015_20160622_061456_M127_EM122.all,33606656,swath,33607284,200,skip_present,33607284,9ca708c8fe05fc12f64f31ab6db6bef7b0db207fe9ebe176a9c4510056e1ef8f,True
M127_EM122,0016_20160622_064453_M127_EM122.all,https://hs.pangaea.de/bathy/m127/M127_working_area/0016_20160622_064453_M127_EM122.all,35374080,swath,35375040,200,skip_present,35375040,96b2c384f11ad946af6d0bd432dd366cd0609bb9b913e4a2dfb63bc75778c99b,True
M127_EM122,0017_20160622_071452_M127_EM122.all,https://hs.pangaea.de/bathy/m127/M127_working_area/0017_20160622_071452_M127_EM122.all,25931776,swath,25932560,200,skip_present,25932560,b088e78be8a85c4c2df5ef43dff7930782125e1fc0c0d43eab45a6e6acd7f036,True
M127_EM122,0018_20160622_074458_M127_EM122.all,https://hs.pangaea.de/bathy/m127/M127_working_area/0018_20160622_074458_M127_EM122.all,24834048,swath,24834338,200,fetched,24834338,e275cad5a4c069458acce48e8fbe472cbe9e9350133c81d519068e4d915987d5,True
M127_EM122,0019_20160622_081455_M127_EM122.all,https://hs.pangaea.de/bathy/m127/M127_working_area/0019_20160622_081455_M127_EM122.all,24991744,swath,24992584,200,skip_present,24992584,ab6a4b9e45fdca3ab4e1086175126fe9aadeb759d9161e81b35e6c3b51536cdf,True
M127_EM122,0020_20160622_084453_M127_EM122.all,https://hs.pangaea.de/bathy/m127/M127_working_area/0020_20160622_084453_M127_EM122.all,29872128,swath,29872526,200,skip_present,29872526,84c9253ffd472d7d54474c00eb4d7432b6f47b757f216e545ef0aac7806761f8,True
M127_EM122,0021_20160622_091457_M127_EM122.all,https://hs.pangaea.de/bathy/m127/M127_working_area/0021_20160622_091457_M127_EM122.all,31553536,swath,31554550,200,skip_present,31554550,9ef34fef997f93892ecf83549ba9b4a2d2115bbfc024cd71e7081c366df71673,True
M127_EM122,0022_20160622_094454_M127_EM122.all,https://hs.pangaea.de/bathy/m127/M127_working_area/0022_20160622_094454_M127_EM122.all,25422848,swath,25423572,200,skip_present,25423572,8b69af10af33f3587abc234784e508dd6a580882d300c072b8ea16466a54b1f0,True
M127_EM122,0023_20160622_101454_M127_EM122.all,https://hs.pangaea.de/bathy/m127/M127_working_area/0023_20160622_101454_M127_EM122.all,25649152,swath,25650004,200,skip_present,25650004,a1cabf4b49953f91326294153261b945230758aef862c8a8e21d47102389c561,True
M127_EM122,0024_20160622_104452_M127_EM122.all,https://hs.pangaea.de/bathy/m127/M127_working_area/0024_20160622_104452_M127_EM122.all,26073088,swath,26073548,200,skip_present,26073548,97e3d01ade8a611da951e9ac0c15bbbe175cca8d096825f9f56b6cd827aa020c,True
M127_EM122,0025_20160622_111454_M127_EM122.all,https://hs.pangaea.de/bathy/m127/M127_working_area/0025_20160622_111454_M127_EM122.all,28768256,swath,28768728,200,skip_present,28768728,f0e37219643909f81e202ea82ee4e9c6cf59a6a211f15b675da0ad7c74ec7b8b,True
M127_EM122,0026_20160622_114455_M127_EM122.all,https://hs.pangaea.de/bathy/m127/M127_working_area/0026_20160622_114455_M127_EM122.all,24003584,swath,24004288,200,skip_present,24004288,8bb3354550f2097b56904fc79fd0b90b812f2891f5f7a7f5105f90e5d72ba595,True
M127_EM122,0027_20160622_121455_M127_EM122.all,https://hs.pangaea.de/bathy/m127/M127_working_area/0027_20160622_121455_M127_EM122.all,23371776,swath,23372312,200,fetched,23372312,252feb2fe177b5315942a3958d9f6f357e8448875541ceefd066985ceeb44d8c,True
M127_EM122,0028_20160622_124453_M127_EM122.all,https://hs.pangaea.de/bathy/m127/M127_working_area/0028_20160622_124453_M127_EM122.all,9620480,swath,9621184,200,skip_present,9621184,66572bf8629cc729ef808a04d515f7951d1f9b21048ef04207b1902d42fdfd51,True
M127_EM122,0000_20160622_183717_M127_EM122.all,https://hs.pangaea.de/bathy/m127/M127_working_area/0000_20160622_183717_M127_EM122.all,38687744,swath,38688190,200,skip_present,38688190,f9f51b01c308d95f884ff1a5fc6a528f9ece0f0fa9887496994e68c3178cf12e,True
M127_EM122,0001_20160622_190714_M127_EM122.all,https://hs.pangaea.de/bathy/m127/M127_working_area/0001_20160622_190714_M127_EM122.all,27691008,swath,27691908,200,skip_present,27691908,cb2b6b8bb21babbdd9ad2e6b4bd21b480347989394cca11ed37b809072fb5102,True
M127_EM122,0002_20160622_193714_M127_EM122.all,https://hs.pangaea.de/bathy/m127/M127_working_area/0002_20160622_193714_M127_EM122.all,26380288,swath,26380886,200,skip_present,26380886,9fd4aa090858a6e40a4c3ebe1ddd08857d0fd9eee94f4d52b1d21e4b85eba220,True
M127_EM122,0003_20160622_200716_M127_EM122.all,https://hs.pangaea.de/bathy/m127/M127_working_area/0003_20160622_200716_M127_EM122.all,31284224,swath,31285108,200,skip_present,31285108,05db29822e4e8e38e44ec19aa0b35f26d8e8658460a04c981c31b19a27ed3e61,True
M127_EM122,0004_20160622_203716_M127_EM122.all,https://hs.pangaea.de/bathy/m127/M127_working_area/0004_20160622_203716_M127_EM122.all,25377792,swath,25378172,200,skip_present,25378172,10a7d5d18aed051ac858c30f2c87b1650b983c829a764b436291e30abe99b6ef,True
M127_EM122,0005_20160622_210712_M127_EM122.all,https://hs.pangaea.de/bathy/m127/M127_working_area/0005_20160622_210712_M127_EM122.all,25235456,swath,25235858,200,skip_present,25235858,0c98725dc550accef9edb7b1443c19be0fa852d96f994a10624f2e37b98cdb2c,True
M127_EM122,0006_20160622_213716_M127_EM122.all,https://hs.pangaea.de/bathy/m127/M127_working_area/0006_20160622_213716_M127_EM122.all,24400896,swath,24401654,200,skip_present,24401654,b19a560468b122eaf120e8e01f649b371113eb063a3b67ac1aeb1222bc8ed6a2,True
M127_EM122,0007_20160622_220717_M127_EM122.all,https://hs.pangaea.de/bathy/m127/M127_working_area/0007_20160622_220717_M127_EM122.all,19313664,swath,19314396,200,skip_present,19314396,00a4c499b5f5b0d638ba1009032c466f6278b28a4605424bf86725e2c6d584ba,True
