cruise,status,hr,planned_gb,source,data_url,n_files_total,n_files_planned,whole_gb,mode,format_hint,note,designations
2009_Amundsen,already_on_oak,MGDS:30047,0.0,,,,,,,,,
AT37-05,planned,MGDS:24043,5.66,NCEI,https://data.ngdc.noaa.gov/platforms/ocean/ships/atlantis/AT37-05/multibeam/data/version1/MB/,274.0,274.0,5.66,whole,mb58,,development (joins existing unit)
AT42-06,planned,MGDS:5174,1.93,NCEI,https://data.ngdc.noaa.gov/platforms/ocean/ships/atlantis/AT42-06/multibeam/data/version1/MB/,90.0,90.0,1.93,whole,mb58,,development (ruling H1)
EX0909,planned,MGDS:24002,5.14,NCEI,https://data.ngdc.noaa.gov/platforms/ocean/ships/okeanos_explorer/EX0909/multibeam/data/version2/MB/,368.0,368.0,5.14,whole,mb162,ISO path 404; recovered via https://data.ngdc.noaa.gov/platforms/ocean/ships/okeanos_explorer/EX0909/multibeam/data/version2/MB/,development (ruling H1)
EX1202L2,no_data_dir,MGDS:20815,,,,,,,,,ISO path 404; no usable version dir (tried 5 ship variants),development (ruling H1)
EX1202L3,no_data_dir,MGDS:31321,,,,,,,,,ISO path 404; no usable version dir (tried 5 ship variants),development (ruling H1)
EX1206,planned,MGDS:31831,15.45,NCEI,https://data.ngdc.noaa.gov/platforms/ocean/ships/okeanos_explorer/EX1206/multibeam/data/version2/MB/,614.0,614.0,15.45,subset (nav ∩ footprint buffered 4.0 km),mb162,ISO path 404; recovered via https://data.ngdc.noaa.gov/platforms/ocean/ships/okeanos_explorer/EX1206/multibeam/data/version2/MB/,development (ruling H1)
EX1402L2,planned,MGDS:31073,10.16,NCEI,https://data.ngdc.noaa.gov/platforms/ocean/ships/okeanos_explorer/EX1402L2/multibeam/data/version2/MB/,311.0,311.0,10.16,subset (nav ∩ footprint buffered 4.0 km),mb163,ISO path 404; recovered via https://data.ngdc.noaa.gov/platforms/ocean/ships/okeanos_explorer/EX1402L2/multibeam/data/version2/MB/,development (ruling H1)
FK151121,planned,MGDS:22383,7.37,NCEI,https://data.ngdc.noaa.gov/platforms/ocean/ships/falkor/FK151121/multibeam/data/version1/MB/,274.0,274.0,7.37,whole,mb58,,development
FK171110,planned,MGDS:24424,3.0,NCEI,https://data.ngdc.noaa.gov/platforms/ocean/ships/falkor/FK171110/multibeam/data/version1/MB/,324.0,50.0,21.52,subset (nav ∩ footprint buffered 4.0 km),mb58,,development (joins existing unit)
KM0923,planned,MGDS:31429,0.78,NCEI,https://data.ngdc.noaa.gov/platforms/ocean/ships/kilo_moana/KM0923/multibeam/data/version1/MB/,229.0,229.0,0.78,whole,mb56,,development (joins existing unit)
KN182L03,planned,MGDS:30193,1.18,NCEI,https://data.ngdc.noaa.gov/platforms/ocean/ships/knorr/KN182L03/multibeam/data/version1/MB/,28.0,28.0,1.18,whole,mb41,,confirmatory
NA080,already_on_oak,MGDS:31289,0.0,,,,,,,,,
NR07-1,planned,MGDS:31813;MGDS:31814,0.9,NCEI,https://data.ngdc.noaa.gov/platforms/ocean/ships/northern_resolution/NR07-1/multibeam/data/version1/MB/,58.0,58.0,0.9,whole,mb56,,development (ruling H1)
RC2511,planned,MGDS:32239,0.05,NCEI,https://data.ngdc.noaa.gov/platforms/ocean/ships/robert_d._conrad/RC2511/multibeam/data/version1/MB/,107.0,107.0,0.05,whole,mb15,,confirmatory
RP15DI86,needs_format_review,MGDS:30368,,,https://data.ngdc.noaa.gov/platforms/ocean/ships/discoverer/RP15DI86/multibeam/data/version1/MB/,,,,,,"no recognised swath files; exts {'gps': 2, 'inf': 2}",development
SUM1004,planned,MGDS:33090,4.68,NCEI,https://data.ngdc.noaa.gov/platforms/ocean/ships/sumner/SUM1004/multibeam/data/version1/MB/,222.0,222.0,4.68,whole,mb121,,confirmatory
TN399,already_on_oak,MGDS:33068,0.0,,,,,,,,,
lostcity2005,planned,MGDS:21847,2.41,NCEI,https://data.ngdc.noaa.gov/platforms/ocean/ships/ronald_h._brown/lostcity2005/multibeam/data/version1/MB/,758.0,758.0,2.41,whole,mb94,ISO path 404; recovered via https://data.ngdc.noaa.gov/platforms/ocean/ships/ronald_h._brown/lostcity2005/multibeam/data/version1/MB/,development (ruling H1)
