hr_id,hr_doi,hr_title,hr_platform,hr_native_res_m,hr_format,hr_cruise,gate_tier,gate_tier_reason,best_lr,lr_sonar,lr_platform,independence,footprint_suspect,footprint_km2,depth_min_m,depth_max_m,terrain_hint,overlap_km2,hr_bytes,lon,lat,basin,status,reason,lr_beamwidth_deg,lr_native_doc_m,ratio_doc,k_prior,lr_cruises_all,joins_existing_units,near_existing_pairs_50km,shares_lockbox
MGDS:31429,10.26022/IEDA/331429,"Loihi Seamount (Hawaii), Shinkai Deep and FeMO hydrothermal sites, Sentry AUV near-bottom processed ",Sentry,1.9993185975867296,ESRI ASCII Grid,,training,ratio 12.5 in training band ≤ 25.0,KM0923,Simrad EM120,Kilo Moana,independent,False,40.58544803392858,-5041.887,-4519.277,volcanic_or_seamount,40.58544803392858,17806935,-155.14144888973811,18.75545767138715,Pacific,new_candidate,,1.0,83.4,41.7,8.0,AII8L11;AMAT08RR;B00297;DRFT11RR;DRFT13RR;EW9801;EX0909;FK140625;KM0518;KM0719;KM0923;KM1018;KM1120A;KM1808;KR1998;Loihi;MGLN10MV;MGLN11MV;NECR05RR;RR1610;SEAW03RR;TUNE03WT;TUNE04WT;YK1999;YK2002,lu07,EW9801__MGDS_31425,False
MGDS:16792,10.1594/IEDA/316792,Processed Near-bottom Bathymetry Grids (NetCDF:GMT format) derived from Multibeam Sonar Data from th,AUV,1.999660864885291,NetCDF Grid,,needs_geometry,HR is footprint_suspect — true valid-data extent must be computed in Stage B before ratio is trustworthy,FK171110,Kongsberg EM302,Falkor,independent,True,136.6145767677765,-2966.89,-1158.61,volcanic_or_seamount,136.61457676777653,46907447,-174.0408842647596,-15.269635565589606,Pacific,new_candidate,,1.0,36.0,18.0,4.0,BMRG08MV;FK160320;FK171110;KIWI10RR;KM0417;KM0703;KM1008;KM1024;KM1129A;MGL0901;PPTU04WT;RR0916;RR1211;TN227;TN234,lu01,KIWI10RR__MGDS_24499,False
MGDS:24424,10.1594/IEDA/324424,Processed Gridded Near-Bottom AUV Sentry Bathymetry Data from the Tonga Volcanic Arc acquired during,Sentry,0.999823722500767,NetCDF Grid,,eval_only,ratio 35.0 in eval band 25.0-40.0,FK171110,Kongsberg EM302,Falkor,independent,False,18.87264824521473,-3042.455,-1661.0,volcanic_or_seamount,18.87264824521473,12259229,-173.779235781113,-15.03503909880928,Pacific,new_candidate,,1.0,41.0,41.0,8.0,BMRG08MV;FK160320;FK171110;KIWI10RR;KM0703;KM1008;KM1024;KM1128;KM1129A;PPTU04WT;RR0916;RR1211;TN227;TN234,lu01,KIWI10RR__MGDS_24499,False
MGDS:30047,10.26022/IEDA/330047,Processed bathymetry data (ESRI ASCII grids) acquired near-bottom in 2013 and 2016 on the continenta,AUV,0.9970192538998972,ESRI ASCII Grid,,needs_geometry,HR is footprint_suspect — true valid-data extent must be computed in Stage B before ratio is trustworthy,2009_Amundsen,Kongsberg EM302,Amundsen,independent,True,431.13766879425026,-906.908,-86.995,continental_margin,318.27668508809256,102734428,-135.8781778256042,70.8610355775004,Arctic,new_candidate,,1.0,8.7,8.7,2.0,2003_Amundsen;2004_Amundsen;2006_Amundsen;2009_Amundsen;2010_Amundsen;2011_Amundsen;HLY03TD;HLY1103;HLY1302,lu18,2009_Amundsen__MGDS_30046,False
MGDS:33027,,"Near-bottom multibeam bathymetry gridded data collected by AUV Sentry at 9°50'N, East Pacific Rise (",Sentry,0.24997645476663327,NetCDF Grid,,raw_lr_to_grid,LR is raw-only (lr_res_source=unknown); routed to Stage C gridding — ratio measured post-grid,PASC02WT,SeaBeam,Thomas Washington,independent,False,0.1272116662934618,-2568.828,-2544.68,hydrothermal_vent,0.1272116662934618,1989203,-104.29446146725999,9.90528887260645,Pacific,new_candidate,,2.0,89.3,357.2,16.0,A125L24;A125L39;A131L11;A131L9;AII2L25;AT03L29;AT03L47;AT07L04;AT07L06;AT11L03;AT11L07;AT11L09;AT15-16;AT18-12;AT26-10;AT26-23;AT37-05;AT37-11;AT37-12;AT3L10;AT42-06;AT42-09;AT42-21;CERE02WT;EW9708;KN182L13;MGL0812;MRTN15WT;NEMO01MV;NEMO02MV;PASC01WT;PASC02WT;RAIT01WT;RAPA01WT;RC2607;SERA02WT;TN188;TN399;VNTR03WT,lu05,TN399__MGDS_30373,False
MGDS:31289,10.26022/IEDA/331289,Near-bottom AUV multibeam bathymetry grid (netCDF format) from the Octopus Garden hydrothermal sprin,AUV,1.0,NetCDF Grid,,needs_geometry,HR is footprint_suspect — true valid-data extent must be computed in Stage B before ratio is trustworthy,NA080,Kongsberg EM302,Nautilus,independent,True,197.69424908124566,-3486.47,-2955.18,volcanic_or_seamount,197.69424908124566,81079635,-122.64493963562046,35.55502539961498,Pacific,new_candidate,,1.0,56.2,56.2,8.0,AT42-09;B00210;B00211;EX1503L2;FK190315;HLY05TI;MGL1108;Monterey;NA080;NA082;NA103;NA117;NA122;NA130;RR1710;SKQ201913T;TN279;TN281;TN396;TUNE01WT,lu13,NA080__MGDS_31290,False
MGDS:33068,10.60521/333068,Processed Gridded Near-Bottom AUV Bathymetry Data (EM2040) from the East Pacific Rise at 9N Spreadin,Sentry,0.9999444547972995,NetCDF Grid,,needs_geometry,HR is footprint_suspect — true valid-data extent must be computed in Stage B before ratio is trustworthy,TN399,Kongsberg EM302,Thomas G. Thompson,independent,True,117.48575583695042,-2833.344,-1826.038,volcanic_or_seamount,105.14070881005401,420857059,-104.29484348246906,9.921330819278557,Pacific,new_candidate,,1.0,40.7,40.7,8.0,A125L24;A125L25;A125L39;A131L11;A131L9;AII2L25;AII2L26;AT03L29;AT03L33;AT03L47;AT07L04;AT07L06;AT07L26;AT11L03;AT11L07;AT11L09;AT11L26;AT15-16;AT15-41;AT18-12;AT26-10;AT26-23;AT37-05;AT37-11;AT37-12;AT3L10;AT3L11;AT42-06;AT42-09;AT42-21;CERE02WT;DANA06RR;ENCR01WT;EW9405;EW9708;KN182L13;MGL0812;MRTN15WT;NEMO01MV;NEMO02MV;PASC01WT;PASC02WT;PHNX02MV;RAIT01WT;RAIT02WT;RAPA01WT;RC2607;SERA02WT;TN188;TN399;VNTR03WT,lu05,TN399__MGDS_30373,False
MGDS:24043,10.1594/IEDA/324043,Gridded Near-Bottom Bathymetry Data from the Siqueiros Fracture Zone acquired with AUV Sentry during,Sentry,0.999933220615907,NetCDF Grid,,needs_geometry,HR is footprint_suspect — true valid-data extent must be computed in Stage B before ratio is trustworthy,AT37-05,Kongsberg EM122,Atlantis,independent,True,80.56789327798126,-3146.372,-2144.0,volcanic_or_seamount,80.56789327798126,127361906,-105.24346918727099,8.42844442758973,Pacific,new_candidate,,1.0,46.2,46.2,8.0,AT03L30;AT15-45;AT37-05;AT37-07;AT42-06;DRFT02RR;KN182L13;MGL0812;PPTU02WT;RAIT02WT;RAPA01WT;TN399;VANC01MV,lu05,,False
MGDS:24449,10.1594/IEDA/324449,Processed Near-Bottom AUV REMUS 600 Bathymetry Data (ASCII format) from the Penguin Bank acquired du,REMUS,,Text File (ASCII),,needs_geometry,HR is footprint_suspect — true valid-data extent must be computed in Stage B before ratio is trustworthy,KM0303,Simrad EM1002; EM120,Kilo Moana,independent,True,104.12335253109173,,,unknown,88.99753676384924,507086239,-157.3782022188805,21.01910562410919,Pacific,new_candidate,,1.0,,,,A198HW;AVON06MV;CNTL09RR;CNTL14RR;COOK23MV;COOK24MV;DRFT16RR;EW9506;EW9709;EW9801;EW9802;EX0908;EX0909;HI-05-04;HI-06-05;HLY11TB;KIWI02RR;KIWI14RR;KM0203;KM0303;KM0305;KM0314;KM0317;KM0322;KM0323;KM0324;KM0402;KM0414;KM0518;KM0615;KM0620;KM0623;KM0629;KM0807;KM0809;KM0812;KM0816;KM0819;KM0904;KM0917;KM0919;KM1103;KM1106;KN195-13;KRUS02RR;KRUS06RR;LPRS04RR;MGL1002;NECR02RR;RNDB03WT;SUM0108B;SUM0408P;TN261;TN271;YK1999;YK2002,lu07,,False
