hr_id,set,source,title,doi,file_ids,hr_res_m,hr_cruise_catalog,hr_cruise_desc,lr_best,lr_cruises_all,lon,lat,prior_unit,prior_designation,prior_joins,general_type,hr_cruise_meta,lockbox_precheck,lockbox_min_km,hr_bytes,hr_n_files,hr_area_km2,hr_rasters_ok,hr_file_status,hr_raster_tags,hr_cruise_final,hr_cruise_source,basin,lr_overlap_km2,lr_cruises_real,lr_best_real,lr_best_overlap_km2,lockbox_min_km_real,status,reason
MGDS:5174,H1,MGDS,AUV ABE near-bottom scanning sonar bathymetry grids from East Pacific Rise (EPR) 9&deg;N,10.1594/IEDA/100021,"19212,19236,19237,19250",4.988858284029265,AT07-04,AT07-04,AT42-06,AT42-06,-104.2662455369749,9.65837506275708,,development (ruling H1),,Grid,AT07-04,,2143.200874663164,4031854.0,4.0,17.381,4.0,AT07-04.abe.9_28N.bathy_ut_mask.grd:ok; AT07-04.abe.9_50N.bathy_ll_mask.grd:ok; AT07-04.abe.9_50N.bathy_ut_mask.grd:ok; AT07-04.abe.9_28N.bathy_ll_mask.grd:ok,{},AT07-04,catalog,Pacific,"{""AT42-06"": 17.381}",AT42-06,AT42-06,17.381,2142.1,verified,
MGDS:20815,H1,MGDS,Processed Gridded (ESRI ASCII format) Submersible Bathymetry Data from the Gulf of Mexico acquired during the Atlantis e,10.1594/IEDA/320815,"751504,751505,751506,751507,751508",0.7993866996368936,AT18-03,AT18-03,EX1202L2,EX1202L2,-88.45268139592426,28.692118718780964,,development (ruling H1),,Grid,AT18-03,,2273.7055454193824,23785268.0,5.0,3.668,5.0,sentry080_MC338_1x1_equal.asc:ok; sentry083_1x1_equal.asc:ok; sentry083_p5xp5_equal.asc:ok; sentry084_1x1_equal.asc:ok; sentry084_p5xp5_equal.asc:ok,{},AT18-03,catalog,Gulf of Mexico/Caribbean,"{""EX1202L2"": 3.668}",EX1202L2,EX1202L2,3.668,2273.8,verified,
MGDS:21847,H1,MGDS,"Bathymetry Grid from the Atlantis Massif acquired in 2003 with the AUV ABE during the Lost City Expedition, Atlantis cru",10.1594/IEDA/321847,866137,4.998603595627189,AT07-34,AT07-34,lostcity2005,lostcity2005,-42.11865042145447,30.123909011949515,,development (ruling H1),,Grid,AT07-34,,5036.876611443126,490864.0,1.0,3.633,1.0,atlantis_massif_abe2003.grd:ok,{},AT07-34,catalog,Atlantic,"{""lostcity2005"": 3.633}",lostcity2005,lostcity2005,3.633,5036.7,verified,
MGDS:24002,H1,MGDS,"Loihi Seamount (Hawaii), Shinkai Deep and FeMO hydrothermal sites, Sentry AUV near-bottom processed bathymetry data, net",10.1594/IEDA/324002,"2859430,2859431",1.9993171815656368,FK140625,TN293,EX0909,EX0909,-155.1492575822689,18.744295587054765,,development (ruling H1),,Grid,FK140625,,4008.397299418651,7962102.0,2.0,17.632,2.0,SentryLoihi_FeMO_Topo2m.grd:ok; SentryLoihi_ShinkaiDeep_Topo2m.grd:ok,"{""NC_GLOBAL#history"": ""mbgrid"", ""NC_GLOBAL#title"": ""Topography Grid""}",FK140625,catalog,Pacific,"{""EX0909"": 17.632}",EX0909,EX0909,17.632,4009.9,verified,
MGDS:24467,H1,MGDS,"Processed Gridded Near-Bottom AUV Bathymetry Data from the Juan de Fuca Spreading Center, acquired during R/V Atlantis e",10.1594/IEDA/324467,"1147605,1147606,1147607,1147608,1147609,1147610,1147611,1147612,1147613,1147614,1147615,1147616,1147617,1147618,1147619,1147620,1147621,1147622,1147623,1147624,1147625,1147626",0.4816836188199196,AT26-17,AT26-17,TN313,TN313,-129.6059187308177,46.74653723142208,,development (ruling H1),,Grid,AT26-17,,177.85872171926746,167397518.0,22.0,0.474,20.0,sentry271_20140718_2036_tide_1x1.grd:poly_err:gmt convert: no valid pixels; sentry271_20140718_2036_tide_equal_1x1.g:poly_err:gmt convert: no valid pixels; sentry272_20140719_1815_tide_0.1x0.1.ash:ok; sentry272_20140719_1815_tide_0.1x0.1.grd:ok; sentry272_20140719_1815_tide_0.5x0.5.ash:ok; sentry272_20140719_1815_tide_0.5x0.5.grd:ok; sentry272_20140719_1815_tide_0.5x0.5.tom:ok; sentry272_20140719_1815_tide_1.000000e-0:ok,{},AT26-17,catalog,Pacific,"{""TN313"": 0.311}",,,,,false_pair,no LR footprint overlaps the real HR footprint (best TN313: 0.311)
MGDS:31073,H1,MGDS,Processed Gridded Near-Bottom Bathymetry Data acquired during R/V Atlantis expedition AT26-14 (2014),10.60521/331073,"2810071,2810072,2810073,2810074,2810075,2810076,2810077,2810078,2810079,2810080,2810081,2810082,2810083,2810084,2810085,2810086,2810087,2810088,2810089,2810090,2810091,2810092,2810093,2810094,2810095,2810096,2810097,2810098,2810099,2810100,2810101,2810102,2810103,2810104,2810105,2810106,2810107,2810108,2810109,2810110,2810111",0.9995097628190012,AT26-14,AT26-14,EX1402L2,EX1402L2,-90.698427262095,27.95496353275284,,development (ruling H1),,Grid,AT26-14,,2251.6229053453794,178186963.0,41.0,11.832,41.0,gc234_sentry_adjusted_equal_v2.grd:ok; gc234_sentry_adjusted.grd:ok; gc234_sentry_equal_v2.grd:ok; gc234_sentry.grd:ok; sentry231_20140429_1542_tide_1x1.grd:ok; sentry231_20140429_1542_tide_equal_1x1.g:ok; sentry231_adjusted_equal.grd:ok; sentry231_adjusted.grd:ok,{},AT26-14,catalog,Gulf of Mexico/Caribbean,"{""EX1402L2"": 6.524}",EX1402L2,EX1402L2,6.524,2246.5,verified,
MGDS:31291,H1,MGDS,Near-bottom AUV multibeam bathymetry image (GeoTIFF format) from the Octopus Garden hydrothermal spring site,10.26022/IEDA/331291,2840570,,OctopusGarden_MBARI,,NA080,NA080,-122.64498359102116,35.55506610247575,,development (ruling H1),,Image Geo,OctopusGarden_MBARI,,1477.583455057873,592624744.0,1.0,0.0,0.0,"OctopusGarden_MAUV2022_Topo1m_utm_slope.:rgb_render:rgb_uint8_render(count=3,colo",{},OctopusGarden_MBARI,catalog,,,,,,,no_elevation_raster,no readable float raster (renders/PDF only)
MGDS:31321,H1,MGDS,Processed Gridded Near-Bottom Bathymetry Data acquired during R/V McArthur II expedition M2-11-01 (2011),10.60521/331321,"2844595,2844599,2844602,2844603,2844604,2844605,2844606,2844607,2844608,2844609,2844610,2844611,2844612,2844613,2844614,2844615,2844616,2844617,2844618,2844619,2844620,2844621,2844622,2844623,2844624,2844625,2844626,2844627,2844628,2844629,2844630,2844631,2844632,2844633,2844634,2844635,2844636,2844637,2844638,2844639,2844640,2844641,2844642,2844643,2844644,2844646,2844649,2844653,2844655,2844656,2844657,2844658",0.5717333025035013,M2-11-01,,EX1202L3,EX1202L3,-88.52560318928688,28.69363331662945,,development (ruling H1),,Grid,M2-11-01,,2273.7129168585197,211669161.0,52.0,20.337,52.0,sentry095_1x1.grd:ok; sentry096_block2_v2_equal_p5xp5.grd:ok; sentry096_top_equal_p5xp5.grd:ok; sentry097_1x1.grd:ok; sentry097_block1_v2_equal_p5xp5.grd:ok; sentry097_block1_v3_equal_p5xp5.grd:ok; sentry097_block2_v2_equal_p5xp5.grd:ok; sentry097_block2_v3_equal_p5xp5.grd:ok,{},M2-11-01,catalog,Gulf of Mexico/Caribbean,"{""EX1202L3"": 12.627}",EX1202L3,EX1202L3,12.627,2275.2,verified,
MGDS:31813,H1,MGDS,"Processed Gridded Near-Bottom AUV Bathymetry Data from the Gulf of Mexico, acquired during R/V Atlantis expedition AT26-",10.60521/331813,"3203278,3203279,3203280,3203281,3203282,3203283,3203284,3203285,3203286,3203287,3203288,3203289,3203290,3203291,3203292,3203293,3203294,3203295,3203296,3203297,3203298,3203299,3203300,3203301,3203302,3203303,3203304,3203305,3203306,3203307,3203308,3203309,3203310,3203311,3203312,3203313,3203314,3203315,3203316,3203317,3203318,3203319,3203320,3203321,3203322,3203323",0.8690544770855743,AT26-15,AT26-15,NR07-1,NR07-1,-87.39965798858788,27.567478828844656,,development (ruling H1),,Grid,AT26-15,,2065.962542260099,180031355.0,46.0,9.251,46.0,sentry246_20140524_1215_tide_1x1.grd:ok; sentry246_20140524_1215_tide_equal_1x1.g:ok; sentry247_20140526_1527_tide_5.000000e-0:ok; sentry247_20140526_1527_tide_equal_5.000:ok; sentry249_20140528_1701_tide_5.000000e-0:ok; sentry249_20140528_1701_tide_equal_5.000:ok; sentry250_20140529_1505_tide_5.000000e-0:ok; sentry250_20140529_1505_tide_5.000000e-0:ok,{},AT26-15,catalog,Gulf of Mexico/Caribbean,"{""NR07-1"": 2.61}",NR07-1,NR07-1,2.61,2133.9,verified,
MGDS:31814,H1,MGDS,"Processed Gridded Near-Bottom AUV Bathymetry Data (ASCII:ESRI) from the Gulf of Mexico, acquired during R/V Atlantis exp",10.60521/331814,"3203324,3203325,3203326,3203327,3203328,3203329,3203330,3203331,3203332,3203333,3203334,3203335,3203336,3203337,3203338,3203339,3203340,3203341,3203342,3203343,3203344,3203345",0.885750659710958,AT26-15,AT26-15,NR07-1,NR07-1,-86.58051746912535,27.625035638032823,,development (ruling H1),,Grid,AT26-15,,2065.9618753139816,126994312.0,22.0,7.848,9.0,sentry246_20140524_1215_tide_equal_1x1.a:poly_err:crs_failed_verification (tried ; sentry247_20140526_1527_tide_equal_5.000:poly_err:crs_failed_verification (tried ; sentry249_20140528_1701_tide_equal_5.000:poly_err:crs_failed_verification (tried ; sentry250_20140529_1505_tide_equal_5.000:poly_err:crs_failed_verification (tried ; sentry250_20140529_1505_tide_equal_5.000:poly_err:crs_failed_verification (tried ; sentry250_20140529_1505_tide_equal_5.000:poly_err:crs_failed_verification (tried ; sentry250_20140529_1505_tide_equal_5.000:poly_err:crs_failed_verification (tried ; sentry252_20140531_1142_tide_equal_5.000:poly_err:crs_failed_verification (tried ,{},AT26-15,catalog,Gulf of Mexico/Caribbean,"{""NR07-1"": 2.586}",NR07-1,NR07-1,2.586,2130.9,verified,
MGDS:31831,H1,MGDS,"Processed Gridded Near-Bottom AUV Bathymetry Data from the Eastern North American Margin, acquired during R/V Atlantis e",10.60521/331831,"3204407,3204408,3204409,3204410,3204411,3204412,3204413,3204414",0.9990943799759237,AT29-04,AT29-04,EX1206,EX1206,-75.32581939353716,34.51008462086091,,development (ruling H1),,Grid,AT29-04,,3274.0762438415804,13149046.0,8.0,4.197,8.0,sentry324_20150713_1207_tide_1.00x1.00_B:ok; sentry325_20150716_1324_tide_1.00x1.00_B:ok; sentry326_20150717_0948_tide_1.00x1.00_B:ok; sentry327_20150718_1213_tide_1.00x1.00_B:ok; sentry328_20150719_1148_tide_1.00x1.00_B:ok; sentry329_20150720_1042_tide_1.00x1.00_B:ok; sentry333_20150725_1046_tide_1.00x1.00_B:ok; sentry334_20150726_1100_tide_1.00x1.00_B:ok,{},AT29-04,catalog,Atlantic,"{""EX1206"": 1.544}",EX1206,EX1206,1.544,3045.4,verified,
PANGAEA:892662,P4,PANGAEA,Grid files from two AUV missions in the DISCOL area during the SONNE cruise SO242/1,10.1594/PANGAEA.892662,,,SO242/1,,PANGAEA:859528,SO242/1,-88.483333335,-7.0850666665,,development (joins existing unit),lu02,,SO242/1,,1784.7250737775116,,,,,,,,,,,,,,,hr_download_or_footprint_failed,401 Client Error: Unauthorized for url: https://store.pangaea.de/Publications/AlevizosE-etal_2018/AUV-grid-data.zip
MGDS:16792,R01,MGDS,Processed Near-bottom Bathymetry Grids (NetCDF:GMT format) derived from Multibeam Sonar Data from the Lau Back-arc Basin,10.1594/IEDA/316792,"428513,428514,428515,428516",1.999660864885291,TN234,TN234,FK171110,BMRG08MV;FK160320;FK171110;KIWI10RR;KM0417;KM0703;KM1008;KM1024;KM1129A;MGL0901;PPTU04WT;RR0916;RR1211;TN227;TN234,-174.0408842647596,-15.269635565589606,,development (joins existing unit),lu01,Grid,TN234,,8320.64189845151,46907447.0,4.0,0.0,0.0,LauMata_AUV2m.grd:poly_err:IllegalArgumentException: Point; LauMata_AUV2_sq.grd:poly_err:UnsupportedOperationException: ; LauNELSC_AUV2m.grd:poly_err:crs_failed_verification (tried ; LauNELSC_AUV2_sq.grd:poly_err:IllegalArgumentException: Point,{},TN234,catalog,,,,,,,no_elevation_raster,no readable float raster (renders/PDF only)
MGDS:22383,R01,MGDS,Processed Gridded Near-Bottom AUV Sentry Bathymetric Sonar Data from the Izu-Bonin-Mariana Volcanic Arc acquired during ,10.1594/IEDA/322383,"943771,943772,943773,943774,943775",0.9998805488735034,FK151121,FK151121,FK151121,BCH1101E;COOK07MV;EW0202;EX1605L1;EX1605L2;FK151121;FK161129;HEE1001A;MV1302;PAT0903E;PPTU09WT;RR1412;RR1413;SUM0704;SUM0901E,144.60291238938612,16.468050479969662,nu00,development,,Grid,FK151121,,8370.642218332205,142325871.0,5.0,42.808,5.0,sentry366_20151201_0622_rnv_tide_1.00x1.:ok; sentry367_20151203_1507_rnv_tide_1.00x1.:ok; sentry368_20151208_1933_tide_1.00x1.00_B:ok; sentry369_20151212_1741_rnv_tide_1.00x1.:ok; sentry370_20151215_2347_tide_1.00x1.00_B:ok,{},FK151121,catalog,Pacific,"{""MV1302"": 17.35, ""EX1605L1"": 26.41, ""HEE1001A"": 3.488, ""COOK07MV"": 4.263, ""PPTU09WT"": 15.214, ""SUM0704"": 17.35, ""PAT0903E"": 9.289, ""SUM0901E"": 3.328, ""FK151121"": 42.808, ""RR1413"": 21.196, ""RR1412"": 4.718, ""EX1605L2"": 0.164, ""BCH1101E"": 6.695, ""FK161129"": 38.87, ""EW0202"": 14.068}",BCH1101E;COOK07MV;EW0202;EX1605L1;FK151121;FK161129;HEE1001A;MV1302;PAT0903E;PPTU09WT;RR1412;RR1413;SUM0704;SUM0901E,FK151121,42.808,8385.0,verified,
MGDS:22384,R01,MGDS,Processed Near-Bottom AUV Sentry Bathymetric Sonar Images from the Izu-Bonin-Mariana Volcanic Arc acquired during the Fa,10.1594/IEDA/322384,"943776,943777,943778,943779,943780",,FK151121,FK151121,FK151121,BCH1101E;COOK07MV;EW0202;EX1605L1;EX1605L2;FK151121;FK161129;HEE1001A;MV1302;PAT0903E;PPTU09WT;RR1412;RR1413;SUM0704;SUM0901E,144.6161509990389,16.63457406143623,nu00,development,,Image,FK151121,,8370.642299926149,15087946.0,5.0,0.0,0.0,sentry366_20151201_0622_rnv_tide_1.00x1.:non_raster; sentry367_20151203_1507_rnv_tide_1.00x1.:non_raster; sentry368_20151208_1933_tide_1.00x1.00_B:non_raster; sentry369_20151212_1741_rnv_tide_1.00x1.:non_raster; sentry370_20151215_2347_tide_1.00x1.00_B:non_raster,{},FK151121,catalog,,,,,,,no_elevation_raster,no readable float raster (renders/PDF only)
MGDS:24043,R01,MGDS,Gridded Near-Bottom Bathymetry Data from the Siqueiros Fracture Zone acquired with AUV Sentry during R/V Atlantis expedi,10.1594/IEDA/324043,"1066498,1066499,1066500,1066501,1066502,1066503,1066504,1066505,1066506,1066507,1066508,1066509",0.999933220615907,AT37-05,AT37-05,AT37-05,AT03L30;AT15-45;AT37-05;AT37-07;AT42-06;DRFT02RR;KN182L13;MGL0812;PPTU02WT;RAIT02WT;RAPA01WT;TN399;VANC01MV,-105.16961049661148,8.417035577612086,,development (joins existing unit),lu05,Grid,AT37-05,,2249.571000292655,127361906.0,12.0,41.693,12.0,sentry394_20161113_1543_tide_equal_1.00x:ok; sentry395_20161114_1408_tide_equal_1.00x:ok; sentry396_20161115_1147_tide_equal_1.00x:ok; sentry397_20161116_1213_tide_equal_1.00x:ok; sentry398_20161117_1205_tide_equal_1.00x:ok; sentry399_20161118_1302_tide_equal_1.00x:ok; sentry401_20161121_1306_tide_equal_1.00x:ok; sentry402_20161125_1326_tide_equal_1.00x:ok,{},AT37-05,catalog,Pacific,"{""AT37-07"": 0.048, ""DRFT02RR"": 3.768, ""AT42-06"": 12.543, ""VANC01MV"": 4.394, ""KN182L13"": 4.394, ""RAPA01WT"": 20.72, ""AT15-45"": 0.0, ""AT03L30"": 2.749, ""PPTU02WT"": 0.0, ""AT37-05"": 41.693, ""MGL0812"": 2.404, ""TN399"": 2.758, ""RAIT02WT"": 10.278}",AT03L30;AT37-05;AT42-06;DRFT02RR;KN182L13;MGL0812;RAIT02WT;RAPA01WT;TN399;VANC01MV,AT37-05,41.693,2241.5,verified,
MGDS:24424,R01,MGDS,Processed Gridded Near-Bottom AUV Sentry Bathymetry Data from the Tonga Volcanic Arc acquired during R/V Falkor expediti,10.1594/IEDA/324424,"1127893,1127894,1127895,1127896,1127897,1127898",0.999823722500767,FK171110,FK171110,FK171110,BMRG08MV;FK160320;FK171110;KIWI10RR;KM0703;KM1008;KM1024;KM1128;KM1129A;PPTU04WT;RR0916;RR1211;TN227;TN234,-173.78087990954035,-14.92974251445372,,development (joins existing unit),lu01,Grid,FK171110,,8284.148982325358,12259229.0,6.0,1.695,6.0,sentry461_20171117_0517_rnv_tide_1.00x1.:ok; sentry461_20171117_0517_rnv_tide_equal_1:ok; sentry463_20171120_0115_rnv_tide_1.00x1.:ok; sentry463_20171120_0115_rnv_tide_1.00x1.:ok; sentry463_20171120_0115_rnv_tide_equal_1:ok; sentry463_20171120_0115_rnv_tide_equal_1:ok,{},FK171110,catalog,Pacific,"{""RR1211"": 1.695, ""KIWI10RR"": 0.122, ""KM1129A"": 0.122, ""TN234"": 0.122, ""KM0703"": 0.769, ""RR0916"": 1.695, ""TN227"": 0.122, ""PPTU04WT"": 0.307, ""KM1008"": 1.695, ""KM1128"": 0.0, ""BMRG08MV"": 1.695, ""FK160320"": 0.122, ""KM1024"": 0.121, ""FK171110"": 1.695}",BMRG08MV;FK171110;KM0703;KM1008;RR0916;RR1211,FK171110,1.695,8274.0,verified,
MGDS:24449,R01,MGDS,Processed Near-Bottom AUV REMUS 600 Bathymetry Data (ASCII format) from the Penguin Bank acquired during R/V Falkor expe,10.1594/IEDA/324449,"1136260,1136261,1136262,1136263,1136264,1136265,1136266,1136267",,FK170825,FK170825,KM0303,A198HW;AVON06MV;CNTL09RR;CNTL14RR;COOK23MV;COOK24MV;DRFT16RR;EW9506;EW9709;EW9801;EW9802;EX0908;EX0909;HI-05-04;HI-06-05;HLY11TB;KIWI02RR;KIWI14RR;KM0203;KM0303;KM0305;KM0314;KM0317;KM0322;KM0323;KM0324;KM0402;KM0414;KM0518;KM0615;KM0620;KM0623;KM0629;KM0807;KM0809;KM0812;KM0816;KM0819;KM0904;KM0917;KM0919;KM1103;KM1106;KN195-13;KRUS02RR;KRUS06RR;LPRS04RR;MGL1002;NECR02RR;RNDB03WT;SUM0108B;SUM0408P;TN261;TN271;YK1999;YK2002,-157.3782022188805,21.01910562410919,,development (joins existing unit),lu07,,FK170825,,3916.983607615727,507086239.0,8.0,0.0,0.0,MS01-bat75cm-Final.xyz:xyz_points_not_a_grid; MS02-bat75cm-Final.xyz:xyz_points_not_a_grid; MS03-bat75cm-Final.xyz:xyz_points_not_a_grid; MS04-bat75cm-Final.xyz:xyz_points_not_a_grid; MS05-bat75cm-Final.xyz:xyz_points_not_a_grid; MS06-bat75cm-Final.xyz:xyz_points_not_a_grid; MS07-bat75cm-Final.xyz:xyz_points_not_a_grid; MS08-bat75cm-Final.xyz:xyz_points_not_a_grid,{},FK170825,catalog,,,,,,,no_elevation_raster,no readable float raster (renders/PDF only)
MGDS:30047,R01,MGDS,Processed bathymetry data (ESRI ASCII grids) acquired near-bottom in 2013 and 2016 on the continental slope of the Canad,10.26022/IEDA/330047,"2401259,2401260,2401261,2401262,2401263",0.9970192538998972,,,2009_Amundsen,2003_Amundsen;2004_Amundsen;2006_Amundsen;2009_Amundsen;2010_Amundsen;2011_Amundsen;HLY03TD;HLY1103;HLY1302,-136.04132676319327,70.69137034164989,,development (joins existing unit),lu18,Grid,,,2572.131109432685,102734428.0,5.0,54.585,5.0,Gentle_Shelf_Slope.asc:ok; Scar_w_Headwall_519.asc:ok; Scar_w_Headwall_715.asc:ok; Shelf_Edge_Scar_w_Adj_Remnant.asc:ok; Shelf_Edge_Scar_w_Stair_Terraces.asc:ok,{},,unknown,Arctic,"{""HLY1103"": 3.371, ""2004_Amundsen"": 24.952, ""2009_Amundsen"": 54.585, ""HLY03TD"": 8.71, ""HLY1302"": 0.0, ""2010_Amundsen"": 9.234, ""2011_Amundsen"": 15.642, ""2006_Amundsen"": 20.0, ""2003_Amundsen"": 8.453}",2003_Amundsen;2004_Amundsen;2006_Amundsen;2009_Amundsen;2010_Amundsen;2011_Amundsen;HLY03TD;HLY1103,2009_Amundsen,54.585,2554.9,verified,
MGDS:30193,R01,MGDS,"Processed near-bottom Sentry AUV bathymetry data (netCDF grids) at the Mid-Atlantic Ridge (AT40-02, 2018)",10.26022/IEDA/330193,"2419079,2419080,2419081,2419082,2419083,2419084,2419085,2419086,2419087,2419088,2419089,2419090,2419091,2419092,2419093,2419094,2419095,2419096,2419097,2419098,2419099,2419100,2419101,2419102,2419103,2419104,2419105,2419106,2419107,2419108,2419109,2419110,2419111,2419112,2419113,2419114,2419115,2419116,2419117,2419118",0.9999028694991686,AT40-02,AT40-02,KN182L03,AT04L04;AT05L03;AT40-02;KN182L03,-45.00875617495558,13.828963599779147,nu01,confirmatory,,Grid,AT40-02,,4373.05154073516,585198438.0,40.0,68.77,40.0,sentry473_20180518_0914_navadjust_tide_1:ok; sentry473_20180518_0914_navadjust_tide_e:ok; sentry474_20180519_0917_navadjust_tide_1:ok; sentry474_20180519_0917_navadjust_tide_e:ok; sentry475_navadjust_tide_1.00x1.00_BV01.:ok; sentry475_navadjust_tide_equal_1.00x1.00:ok; sentry476_navadjust_tide_1.00x1.00_BV01.:ok; sentry476_navadjust_tide_equal_1.00x1.00:ok,{},AT40-02,catalog,Atlantic,"{""KN182L03"": 68.77, ""AT40-02"": 3.396, ""AT05L03"": 8.587, ""AT04L04"": 17.933}",AT04L04;AT05L03;AT40-02;KN182L03,KN182L03,68.77,4373.7,verified,
MGDS:30368,R01,MGDS,Escanaba Trough (Gorda Ridge) AUV near-bottom processed swath bathymetry gridded data in GMT-compatible netCDF format (2,10.26022/IEDA/330368,"2433133,2433134",0.9985685328986866,,RCSN204,RP15DI86,EW9504;EW9505;EX0904;EX2208;Escanaba;MGLN46MV;RB9702;RP15DI86;TN403,-127.50461520207392,40.943385865199694,nu02,development,,Grid,RCSN204,,797.150659367671,101804494.0,2.0,79.682,2.0,MAUV_NESCA_All_Topo_1m.grd:ok; MAUV_SESCA_All_Topo_1m.grd:ok,"{""NC_GLOBAL#history"": ""mbgrid"", ""NC_GLOBAL#title"": ""Topography Grid""}",RCSN204,mgds_description,Pacific,"{""EX2208"": 12.491, ""EW9505"": 77.869, ""EW9504"": 2.338, ""RP15DI86"": 79.682, ""EX0904"": 79.682, ""TN403"": 79.682, ""RB9702"": 15.04, ""Escanaba"": 79.682, ""MGLN46MV"": 79.682}",EW9504;EW9505;EX0904;EX2208;Escanaba;MGLN46MV;RB9702;RP15DI86;TN403,RP15DI86,79.682,789.7,verified,
MGDS:31289,R01,MGDS,Near-bottom AUV multibeam bathymetry grid (netCDF format) from the Octopus Garden hydrothermal spring site,10.26022/IEDA/331289,2844303,1.0,,,NA080,AT42-09;B00210;B00211;EX1503L2;FK190315;HLY05TI;MGL1108;Monterey;NA080;NA082;NA103;NA117;NA122;NA130;RR1710;SKQ201913T;TN279;TN281;TN396;TUNE01WT,-122.64246185445398,35.538709669136175,,development (joins existing unit),lu13,Grid,,,1477.5890331463293,81079635.0,1.0,53.56,1.0,OctopusGarden_MAUV2022_Topo1m_utm.grd:ok,"{""NC_GLOBAL#history"": ""mbgrid"", ""NC_GLOBAL#title"": ""Topography Grid""}",,unknown,Pacific,"{""SKQ201913T"": 0.0, ""RR1710"": 19.884, ""NA082"": 19.308, ""NA117"": 37.948, ""Monterey"": 1.547, ""TN396"": 39.482, ""B00210"": 46.305, ""TN279"": 0.24, ""EX1503L2"": 0.792, ""TUNE01WT"": 0.71, ""TN281"": 0.24, ""FK190315"": 17.51, ""NA122"": 5.435, ""HLY05TI"": 20.833, ""NA080"": 53.56, ""NA130"": 30.415, ""NA103"": 52.855, ""MGL1108"": 1.851, ""AT42-09"": 22.668, ""B00211"": 51.037}",AT42-09;B00210;B00211;EX1503L2;FK190315;HLY05TI;MGL1108;Monterey;NA080;NA082;NA103;NA117;NA122;NA130;RR1710;TN396;TUNE01WT,NA080,53.56,1479.4,verified,
MGDS:31429,R01,MGDS,"Loihi Seamount (Hawaii), Shinkai Deep and FeMO hydrothermal sites, Sentry AUV near-bottom processed bathymetry data, ESR",10.26022/IEDA/331429,"2859432,2859433",1.9993185975867296,,TN293,KM0923,AII8L11;AMAT08RR;B00297;DRFT11RR;DRFT13RR;EW9801;EX0909;FK140625;KM0518;KM0719;KM0923;KM1018;KM1120A;KM1808;KR1998;Loihi;MGLN10MV;MGLN11MV;NECR05RR;RR1610;SEAW03RR;TUNE03WT;TUNE04WT;YK1999;YK2002,-155.1492480868681,18.74430507002879,,development (joins existing unit),lu07,Grid,TN293,,4008.395885881172,17806935.0,2.0,17.632,2.0,sentry_femo2m.asc:ok; sent_shdeep2m.asc:ok,{},TN293,mgds_description,Pacific,"{""DRFT13RR"": 17.632, ""AII8L11"": 17.632, ""KM1808"": 11.017, ""EW9801"": 10.39, ""YK2002"": 17.632, ""RR1610"": 15.43, ""KM1018"": 17.632, ""KM0719"": 17.632, ""SEAW03RR"": 17.632, ""YK1999"": 17.632, ""DRFT11RR"": 17.632, ""KM1120A"": 17.632, ""AMAT08RR"": 10.855, ""KR1998"": 17.632, ""Loihi"": 2.107, ""EX0909"": 17.632, ""MGLN11MV"": 10.44, ""NECR05RR"": 17.632, ""KM0518"": 17.632, ""MGLN10MV"": 17.632, ""FK140625"": 17.632, ""KM0923"": 17.632, ""TUNE04WT"": 0.037, ""B00297"": 17.632, ""TUNE03WT"": 7.075}",AII8L11;AMAT08RR;B00297;DRFT11RR;DRFT13RR;EW9801;EX0909;FK140625;KM0518;KM0719;KM0923;KM1018;KM1120A;KM1808;KR1998;Loihi;MGLN10MV;MGLN11MV;NECR05RR;RR1610;SEAW03RR;TUNE03WT;YK1999;YK2002,KM0923,17.632,4009.9,verified,
MGDS:32239,R01,MGDS,MBARI Mapping AUV near-bottom processed swath bathymetry gridded data (netCDF format) at the Mid-Atlantic Ridge Puy des ,,"3373797,3373798,3373799,3373800,3373801,3373802,3373803",0.7853340263896771,,,RC2511,AII4L2;AT05L03;AT05L04;AT3L3;EW0102;EW9704;EW9901;EX2206;KN161L04;KN176L04;KN180L02;KN207-02;KN209-02;RC2511;RC2909;RC3001,-45.199497722523,23.91728055970722,nu01,confirmatory,,Grid,,,4521.619510798997,311846536.0,7.0,143.132,3.0,PuyDesFolles_Schimneys_MAUV_Topo50cm.grd:poly_err:crs_failed_verification (tried ; PuyDesFolles_NNWchimneys_MAUV_Topo50cm.g:poly_err:crs_failed_verification (tried ; EMARK_vents_MAUV_Topo1m.grd:ok; EMARK_massif_MAUV_Topo1m.grd:ok; PuyDesFolles_Birthday_MAUV_Topo50cm.grd:poly_err:crs_failed_verification (tried ; Hydra_MAUV_Topo1m.grd:ok; PuyDesFolles_MAUV_Topo1m.grd:poly_err:crs_failed_verification (tried ,"{""NC_GLOBAL#history"": ""mbgrid"", ""NC_GLOBAL#title"": ""Topography Grid""}",,unknown,Atlantic,"{""AT3L3"": 15.654, ""RC3001"": 24.28, ""EX2206"": 8.814, ""AII4L2"": 0.11, ""KN209-02"": 17.329, ""RC2909"": 37.815, ""KN207-02"": 32.114, ""AT05L03"": 5.202, ""KN180L02"": 14.492, ""EW0102"": 6.449, ""KN176L04"": 0.0, ""EW9901"": 0.0, ""KN161L04"": 37.815, ""EW9704"": 3.135, ""AT05L04"": 16.28, ""RC2511"": 104.82}",AT05L03;AT05L04;AT3L3;EW0102;EW9704;EX2206;KN161L04;KN180L02;KN207-02;KN209-02;RC2511;RC2909;RC3001,RC2511,104.82,4538.1,verified,
MGDS:33027,R01,MGDS,"Near-bottom multibeam bathymetry gridded data collected by AUV Sentry at 9°50'N, East Pacific Rise (AT50-21, 2024)",,3677662,0.2499764547666332,,AT50-21,PASC02WT,A125L24;A125L39;A131L11;A131L9;AII2L25;AT03L29;AT03L47;AT07L04;AT07L06;AT11L03;AT11L07;AT11L09;AT15-16;AT18-12;AT26-10;AT26-23;AT37-05;AT37-11;AT37-12;AT3L10;AT42-06;AT42-09;AT42-21;CERE02WT;EW9708;KN182L13;MGL0812;MRTN15WT;NEMO01MV;NEMO02MV;PASC01WT;PASC02WT;RAIT01WT;RAPA01WT;RC2607;SERA02WT;TN188;TN399;VNTR03WT,-104.29441359895009,9.90562621833548,,development (joins existing unit),lu05,Grid,AT50-21,,2146.20902536622,1989203.0,1.0,0.05,1.0,YBW_JN_NSEW_025m_20230129.grd:ok,{},AT50-21,mgds_description,Pacific,"{""AT07L06"": 0.05, ""AT42-06"": 0.05, ""AT37-11"": 0.05, ""KN182L13"": 0.05, ""PASC01WT"": 0.05, ""AT26-10"": 0.05, ""AT07L04"": 0.05, ""TN399"": 0.05, ""NEMO02MV"": 0.05, ""MRTN15WT"": 0.05, ""AII2L25"": 0.05, ""AT11L07"": 0.05, ""RC2607"": 0.05, ""AT37-05"": 0.05, ""AT42-21"": 0.05, ""A125L39"": 0.05, ""MGL0812"": 0.05, ""RAIT01WT"": 0.02, ""AT18-12"": 0.05, ""TN188"": 0.05, ""A131L9"": 0.05, ""AT42-09"": 0.05, ""PASC02WT"": 0.05, ""SERA02WT"": 0.05, ""A125L24"": 0.05, ""CERE02WT"": 0.05, ""AT11L09"": 0.05, ""AT03L47"": 0.05, ""AT11L03"": 0.05, ""EW9708"": 0.05, ""NEMO01MV"": 0.05, ""AT37-12"": 0.05, ""RAPA01WT"": 0.05, ""AT15-16"": 0.05, ""VNTR03WT"": 0.05, ""AT26-23"": 0.05, ""A131L11"": 0.05, ""AT03L29"": 0.05, ""AT3L10"": 0.05}",,,,,false_pair,no LR footprint overlaps the real HR footprint (best PASC02WT: 0.05)
MGDS:33068,R01,MGDS,"Processed Gridded Near-Bottom AUV Bathymetry Data (EM2040) from the East Pacific Rise at 9N Spreading Center Segment, ac",10.60521/333068,"3696700,3696701,3696702,3696703,3696704,3696705,3696706,3696707,3696708,3696709,3696710,3696711,3696712,3696713,3696714,3696715,3696716,3696717,3696718,3696719,3696720,3696721,3696722,3696723,3696724,3696725,3696726,3696727,3696728,3696729,3696730,3696731,3696732,3696733,3696734,3696735,3696736,3696737,3696738,3696739,3696740,3696741,3696742,3696743,3696744,3696745,3696746,3696747",0.9999444547972997,,AT50-21,TN399,A125L24;A125L25;A125L39;A131L11;A131L9;AII2L25;AII2L26;AT03L29;AT03L33;AT03L47;AT07L04;AT07L06;AT07L26;AT11L03;AT11L07;AT11L09;AT11L26;AT15-16;AT15-41;AT18-12;AT26-10;AT26-23;AT37-05;AT37-11;AT37-12;AT3L10;AT3L11;AT42-06;AT42-09;AT42-21;CERE02WT;DANA06RR;ENCR01WT;EW9405;EW9708;KN182L13;MGL0812;MRTN15WT;NEMO01MV;NEMO02MV;PASC01WT;PASC02WT;PHNX02MV;RAIT01WT;RAIT02WT;RAPA01WT;RC2607;SERA02WT;TN188;TN399;VNTR03WT,-104.29961662335828,9.936615118895157,,development (joins existing unit),lu05,Grid,AT50-21,,2146.3277398484083,420857059.0,48.0,60.03,48.0,sentry701_20240222_1710_rnv_tide_1.00x1.:ok; sentry701_20240222_1710_rnv_tide_1.00x1.:ok; sentry701_20240222_1710_rnv_tide_equal_1:ok; sentry702_20240224_1454_rnv_tide_1.00x1.:ok; sentry702_20240224_1454_rnv_tide_1.00x1.:ok; sentry702_20240224_1454_rnv_tide_equal_1:ok; sentry703_20240225_1414_rnv_tide_1.00x1.:ok; sentry703_20240225_1414_rnv_tide_1.00x1.:ok,"{""NC_GLOBAL#history"": ""mbgrid"", ""NC_GLOBAL#title"": ""Topography Grid""}",AT50-21,mgds_description,Pacific,"{""AII2L26"": 21.9, ""AT07L06"": 55.632, ""AT42-06"": 59.798, ""AT37-11"": 45.517, ""KN182L13"": 60.03, ""PASC01WT"": 48.348, ""AT26-10"": 25.217, ""AT07L04"": 27.191, ""TN399"": 53.838, ""NEMO02MV"": 57.313, ""RAIT02WT"": 13.243, ""MRTN15WT"": 56.11, ""AII2L25"": 35.377, ""ENCR01WT"": 31.756, ""AT11L26"": 0.465, ""AT11L07"": 39.978, ""RC2607"": 60.009, ""AT37-05"": 29.871, ""AT42-21"": 28.376, ""A125L39"": 43.457, ""AT03L33"": 24.351, ""MGL0812"": 60.03, ""AT07L26"": 20.233, ""AT18-12"": 55.593, ""RAIT01WT"": 26.01, ""TN188"": 57.617, ""A131L9"": 57.837, ""AT42-09"": 15.954, ""EW9405"": 27.934, ""PASC02WT"": 15.857, ""A125L24"": 26.06, ""CERE02WT"": 41.13, ""SERA02WT"": 43.712, ""PHNX02MV"": 17.002, ""A125L25"": 14.221, ""AT11L09"": 34.3, ""AT03L47"": 44.761, ""AT11L03"": 60.03, ""EW9708"": 37.99, ""NEMO01MV"": 27.948, ""AT37-12"": 41.015, ""RAPA01WT"": 25.882, ""AT15-16"": 38.853, ""AT15-41"": 7.987, ""DANA06RR"": 0.482, ""AT3L11"": 0.31, ""AT26-23"": 43.302, ""VNTR03WT"": 26.833, ""A131L11"": 32.257, ""AT03L29"": 59.306, ""AT3L10"": 21.798}",A125L24;A125L25;A125L39;A131L11;A131L9;AII2L25;AII2L26;AT03L29;AT03L33;AT03L47;AT07L04;AT07L06;AT07L26;AT11L03;AT11L07;AT11L09;AT15-16;AT15-41;AT18-12;AT26-10;AT26-23;AT37-05;AT37-11;AT37-12;AT3L10;AT42-06;AT42-09;AT42-21;CERE02WT;ENCR01WT;EW9405;EW9708;KN182L13;MGL0812;MRTN15WT;NEMO01MV;NEMO02MV;PASC01WT;PASC02WT;PHNX02MV;RAIT01WT;RAIT02WT;RAPA01WT;RC2607;SERA02WT;TN188;TN399;VNTR03WT,TN399,53.838,2146.9,verified,
MGDS:33081,R01,MGDS,"Processed Gridded Near-Bottom AUV Bathymetry Data (EM2040) from the Mariana Islands, acquired during E/V Nautilus expedi",10.60521/333081,"3700727,3700728,3700729,3700730,3700731,3700732,3700733,3700734,3700735,3700736,3700737,3700738,3700739,3700740,3700741",0.9996510118134646,,NA180,SUM1004,COOK22MV;SU10-1;SUM1004,148.13624844064398,7.9197349298915505,nu03,confirmatory,,Grid,NA180,,8900.94011021638,72064201.0,15.0,10.235,15.0,sentry806_20260728_0830_rnv_tide_1.00x1.:ok; sentry806_20260728_0830_rnv_tide_1.00x1.:ok; sentry806_20260728_0830_rnv_tide_equal_1:ok; sentry807_20260730_0329_rnv_tide_1.00x1.:ok; sentry807_20260730_0329_rnv_tide_1.00x1.:ok; sentry807_20260730_0329_rnv_tide_equal_1:ok; sentry807_rnv_tide_1.00x1.00_BV02.grd:ok; sentry807_rnv_tide_1.00x1.00_BV02_fleder:ok,"{""NC_GLOBAL#history"": ""mbgrid"", ""NC_GLOBAL#title"": ""Topography Grid""}",NA180,mgds_description,Pacific,"{""SU10-1"": 0.002, ""COOK22MV"": 0.002, ""SUM1004"": 0.002}",,,,,false_pair,no LR footprint overlaps the real HR footprint (best SUM1004: 0.002)
MGDS:33090,R01,MGDS,"Processed Gridded Near-Bottom AUV Bathymetry Data (EM2040) from the Mariana Islands, acquired during E/V Nautilus expedi",10.60521/333090,"3703905,3703906,3703907,3703908,3703909,3703910,3703911,3703912,3703913",0.9996736697808865,,NA179,SUM1004,EX1003;EX1005;KM1004;MGL1202;MGLN01MV;MV1301;PD20MT05;SR1906;SU10-1;SUM1004,148.5583272794885,16.529664991179324,nu03,confirmatory,,Grid,NA179,,8118.373222867202,102508016.0,9.0,16.937,9.0,sentry803_20260712_0546_rnv_tide_1.00x1.:ok; sentry803_20260712_0546_rnv_tide_1.00x1.:ok; sentry803_20260712_0546_rnv_tide_equal_1:ok; sentry804_20260716_0421_rnv_tide_1.00x1.:ok; sentry804_20260716_0421_rnv_tide_1.00x1.:ok; sentry804_20260716_0421_rnv_tide_equal_1:ok; sentry805_20260718_0509_rnv_tide_1.00x1.:ok; sentry805_20260718_0509_rnv_tide_1.00x1.:ok,"{""NC_GLOBAL#history"": ""mbgrid"", ""NC_GLOBAL#title"": ""Topography Grid""}",NA179,mgds_description,Pacific,"{""PD20MT05"": 3.411, ""SUM1004"": 13.527, ""MGLN01MV"": 0.016, ""SR1906"": 6.758, ""KM1004"": 6.758, ""EX1005"": 4.867, ""EX1003"": 0.224, ""MGL1202"": 6.758, ""SU10-1"": 13.527, ""MV1301"": 0.251}",EX1005;KM1004;MGL1202;PD20MT05;SR1906;SU10-1;SUM1004,SUM1004,13.527,8087.8,verified,
PANGAEA:884112,P4,PANGAEA,AUV MARUM-SEAL Dive 71-73: High resolution bathymetry and backscatter of Venere Mud Vulcano,10.1594/PANGAEA.884112,,,,,PANGAEA:892317,M112/1,17.03574,38.162105,pu00,development,,,,,9869.712601726922,60619445.0,1.0,0.0,0.0,/oak/stanford/groups/hilley/auv_ship_col:decompress_err:Invalid suffix '_unzipped,{},,unknown,,,,,,,no_elevation_raster,no readable float raster (renders/PDF only)
PANGAEA:889317,P4,PANGAEA,AUV MARUM-SEAL Dive 70: High Resolution Bathymetry and Backscatter of Chapopote Asphalt Volcano,10.1594/PANGAEA.889317,,,M114/1,,PANGAEA:864677,M114/1,-93.43526485344766,21.904843561252974,pu01,development,,,M114/1,,1752.2810979550602,466000.0,1.0,6.327,1.0,2015_M114_EM2040_AUV_D70_A2F1C7E10m.grd:ok,"{""NC_GLOBAL#history"": ""mbgrid"", ""NC_GLOBAL#title"": ""Topography Grid""}",M114/1,catalog,Gulf of Mexico/Caribbean,"{""M114/1"": null, ""PANGAEA:864677"": 6.327}",PANGAEA:864677,PANGAEA:864677,6.327,1750.9,verified,
PANGAEA:941403,P4,PANGAEA,"Multibeam bathymetry processed data (Reson SeaBat T50-S working area dataset) of AUV ABYSS during cruise AL532, East Sic",10.1594/PANGAEA.941403,,,AL532,,PANGAEA:922750,AL532;SO277,15.291,37.525,pu02,confirmatory,,,AL532,,9876.704697049057,,,,,,,,,,,,,,,hr_download_or_footprint_failed,503 Server Error: Service Unavailable for url: https://download.pangaea.de/dataset/941403/files/Abyss354-Mittelwert.tif
PANGAEA:958275,P4,PANGAEA,Multibeam bathymetry processed data (Reson SeaBat 7125 working area dataset) of AUV ABYSS during cruise with RV POSEIDON,10.1594/PANGAEA.958275,,2.0,POS510,,PANGAEA:994139,M215;MSM132,25.46891352412695,36.51656119297003,pu03,confirmatory,,,POS510,,10292.131406060056,32380546.0,1.0,46.177,1.0,Multibeam_bathymetry_processed_data_AUV_:ok,{},POS510,catalog,Mediterranean,"{""PANGAEA:994139"": 46.177, ""M215"": null, ""MSM132"": null}",PANGAEA:994139,PANGAEA:994139,46.177,10289.0,verified,
